,Age,Job,Marital_Status,Education,Annual_Income,Credit_Score,Account_Balance,Housing_Loan,Personal_Loan,Contacted_Before,Campaign_Count,Months_With_Bank,Subscribed
0,43,Self-Employed,Married,Not Graduate,1069085,741,50353,Yes,No,No,4,84,No
1,34,Services,Single,Graduate,278319,710,86208,No,No,No,7,73,No
2,55,Management,Married,Not Graduate,614943,746,0,Yes,Yes,Yes,3,1,No
3,46,Admin,Divorced,Graduate,234428,675,245948,No,No,No,3,175,No
4,49,Admin,Divorced,Graduate,553107,632,158872,No,No,Yes,3,51,No
5,60,Services,Married,Graduate,1361964,714,0,Yes,No,Yes,2,26,Yes
6,39,Admin,Single,Graduate,1042461,762,179145,Yes,No,No,1,66,No
7,41,Self-Employed,Single,Graduate,900434,759,0,Yes,No,Yes,4,233,Yes
8,49,Retired,Married,Not Graduate,436966,789,67551,No,No,Yes,2,132,Yes
9,35,Self-Employed,Married,Graduate,892424,738,78814,No,Yes,Yes,1,45,No
10,50,Management,Married,Graduate,321674,650,130449,No,Yes,No,2,29,No
11,35,Student,Married,Graduate,288842,644,134916,Yes,No,Yes,3,25,Yes
12,54,Technician,Single,Graduate,484300,677,196003,Yes,Yes,No,2,45,Yes
13,35,Self-Employed,Single,Not Graduate,321277,714,27840,No,No,Yes,3,71,Yes
14,38,Student,Married,Graduate,682701,728,114581,No,No,No,4,70,No
15,32,Technician,Married,Graduate,579938,597,83471,No,No,No,2,19,No
16,29,Unemployed,Single,Graduate,1339118,823,64258,Yes,Yes,No,5,67,No
17,57,Technician,Married,Graduate,543310,703,228466,No,No,No,2,57,Yes
18,38,Entrepreneur,Married,Graduate,498683,718,104096,Yes,No,Yes,2,80,No
19,39,Student,Divorced,Not Graduate,802631,634,87293,No,Yes,No,4,79,Yes
20,52,Admin,Married,Not Graduate,161496,660,205249,No,No,Yes,3,1,No
21,54,Unemployed,Married,Graduate,246255,701,49401,Yes,No,Yes,1,1,No
22,59,Retired,Single,Graduate,373250,623,52532,Yes,No,No,5,44,No
23,39,Admin,Married,Not Graduate,888987,703,166840,Yes,Yes,No,5,88,No
24,47,Technician,Married,Not Graduate,336838,715,107384,Yes,No,Yes,4,117,No
25,43,Management,Single,Graduate,410869,748,57172,No,No,No,3,1,No
26,50,Self-Employed,Married,Graduate,511506,689,72127,Yes,No,Yes,4,34,No
27,32,Admin,Single,Graduate,378466,721,146177,No,No,Yes,3,5,Yes
28,26,Self-Employed,Divorced,Graduate,362948,802,101008,No,No,Yes,5,47,Yes
29,51,Student,Married,Not Graduate,303643,714,0,No,No,No,2,63,Yes
30,28,Admin,Married,Graduate,541195,606,33393,No,No,No,3,80,Yes
31,33,Admin,Single,Graduate,452462,662,11137,No,No,No,4,164,No
32,47,Self-Employed,Divorced,Graduate,363854,774,167581,No,No,Yes,4,16,No
33,48,Unemployed,Single,Graduate,218475,690,83471,Yes,No,No,2,85,Yes
34,27,Admin,Divorced,Not Graduate,611584,714,83471,Yes,Yes,Yes,3,64,Yes
35,41,Student,Single,Not Graduate,556153,593,247670,No,No,Yes,5,191,No
36,33,Services,Married,Graduate,1058773,723,0,Yes,No,Yes,1,106,No
37,33,Admin,Married,Graduate,748506,661,0,No,No,No,2,22,No
38,41,Retired,Married,Graduate,1159513,728,73305,No,No,No,2,104,No
39,39,Technician,Married,Graduate,315030,783,190196,No,No,No,5,100,Yes
40,21,Services,Divorced,Graduate,836782,713,104051,No,No,Yes,7,81,Yes
41,27,Unemployed,Married,Graduate,823933,719,71199,No,No,Yes,5,33,Yes
42,34,Retired,Divorced,Not Graduate,391328,591,114648,Yes,No,No,1,29,No
43,43,Self-Employed,Married,Graduate,1103059,694,15973,No,No,No,1,92,No
44,41,Management,Single,Not Graduate,591708,761,66249,No,Yes,No,6,50,Yes
45,43,Entrepreneur,Married,Graduate,273639,773,49276,Yes,No,No,5,67,No
46,43,Retired,Married,Not Graduate,495442,671,15503,Yes,No,No,2,100,Yes
47,59,Unemployed,Married,Graduate,615837,850,0,Yes,No,No,6,81,No
48,61,Admin,Single,Not Graduate,736993,634,193574,Yes,Yes,No,2,60,No
49,44,Technician,Single,Graduate,380510,582,0,No,No,No,4,99,No
50,28,Services,Married,Graduate,290688,760,20090,No,No,No,5,96,No
51,53,Unemployed,Single,Graduate,409157,597,177371,Yes,No,No,4,105,No
52,46,Technician,Married,Graduate,517775,691,0,Yes,Yes,No,5,73,No
53,30,Technician,Single,Graduate,536637,607,0,No,Yes,Yes,6,103,No
54,37,Management,Married,Not Graduate,867411,595,66219,Yes,No,No,4,1,No
55,25,Unemployed,Married,Graduate,680562,753,43677,No,Yes,No,2,182,No
56,36,Services,Married,Graduate,618297,788,74312,No,No,Yes,3,55,No
57,32,Student,Married,Not Graduate,417143,741,105070,No,No,Yes,2,101,Yes
58,48,Technician,Single,Graduate,540935,690,170134,Yes,No,No,4,138,No
59,25,Student,Married,Not Graduate,218943,649,343120,No,No,Yes,3,111,Yes
60,54,Admin,Married,Graduate,1205762,776,278430,Yes,No,Yes,4,70,Yes
61,37,Retired,Single,Graduate,490667,697,155912,No,No,No,2,35,No
62,34,Entrepreneur,Single,Not Graduate,1176689,600,160567,Yes,No,No,1,53,No
63,29,Retired,Single,Graduate,917105,771,0,No,No,Yes,3,12,Yes
64,50,Management,Married,Graduate,448640,768,83471,No,No,No,4,11,No
65,46,Management,Divorced,Graduate,215700,688,0,No,No,No,5,1,No
66,51,Retired,Single,Graduate,213122,742,0,Yes,Yes,No,3,110,No
67,30,Technician,Single,Graduate,664829,794,208308,No,No,No,7,96,Yes
68,49,Admin,Married,Graduate,442844,645,0,Yes,Yes,No,3,131,No
69,33,Services,Single,Graduate,473035,620,172916,No,No,No,5,144,No
70,32,Self-Employed,Single,Graduate,481498,587,14208,Yes,Yes,Yes,2,87,Yes
71,53,Self-Employed,Single,Graduate,553107,702,0,No,Yes,Yes,3,137,Yes
72,30,Management,Married,Graduate,1280079,639,0,Yes,No,No,2,1,No
73,41,Admin,Single,Not Graduate,374664,697,35377,Yes,No,No,3,21,No
74,28,Unemployed,Single,Graduate,850262,587,93299,No,No,Yes,1,150,No
75,59,Self-Employed,Married,Graduate,417811,756,20748,Yes,No,Yes,2,58,Yes
76,53,Retired,Married,Not Graduate,682351,628,140420,No,No,Yes,3,128,No
77,41,Entrepreneur,Divorced,Graduate,786225,774,0,No,No,No,3,56,No
78,46,Admin,Single,Graduate,627063,809,78615,No,No,No,3,98,Yes
79,62,Admin,Married,Graduate,926875,689,119064,Yes,No,Yes,4,78,No
80,51,Technician,Married,Graduate,530179,568,109731,Yes,No,No,4,43,No
81,42,Technician,Married,Not Graduate,323845,709,116925,Yes,No,Yes,4,73,No
82,45,Admin,Married,Graduate,891306,668,122736,No,No,Yes,4,105,Yes
83,25,Unemployed,Single,Not Graduate,480881,709,0,Yes,No,Yes,2,1,Yes
84,31,Entrepreneur,Married,Graduate,989678,689,191516,Yes,No,No,5,67,Yes
85,34,Entrepreneur,Married,Graduate,332149,685,0,Yes,No,No,4,64,No
86,31,Technician,Single,Not Graduate,651964,624,92654,Yes,No,Yes,2,73,No
87,23,Student,Married,Graduate,325880,786,224597,Yes,Yes,No,6,17,Yes
88,48,Management,Married,Not Graduate,583042,719,78227,Yes,Yes,Yes,4,47,No
89,18,Retired,Married,Not Graduate,478927,689,32506,No,No,No,5,28,No
90,52,Unemployed,Married,Not Graduate,424091,704,42498,Yes,No,No,2,58,No
91,55,Admin,Divorced,Graduate,553107,661,85774,No,No,Yes,2,23,No
92,30,Entrepreneur,Married,Not Graduate,314194,740,93667,No,No,No,3,97,No
93,26,Self-Employed,Single,Not Graduate,758596,689,196951,Yes,No,No,2,105,No
94,41,Retired,Married,Not Graduate,743443,650,45769,Yes,No,No,3,131,No
95,38,Retired,Married,Graduate,684386,698,67273,No,No,No,5,73,Yes
96,39,Self-Employed,Married,Graduate,455930,622,196448,No,No,Yes,3,74,No
97,40,Admin,Single,Graduate,467808,823,115993,No,No,Yes,3,66,Yes
98,57,Self-Employed,Divorced,Graduate,1415249,650,309615,No,Yes,Yes,2,107,Yes
99,25,Services,Married,Graduate,671838,691,380719,No,No,No,2,71,No
100,37,Student,Married,Graduate,553107,705,110446,Yes,No,Yes,3,10,Yes
101,62,Self-Employed,Single,Graduate,887262,734,62533,Yes,No,Yes,7,1,Yes
102,44,Retired,Married,Graduate,262727,725,203813,Yes,No,Yes,3,14,Yes
103,31,Self-Employed,Single,Graduate,855124,649,92202,Yes,Yes,No,2,69,No
104,23,Admin,Married,Graduate,749332,620,0,No,Yes,Yes,7,167,No
105,28,Services,Divorced,Graduate,554143,751,76750,No,No,Yes,1,21,No
106,40,Unemployed,Single,Graduate,357833,684,115500,No,No,Yes,3,25,No
107,57,Student,Married,Graduate,420003,682,0,No,No,No,2,80,Yes
108,31,Admin,Married,Not Graduate,1059943,553,100179,Yes,No,Yes,6,96,No
109,31,Admin,Single,Graduate,324227,781,35778,No,No,Yes,6,73,No
110,45,Admin,Single,Not Graduate,388141,625,0,No,No,No,3,92,Yes
111,58,Admin,Married,Not Graduate,1775913,736,101829,No,No,Yes,2,88,Yes
112,52,Unemployed,Married,Not Graduate,612630,674,5356,Yes,No,No,5,71,No
113,54,Technician,Married,Graduate,640094,661,7287,Yes,Yes,Yes,5,57,No
114,39,Entrepreneur,Married,Not Graduate,258223,689,113190,Yes,No,No,2,144,Yes
115,47,Entrepreneur,Single,Graduate,458851,756,55055,Yes,No,No,4,75,No
116,41,Self-Employed,Married,Graduate,294951,599,24922,Yes,Yes,No,4,115,No
117,49,Unemployed,Divorced,Graduate,463806,786,163274,No,No,Yes,6,89,Yes
118,40,Services,Divorced,Not Graduate,275949,536,0,No,No,No,7,49,No
119,51,Self-Employed,Married,Not Graduate,520949,634,216422,No,No,Yes,1,102,Yes
120,40,Admin,Married,Graduate,241617,776,246685,No,Yes,No,2,158,Yes
121,52,Self-Employed,Divorced,Graduate,977826,679,120511,Yes,Yes,No,3,152,Yes
122,27,Self-Employed,Married,Graduate,931665,621,82161,No,No,No,6,100,No
123,26,Unemployed,Married,Not Graduate,1116307,658,146873,Yes,No,No,4,53,Yes
124,58,Student,Married,Graduate,475418,653,18570,Yes,No,No,4,108,No
125,43,Services,Married,Graduate,830916,658,202308,Yes,No,Yes,3,87,No
126,42,Self-Employed,Divorced,Not Graduate,660696,695,72719,No,No,Yes,6,130,Yes
127,41,Unemployed,Single,Not Graduate,490372,639,105719,No,No,Yes,1,70,Yes
128,43,Services,Married,Graduate,607120,671,22037,No,Yes,No,2,108,Yes
129,44,Self-Employed,Married,Graduate,713486,666,0,Yes,No,Yes,5,73,No
130,53,Services,Married,Not Graduate,612122,585,0,No,No,No,3,73,No
131,72,Self-Employed,Married,Not Graduate,531683,780,128950,Yes,Yes,Yes,2,45,No
132,48,Admin,Married,Graduate,659383,706,114999,Yes,No,No,7,85,No
133,28,Retired,Married,Graduate,571158,662,76704,No,No,No,2,191,No
134,48,Admin,Married,Graduate,476320,729,0,Yes,Yes,No,2,151,No
135,26,Admin,Married,Graduate,772327,742,0,Yes,No,Yes,4,15,Yes
136,19,Management,Married,Graduate,545021,735,2600,Yes,No,No,4,171,No
137,43,Unemployed,Married,Graduate,1627804,681,240653,No,No,No,4,38,No
138,32,Services,Married,Graduate,1160036,692,8972,Yes,No,Yes,3,143,Yes
139,31,Services,Married,Graduate,716941,681,183291,Yes,Yes,Yes,3,16,Yes
140,28,Entrepreneur,Married,Graduate,1141511,592,182518,No,No,Yes,2,88,No
141,33,Retired,Married,Graduate,298286,814,140116,No,No,No,4,92,Yes
142,18,Entrepreneur,Married,Graduate,494245,613,112597,Yes,No,No,5,27,No
143,31,Retired,Single,Graduate,553107,776,62879,Yes,No,No,5,73,Yes
144,57,Unemployed,Single,Graduate,1011678,760,56250,No,No,No,1,72,No
145,28,Self-Employed,Single,Graduate,769836,702,18548,No,No,No,2,78,No
146,29,Retired,Single,Not Graduate,722327,666,78616,Yes,No,No,6,12,Yes
147,34,Retired,Single,Graduate,141999,676,74616,Yes,Yes,No,3,52,No
148,74,Management,Married,Not Graduate,474000,572,273026,No,Yes,No,4,154,No
149,18,Services,Single,Not Graduate,1231401,818,187717,Yes,Yes,No,4,224,Yes
150,27,Services,Married,Graduate,454543,672,88193,No,No,No,4,78,Yes
151,35,Management,Married,Graduate,435392,751,105828,Yes,No,No,3,69,No
152,18,Technician,Single,Graduate,856107,689,179030,Yes,No,Yes,2,115,Yes
153,45,Entrepreneur,Single,Graduate,540779,693,73080,Yes,No,Yes,2,95,Yes
154,41,Admin,Married,Not Graduate,543177,736,115734,Yes,No,No,3,106,No
155,26,Self-Employed,Married,Graduate,400072,613,0,No,No,No,2,1,No
156,55,Student,Married,Graduate,318226,719,215495,Yes,Yes,No,3,1,Yes
157,47,Student,Single,Not Graduate,449387,679,244260,Yes,Yes,No,7,42,Yes
158,32,Technician,Married,Graduate,636747,819,131565,No,No,Yes,1,86,Yes
159,48,Technician,Married,Not Graduate,903533,646,181211,Yes,No,No,4,28,No
160,26,Management,Married,Graduate,558134,630,144567,No,No,Yes,5,52,Yes
161,36,Retired,Divorced,Graduate,329740,689,119450,Yes,No,Yes,3,98,Yes
162,37,Student,Married,Graduate,1272022,571,143724,Yes,Yes,No,7,87,No
163,34,Student,Single,Graduate,137141,686,14144,Yes,No,No,3,88,No
164,36,Entrepreneur,Married,Graduate,1103896,697,144005,No,No,No,3,3,No
165,51,Entrepreneur,Married,Graduate,183635,713,0,No,No,No,4,111,Yes
166,28,Retired,Married,Graduate,514988,724,329007,Yes,No,No,2,79,Yes
167,46,Services,Married,Graduate,998338,752,0,Yes,No,Yes,1,1,Yes
168,29,Admin,Single,Not Graduate,1423230,689,28323,Yes,No,No,1,113,No
169,48,Management,Single,Not Graduate,393977,647,24559,No,No,Yes,3,83,No
170,50,Unemployed,Single,Graduate,1275204,668,243908,Yes,No,No,1,75,Yes
171,45,Technician,Married,Graduate,800014,752,72318,Yes,No,No,5,1,Yes
172,43,Retired,Single,Graduate,344490,699,0,Yes,No,Yes,3,119,Yes
173,47,Technician,Married,Graduate,1161643,664,192503,Yes,No,No,4,160,Yes
174,40,Unemployed,Married,Graduate,599709,699,201111,No,No,No,5,80,Yes
175,45,Admin,Married,Graduate,1094452,666,90739,No,Yes,Yes,2,100,No
176,42,Retired,Married,Graduate,1107366,669,0,Yes,No,Yes,2,75,Yes
177,61,Entrepreneur,Married,Not Graduate,444679,760,65717,Yes,No,No,2,90,No
178,37,Technician,Single,Not Graduate,398336,671,102549,No,No,Yes,1,85,Yes
179,28,Services,Married,Graduate,816381,614,0,No,No,No,2,64,No
180,30,Retired,Single,Graduate,2175529,584,83706,Yes,No,No,2,83,Yes
181,35,Self-Employed,Married,Not Graduate,373844,812,130290,No,No,No,1,109,No
182,51,Self-Employed,Married,Not Graduate,600092,727,0,No,No,No,4,91,No
183,51,Unemployed,Divorced,Graduate,473229,816,110483,No,No,No,2,77,Yes
184,42,Admin,Married,Graduate,210781,752,204698,Yes,Yes,No,7,83,No
185,33,Entrepreneur,Single,Graduate,798212,643,83471,No,No,No,1,149,Yes
186,29,Retired,Single,Graduate,806368,729,49940,No,No,No,1,103,No
187,27,Services,Married,Graduate,1072349,655,134669,Yes,Yes,No,5,192,No
188,39,Student,Married,Graduate,1179418,635,101352,No,No,No,3,78,No
189,26,Admin,Married,Graduate,226039,689,20889,Yes,No,Yes,2,76,Yes
190,33,Services,Married,Graduate,615422,645,221472,No,No,No,3,20,No
191,66,Technician,Married,Not Graduate,889385,820,92659,Yes,Yes,No,2,48,No
192,66,Management,Single,Graduate,285503,743,0,Yes,No,No,5,118,No
193,46,Management,Married,Graduate,476302,590,98255,No,No,No,3,89,No
194,52,Retired,Married,Graduate,740912,665,64668,Yes,No,No,4,1,No
195,24,Technician,Divorced,Graduate,600604,661,312978,No,No,No,5,57,Yes
196,51,Admin,Married,Graduate,480856,802,0,No,No,No,1,24,No
197,38,Retired,Married,Graduate,220603,662,79805,No,No,No,4,85,No
198,18,Management,Married,Graduate,906054,735,1966,Yes,Yes,Yes,4,47,No
199,34,Management,Single,Not Graduate,850302,779,21885,No,No,No,1,74,No
200,40,Entrepreneur,Married,Graduate,420656,647,234695,No,No,Yes,1,78,No
201,33,Unemployed,Single,Graduate,256747,770,94458,Yes,No,No,3,129,Yes
202,39,Technician,Single,Graduate,538960,730,248118,Yes,No,No,3,21,Yes
203,38,Services,Married,Not Graduate,533844,710,243774,Yes,No,Yes,7,40,No
204,25,Technician,Married,Graduate,286702,467,83471,No,No,No,4,97,No
205,33,Technician,Married,Graduate,553107,673,82474,No,Yes,Yes,3,128,Yes
206,38,Student,Married,Graduate,1073878,767,104027,Yes,No,Yes,1,128,No
207,33,Admin,Single,Graduate,644864,749,113172,No,No,No,4,55,Yes
208,18,Student,Married,Graduate,329177,582,174284,No,No,No,3,16,No
209,22,Entrepreneur,Single,Graduate,374031,658,246247,No,Yes,No,8,55,No
210,18,Management,Divorced,Not Graduate,763831,771,83471,No,No,No,5,18,No
211,42,Self-Employed,Married,Graduate,402655,674,42826,No,No,No,3,114,No
212,33,Retired,Married,Graduate,213821,814,47330,No,No,No,2,80,Yes
213,39,Entrepreneur,Single,Not Graduate,1477410,671,157431,No,No,No,5,15,Yes
214,29,Student,Single,Graduate,1732569,700,187549,No,No,Yes,1,32,No
215,48,Student,Married,Graduate,439158,618,85231,No,No,Yes,4,109,No
216,30,Technician,Married,Graduate,1167616,719,30956,No,No,No,1,12,No
217,20,Management,Single,Not Graduate,819781,714,169784,No,No,No,3,50,No
218,45,Management,Single,Graduate,651892,706,82813,No,No,Yes,3,1,Yes
219,30,Technician,Married,Graduate,500143,673,279471,No,No,No,3,20,No
220,56,Unemployed,Single,Graduate,373488,661,163083,No,No,Yes,3,8,Yes
221,39,Technician,Married,Graduate,456774,511,0,Yes,No,Yes,5,141,No
222,39,Self-Employed,Married,Graduate,534535,743,237046,No,No,No,2,98,Yes
223,32,Technician,Married,Graduate,338807,709,262682,Yes,No,Yes,6,48,Yes
224,51,Entrepreneur,Married,Graduate,747465,712,29170,Yes,No,No,7,69,Yes
225,38,Admin,Married,Not Graduate,638909,668,191651,Yes,No,No,3,20,No
226,52,Retired,Divorced,Not Graduate,381589,648,46717,No,Yes,Yes,3,49,No
227,35,Self-Employed,Single,Not Graduate,822648,822,0,No,No,Yes,3,162,Yes
228,28,Entrepreneur,Single,Not Graduate,625678,681,140255,No,Yes,No,2,159,No
229,44,Unemployed,Married,Graduate,414828,695,37588,No,No,No,1,58,No
230,36,Admin,Single,Not Graduate,701031,745,0,Yes,No,No,2,25,No
231,25,Retired,Married,Not Graduate,750612,514,9990,Yes,No,No,6,51,No
232,37,Unemployed,Divorced,Not Graduate,1052403,720,46412,No,No,No,2,39,No
233,43,Entrepreneur,Married,Graduate,1808681,822,27010,No,No,No,3,5,No
234,21,Unemployed,Single,Graduate,581718,770,0,No,No,No,2,1,Yes
235,30,Retired,Single,Not Graduate,350110,622,84100,Yes,Yes,No,4,122,Yes
236,42,Unemployed,Divorced,Graduate,383158,792,166643,Yes,No,No,2,1,Yes
237,25,Management,Divorced,Not Graduate,553107,755,114522,No,No,No,4,3,Yes
238,37,Admin,Single,Graduate,528279,689,8851,Yes,Yes,No,2,49,No
239,39,Admin,Married,Graduate,781863,659,146010,Yes,No,No,1,83,Yes
240,44,Retired,Married,Not Graduate,553107,729,131702,No,No,No,2,39,No
241,43,Services,Married,Graduate,299891,775,274375,No,No,No,3,57,No
242,39,Retired,Married,Graduate,553107,668,180964,Yes,No,Yes,2,69,No
243,51,Self-Employed,Married,Graduate,1042735,689,26470,No,Yes,No,2,41,Yes
244,28,Technician,Married,Not Graduate,653872,613,84246,Yes,No,No,6,47,No
245,25,Unemployed,Single,Graduate,884220,624,62344,Yes,No,No,3,126,No
246,52,Self-Employed,Single,Graduate,506970,733,235018,No,No,No,5,161,Yes
247,55,Admin,Married,Graduate,1011499,629,169394,No,No,No,2,96,Yes
248,55,Student,Married,Graduate,571360,632,101590,Yes,No,Yes,2,23,Yes
249,43,Retired,Divorced,Graduate,349944,645,122720,No,No,No,1,84,Yes
250,57,Entrepreneur,Married,Graduate,661670,726,92029,Yes,Yes,No,5,-5,Yes
251,39,Retired,Married,Not Graduate,461295,670,0,Yes,No,No,4,73,No
252,54,Services,Married,Graduate,772019,738,0,Yes,No,No,3,59,No
253,41,Self-Employed,Single,Graduate,553107,719,0,No,No,No,4,113,No
254,18,Technician,Married,Not Graduate,902470,561,0,Yes,No,No,1,124,No
255,50,Entrepreneur,Single,Graduate,341637,643,209789,No,No,Yes,2,1,Yes
256,52,Retired,Married,Not Graduate,347125,613,0,Yes,No,No,2,1,No
257,36,Entrepreneur,Married,Graduate,556817,793,166844,No,No,No,5,91,Yes
258,48,Technician,Married,Graduate,324294,734,104380,No,Yes,No,4,58,No
259,37,Entrepreneur,Divorced,Not Graduate,537197,736,29743,Yes,No,No,2,75,No
260,44,Retired,Married,Graduate,418681,753,134618,Yes,No,Yes,3,1,No
261,54,Self-Employed,Single,Graduate,458611,632,79056,Yes,No,No,4,67,Yes
262,34,Technician,Divorced,Graduate,359551,639,205255,Yes,No,No,1,163,Yes
263,55,Entrepreneur,Married,Not Graduate,750174,624,57923,No,No,Yes,3,117,No
264,27,Retired,Married,Not Graduate,345625,800,27976,Yes,Yes,No,2,1,Yes
265,45,Unemployed,Single,Graduate,475967,738,178834,No,Yes,No,7,93,No
266,29,Technician,Single,Not Graduate,316904,770,83471,No,No,No,2,173,Yes
267,45,Management,Married,Not Graduate,438506,714,30848,Yes,No,Yes,3,50,No
268,47,Student,Married,Not Graduate,748044,689,0,Yes,No,No,6,102,Yes
269,49,Self-Employed,Married,Not Graduate,484783,757,209599,No,No,No,1,102,Yes
270,49,Self-Employed,Married,Graduate,356106,721,24812,Yes,Yes,Yes,4,78,Yes
271,28,Admin,Married,Graduate,876394,597,44717,Yes,No,No,4,1,No
272,41,Technician,Married,Not Graduate,356320,692,11107,Yes,Yes,No,2,1,No
273,29,Management,Married,Graduate,336682,741,251918,No,No,Yes,2,73,No
274,40,Entrepreneur,Single,Graduate,209726,710,159008,Yes,No,No,3,51,No
275,29,Entrepreneur,Married,Graduate,555999,649,99339,Yes,No,No,4,1,No
276,34,Entrepreneur,Single,Graduate,246118,752,201871,No,No,Yes,1,148,Yes
277,63,Retired,Single,Not Graduate,317919,661,0,Yes,No,No,2,46,No
278,18,Unemployed,Single,Not Graduate,1134701,633,71475,Yes,No,No,6,63,No
279,35,Services,Single,Graduate,285072,754,112284,Yes,No,No,4,51,No
280,46,Retired,Married,Not Graduate,1300472,740,169897,No,Yes,No,2,87,Yes
281,31,Management,Single,Graduate,739379,800,0,Yes,No,Yes,5,139,Yes
282,36,Retired,Divorced,Graduate,403388,721,83471,Yes,No,Yes,5,73,Yes
283,35,Management,Single,Graduate,340956,645,50974,Yes,No,Yes,2,127,No
284,57,Self-Employed,Divorced,Graduate,652350,724,38052,Yes,No,No,6,111,No
285,29,Management,Single,Graduate,498057,675,13852,No,No,No,4,27,No
286,50,Self-Employed,Married,Graduate,263109,623,86729,No,No,Yes,4,53,No
287,41,Services,Married,Graduate,472534,669,0,No,No,Yes,3,179,Yes
288,40,Admin,Single,Graduate,335326,654,0,No,No,No,4,141,No
289,41,Admin,Married,Graduate,516772,787,91352,Yes,No,No,3,1,Yes
290,35,Technician,Married,Not Graduate,627061,649,139191,No,No,No,6,1,No
291,40,Retired,Single,Graduate,709662,772,88479,Yes,No,No,7,132,Yes
292,50,Services,Single,Not Graduate,546832,593,0,No,No,No,1,62,No
293,29,Self-Employed,Divorced,Graduate,179289,662,124906,No,No,No,7,73,No
294,31,Technician,Married,Graduate,504166,736,23234,No,No,Yes,6,52,No
295,42,Admin,Married,Graduate,393975,705,137318,No,No,No,4,85,No
296,29,Retired,Married,Not Graduate,610039,773,110080,Yes,No,No,2,1,Yes
297,45,Student,Single,Not Graduate,1182441,717,60747,No,No,No,6,56,No
298,56,Unemployed,Married,Graduate,1410368,603,7834,Yes,Yes,No,2,85,No
299,46,Unemployed,Married,Graduate,449444,636,0,No,No,No,2,79,No
300,43,Admin,Divorced,Graduate,1154885,720,282004,Yes,Yes,Yes,2,41,Yes
301,18,Technician,Married,Not Graduate,480326,709,63051,Yes,Yes,No,4,134,No
302,43,Self-Employed,Divorced,Not Graduate,230235,679,56819,Yes,No,No,3,68,No
303,29,Management,Married,Graduate,901652,805,28316,No,Yes,No,3,147,Yes
304,48,Management,Married,Graduate,2114460,747,95876,No,No,No,3,76,Yes
305,33,Entrepreneur,Married,Not Graduate,1308493,656,182301,No,No,No,2,61,No
306,18,Unemployed,Married,Graduate,1481449,823,83471,No,No,Yes,6,77,Yes
307,52,Management,Married,Graduate,790529,724,162162,No,No,Yes,2,44,No
308,51,Self-Employed,Single,Not Graduate,870001,701,0,No,No,No,2,128,No
309,40,Student,Divorced,Graduate,359055,607,0,Yes,No,No,3,126,No
310,46,Entrepreneur,Married,Not Graduate,937959,689,215739,Yes,No,No,4,135,Yes
311,41,Technician,Married,Not Graduate,459686,756,93848,Yes,No,No,3,61,Yes
312,46,Entrepreneur,Divorced,Not Graduate,1405700,587,205865,No,Yes,No,3,21,No
313,33,Self-Employed,Married,Graduate,1047857,646,84204,No,Yes,Yes,3,188,Yes
314,31,Entrepreneur,Married,Graduate,286452,663,64016,No,No,No,4,126,No
315,59,Student,Married,Graduate,198954,673,20053,Yes,Yes,Yes,2,108,No
316,18,Technician,Married,Graduate,713305,658,160181,Yes,No,No,2,151,No
317,41,Retired,Divorced,Not Graduate,378095,701,111226,Yes,No,Yes,4,108,No
318,51,Services,Single,Graduate,530898,711,0,No,No,No,3,83,No
319,40,Student,Divorced,Not Graduate,1078148,676,0,Yes,No,No,5,66,No
320,36,Unemployed,Married,Graduate,606887,748,122800,No,Yes,No,1,74,Yes
321,56,Admin,Single,Graduate,754341,685,64729,Yes,No,No,3,43,No
322,49,Self-Employed,Single,Graduate,435814,675,129769,Yes,No,No,2,54,No
323,45,Entrepreneur,Single,Graduate,509229,684,127160,No,No,No,5,158,No
324,44,Technician,Married,Graduate,545426,648,104228,Yes,No,No,3,146,No
325,39,Admin,Married,Graduate,884428,728,187512,No,No,Yes,2,63,No
326,49,Services,Single,Not Graduate,801694,690,86422,Yes,No,Yes,2,112,Yes
327,48,Admin,Married,Graduate,454581,492,112363,Yes,No,Yes,1,57,No
328,34,Self-Employed,Divorced,Graduate,154518,710,170773,No,No,No,5,172,Yes
329,41,Services,Married,Graduate,348952,717,69343,No,No,No,4,58,Yes
330,20,Retired,Single,Graduate,491254,691,57390,Yes,No,No,3,2,Yes
331,44,Management,Married,Graduate,340409,684,165019,No,Yes,No,5,77,Yes
332,21,Services,Divorced,Graduate,722332,524,182828,No,No,No,1,17,No
333,30,Services,Married,Graduate,382838,709,149078,No,No,No,4,1,No
334,38,Student,Single,Not Graduate,333752,684,70837,No,No,No,5,123,No
335,64,Self-Employed,Married,Not Graduate,1575674,735,99987,No,No,No,3,55,No
336,29,Services,Single,Not Graduate,559742,650,72227,No,Yes,Yes,1,63,No
337,46,Services,Single,Graduate,444874,651,79020,Yes,No,Yes,3,192,No
338,41,Entrepreneur,Married,Graduate,292778,658,104413,Yes,Yes,No,5,68,No
339,38,Unemployed,Married,Not Graduate,705864,689,139473,Yes,No,No,1,84,No
340,37,Unemployed,Married,Not Graduate,916744,716,85159,Yes,No,Yes,3,19,No
341,34,Entrepreneur,Married,Not Graduate,598546,745,83471,Yes,No,No,1,95,Yes
342,27,Admin,Single,Not Graduate,230358,708,96582,No,No,No,2,1,No
343,39,Unemployed,Single,Graduate,492984,647,83471,Yes,No,No,3,109,Yes
344,27,Admin,Married,Graduate,403766,690,157897,No,No,No,9,24,No
345,42,Student,Married,Not Graduate,995421,610,83471,Yes,No,No,4,48,No
346,56,Retired,Married,Not Graduate,347148,754,85888,Yes,No,Yes,4,43,Yes
347,43,Management,Married,Graduate,619452,729,131529,Yes,No,No,3,78,No
348,42,Unemployed,Married,Graduate,704860,783,236631,Yes,No,No,5,93,No
349,25,Services,Single,Graduate,622419,622,11249,Yes,No,No,1,95,No
350,30,Entrepreneur,Married,Graduate,771482,747,0,No,No,No,2,57,Yes
351,43,Student,Married,Graduate,371774,699,94825,No,No,Yes,5,1,No
352,57,Unemployed,Married,Graduate,704981,697,50110,No,No,No,6,36,No
353,26,Admin,Single,Graduate,884091,819,34847,Yes,No,No,3,148,No
354,39,Admin,Married,Graduate,572019,662,186272,Yes,No,No,3,93,Yes
355,66,Self-Employed,Married,Not Graduate,521695,748,253337,Yes,No,No,4,1,No
356,45,Self-Employed,Married,Graduate,394646,664,0,No,Yes,No,3,116,No
357,38,Technician,Married,Not Graduate,403731,671,4474,No,No,No,1,131,No
358,47,Management,Married,Graduate,400462,639,116501,No,Yes,No,2,57,No
359,30,Retired,Divorced,Graduate,425906,689,0,Yes,No,No,6,84,No
360,36,Services,Married,Graduate,632993,601,0,Yes,No,No,3,63,No
361,35,Unemployed,Divorced,Graduate,317923,602,45779,No,No,Yes,4,109,No
362,52,Student,Married,Graduate,610861,567,71230,No,Yes,No,2,115,No
363,42,Technician,Single,Not Graduate,1135687,687,0,Yes,No,No,2,52,No
364,59,Technician,Married,Graduate,471642,813,122812,Yes,No,Yes,1,67,Yes
365,20,Technician,Single,Graduate,641736,683,0,No,No,No,3,181,No
366,45,Entrepreneur,Married,Not Graduate,860847,724,130756,No,No,No,6,114,Yes
367,38,Entrepreneur,Single,Graduate,618617,731,95443,Yes,No,No,5,1,Yes
368,51,Unemployed,Married,Graduate,894132,670,383895,Yes,No,No,1,83,No
369,39,Self-Employed,Married,Graduate,556172,670,40667,No,No,No,4,178,Yes
370,38,Entrepreneur,Married,Not Graduate,789403,683,330343,Yes,No,No,4,42,No
371,46,Services,Married,Graduate,483799,738,70166,No,No,No,2,131,Yes
372,42,Management,Married,Graduate,623001,552,67332,Yes,No,Yes,3,42,No
373,51,Self-Employed,Single,Graduate,497172,720,83471,Yes,No,No,1,35,No
374,30,Retired,Married,Graduate,833774,689,83471,No,Yes,Yes,2,126,Yes
375,44,Technician,Married,Graduate,558598,632,4933,Yes,Yes,No,2,24,No
376,33,Admin,Married,Graduate,391108,717,52163,Yes,Yes,No,3,20,No
377,22,Admin,Single,Graduate,566326,774,288612,Yes,Yes,No,5,1,Yes
378,30,Entrepreneur,Divorced,Graduate,519087,629,123594,Yes,No,No,3,121,No
379,38,Entrepreneur,Married,Not Graduate,1477078,721,142369,No,No,No,3,1,No
380,60,Self-Employed,Married,Graduate,208356,658,53678,No,No,No,3,51,No
381,48,Services,Married,Not Graduate,1296806,696,135101,Yes,No,Yes,4,33,No
382,43,Services,Married,Graduate,882116,613,85906,Yes,Yes,No,2,58,No
383,36,Admin,Married,Graduate,1291123,592,37405,No,No,Yes,1,112,No
384,27,Student,Married,Graduate,174121,712,105307,No,No,Yes,5,102,No
385,44,Technician,Married,Graduate,514054,701,20405,No,No,No,2,45,No
386,39,Unemployed,Single,Graduate,587593,712,73949,No,No,No,4,100,No
387,33,Unemployed,Single,Graduate,678169,703,146322,No,Yes,Yes,4,47,Yes
388,53,Entrepreneur,Single,Graduate,711948,628,112081,No,No,Yes,3,52,No
389,35,Student,Married,Graduate,339915,651,199877,Yes,No,No,4,88,No
390,42,Student,Single,Graduate,989122,741,141108,Yes,No,No,3,76,No
391,35,Retired,Married,Not Graduate,329681,821,200490,Yes,No,No,1,180,Yes
392,34,Self-Employed,Married,Not Graduate,641835,689,83471,Yes,No,No,3,93,No
393,36,Retired,Married,Not Graduate,339899,585,25024,No,No,Yes,3,97,No
394,43,Self-Employed,Married,Graduate,925015,707,144059,Yes,No,No,3,65,Yes
395,47,Admin,Married,Graduate,1223343,629,11848,No,No,No,4,64,No
396,36,Student,Married,Graduate,404281,703,0,Yes,No,No,3,88,No
397,46,Management,Married,Graduate,350840,715,112727,No,No,No,5,33,Yes
398,27,Services,Divorced,Graduate,1364212,750,30481,No,No,No,1,141,Yes
399,63,Entrepreneur,Married,Graduate,491593,706,228096,No,Yes,No,7,63,Yes
400,49,Technician,Married,Graduate,371160,669,225619,Yes,No,Yes,4,53,No
401,49,Self-Employed,Married,Graduate,531365,668,47694,No,No,No,2,72,No
402,24,Technician,Single,Graduate,1244457,759,313797,Yes,No,No,4,89,No
403,40,Technician,Single,Graduate,120000,639,156890,No,No,Yes,1,112,No
404,58,Management,Single,Not Graduate,563897,711,0,No,No,Yes,1,23,No
405,18,Unemployed,Single,Graduate,587234,825,0,No,No,No,2,86,No
406,40,Services,Married,Graduate,984802,798,58824,No,No,No,2,13,Yes
407,25,Admin,Married,Not Graduate,655454,638,0,No,No,No,4,144,No
408,45,Management,Divorced,Graduate,783747,815,165087,No,No,Yes,3,144,Yes
409,35,Unemployed,Single,Graduate,276767,804,143821,No,No,No,2,54,Yes
410,48,Retired,Single,Graduate,1254688,723,64344,No,No,No,3,83,No
411,51,Services,Married,Not Graduate,787881,691,26193,Yes,No,No,7,40,No
412,37,Technician,Married,Graduate,269790,770,151533,No,No,Yes,10,88,Yes
413,20,Student,Married,Not Graduate,679303,805,24403,Yes,No,No,3,70,No
414,45,Admin,Married,Graduate,394491,689,129411,No,No,No,2,14,Yes
415,49,Technician,Married,Not Graduate,391743,669,0,No,No,Yes,6,106,No
416,36,Self-Employed,Married,Graduate,952843,646,0,No,No,No,5,71,No
417,30,Admin,Single,Graduate,292795,583,209680,No,No,No,3,29,Yes
418,48,Services,Married,Not Graduate,327333,666,58892,No,No,No,1,105,No
419,60,Student,Single,Graduate,666286,748,293472,Yes,No,Yes,4,137,Yes
420,32,Entrepreneur,Divorced,Not Graduate,1162145,598,50676,No,No,No,3,65,No
421,45,Self-Employed,Single,Not Graduate,1097443,627,183479,No,No,Yes,2,42,Yes
422,60,Self-Employed,Married,Graduate,553107,676,96218,No,Yes,No,3,99,Yes
423,31,Admin,Married,Graduate,318474,693,28717,Yes,No,Yes,5,9,Yes
424,48,Unemployed,Married,Not Graduate,332256,607,163179,Yes,No,Yes,3,48,No
425,54,Management,Married,Graduate,189154,689,157860,No,Yes,No,6,35,No
426,39,Technician,Single,Not Graduate,497334,734,0,No,No,No,2,63,Yes
427,45,Entrepreneur,Married,Not Graduate,551188,700,46499,Yes,Yes,Yes,3,34,Yes
428,18,Entrepreneur,Married,Graduate,1358557,731,122701,No,No,No,3,104,Yes
429,25,Management,Single,Graduate,298489,730,138871,No,Yes,No,1,73,No
430,49,Retired,Single,Graduate,918245,716,98082,No,No,No,6,34,Yes
431,43,Admin,Married,Graduate,1126466,669,57889,Yes,Yes,Yes,2,126,No
432,31,Retired,Divorced,Graduate,372582,667,29092,No,Yes,Yes,5,33,Yes
433,63,Entrepreneur,Married,Not Graduate,417060,681,7484,No,No,No,3,65,No
434,45,Admin,Married,Not Graduate,458628,584,106701,Yes,No,Yes,3,17,No
435,30,Retired,Married,Not Graduate,682313,698,0,No,No,No,4,36,Yes
436,18,Services,Married,Graduate,286099,627,0,Yes,Yes,No,4,42,No
437,31,Unemployed,Married,Graduate,363009,637,153475,Yes,No,No,5,43,No
438,52,Technician,Married,Not Graduate,566646,589,39266,No,No,No,2,88,No
439,54,Admin,Married,Graduate,744545,683,0,No,No,No,3,171,Yes
440,40,Services,Married,Graduate,553107,822,217019,Yes,No,Yes,3,66,Yes
441,40,Management,Divorced,Graduate,824057,691,45882,Yes,No,No,3,124,Yes
442,40,Entrepreneur,Single,Not Graduate,423663,633,0,No,No,Yes,6,100,Yes
443,43,Unemployed,Married,Graduate,780201,769,137121,Yes,Yes,No,3,103,No
444,65,Retired,Single,Graduate,311214,710,93013,Yes,Yes,Yes,4,101,Yes
445,26,Admin,Married,Graduate,610963,659,182808,Yes,No,No,3,72,No
446,23,Student,Married,Graduate,476068,687,105757,Yes,Yes,No,3,97,No
447,33,Unemployed,Married,Not Graduate,612667,715,206357,Yes,Yes,No,2,32,Yes
448,25,Services,Divorced,Graduate,457586,548,33471,No,No,No,2,1,No
449,32,Technician,Married,Graduate,564551,632,15244,Yes,No,No,6,140,No
450,18,Services,Married,Graduate,941283,747,27324,No,No,No,3,54,Yes
451,39,Management,Married,Graduate,409372,602,76898,No,No,No,4,63,No
452,46,Student,Married,Graduate,886620,667,258614,Yes,No,No,2,105,No
453,27,Admin,Married,Graduate,402286,614,0,No,Yes,No,3,91,No
454,52,Technician,Divorced,Graduate,781499,680,169493,No,Yes,No,4,92,No
455,35,Services,Single,Graduate,245993,682,0,Yes,Yes,Yes,2,58,No
456,35,Unemployed,Married,Not Graduate,627372,692,164231,Yes,No,No,2,93,No
457,47,Retired,Single,Graduate,506703,651,102236,No,No,No,9,68,No
458,41,Unemployed,Divorced,Not Graduate,300553,689,139044,No,No,Yes,1,115,No
459,45,Retired,Single,Graduate,1019456,714,227926,Yes,No,No,2,1,No
460,28,Self-Employed,Married,Graduate,742930,742,132845,No,Yes,No,4,139,No
461,41,Services,Married,Graduate,660381,689,216064,Yes,No,Yes,3,111,No
462,44,Student,Single,Graduate,720650,701,0,Yes,No,No,2,73,Yes
463,57,Self-Employed,Divorced,Graduate,332887,769,147946,No,No,No,5,87,Yes
464,53,Self-Employed,Married,Graduate,721941,602,160527,Yes,No,Yes,5,88,No
465,50,Management,Married,Graduate,1123275,777,163243,Yes,No,No,4,22,Yes
466,36,Technician,Married,Graduate,408133,589,71118,Yes,No,No,2,91,No
467,41,Technician,Divorced,Graduate,1723936,731,0,No,No,No,1,101,Yes
468,18,Entrepreneur,Divorced,Not Graduate,890391,582,69593,Yes,No,Yes,5,32,No
469,29,Student,Married,Not Graduate,358080,698,172426,Yes,No,No,2,94,Yes
470,69,Unemployed,Single,Graduate,506525,666,0,No,No,Yes,5,39,No
471,46,Entrepreneur,Single,Not Graduate,736505,701,141063,Yes,No,No,5,92,Yes
472,24,Entrepreneur,Single,Graduate,390845,673,131096,No,Yes,Yes,3,38,No
473,41,Self-Employed,Single,Graduate,1240481,702,95493,No,Yes,No,2,61,No
474,25,Student,Divorced,Not Graduate,1002354,772,163447,Yes,No,No,4,73,No
475,55,Self-Employed,Married,Graduate,553107,675,0,Yes,No,Yes,3,84,No
476,32,Student,Married,Graduate,134764,615,142112,Yes,No,No,3,40,No
477,50,Management,Married,Graduate,644106,654,54473,No,No,Yes,4,73,No
478,49,Entrepreneur,Married,Graduate,409307,607,194824,Yes,No,No,2,9,No
479,31,Technician,Married,Graduate,521179,717,108622,Yes,No,No,6,70,Yes
480,36,Admin,Married,Graduate,733123,723,123799,Yes,No,Yes,5,89,No
481,37,Entrepreneur,Married,Graduate,1735657,709,27651,Yes,No,No,5,26,Yes
482,18,Self-Employed,Married,Graduate,578860,565,36360,No,No,Yes,3,40,Yes
483,42,Services,Single,Not Graduate,730242,685,67716,Yes,No,No,3,131,No
484,25,Student,Married,Not Graduate,1214986,647,0,Yes,No,No,2,127,No
485,56,Entrepreneur,Single,Graduate,376331,621,71259,No,No,No,2,58,No
486,48,Management,Married,Not Graduate,188686,643,235777,Yes,No,Yes,2,7,No
487,35,Student,Single,Graduate,317128,551,0,No,No,No,3,59,No
488,41,Technician,Married,Graduate,721259,643,164495,Yes,No,Yes,3,141,Yes
489,46,Technician,Married,Not Graduate,259942,599,31752,Yes,No,No,4,62,No
490,37,Student,Married,Graduate,1065802,782,84275,Yes,No,No,6,103,Yes
491,38,Self-Employed,Single,Not Graduate,557613,791,0,No,Yes,No,4,32,No
492,44,Self-Employed,Married,Graduate,1023637,538,0,No,No,No,3,130,No
493,52,Self-Employed,Married,Graduate,363236,583,50175,Yes,No,No,1,81,No
494,39,Student,Single,Graduate,353870,801,0,No,No,Yes,4,38,Yes
495,34,Management,Single,Not Graduate,732931,779,49502,Yes,Yes,Yes,6,42,No
496,52,Admin,Divorced,Not Graduate,381405,689,0,No,No,No,4,51,No
497,38,Admin,Married,Graduate,448250,677,78436,No,Yes,No,4,89,Yes
498,28,Entrepreneur,Married,Graduate,553107,675,55777,No,Yes,No,5,62,No
499,35,Retired,Divorced,Not Graduate,586728,613,22298,No,Yes,No,3,89,No
500,45,Services,Married,Graduate,1352182,648,0,No,No,No,4,42,No
501,47,Technician,Divorced,Graduate,1119757,714,87804,Yes,No,No,2,40,No
502,37,Self-Employed,Single,Graduate,570381,706,0,Yes,No,No,2,73,No
503,45,Retired,Single,Graduate,527377,623,50436,Yes,No,No,1,57,No
504,51,Retired,Married,Graduate,384268,607,83471,No,No,No,2,50,No
505,35,Management,Single,Graduate,702231,615,137821,Yes,No,No,3,78,No
506,45,Technician,Married,Graduate,660943,699,10178,Yes,No,No,3,161,No
507,23,Technician,Married,Not Graduate,279815,685,114492,No,No,No,2,109,No
508,26,Retired,Single,Graduate,453375,676,149960,No,No,No,5,118,No
509,18,Services,Married,Graduate,378368,689,118268,Yes,No,No,2,56,Yes
510,41,Services,Married,Graduate,216748,721,214661,Yes,No,No,4,31,Yes
511,68,Management,Divorced,Graduate,1124811,689,83471,Yes,Yes,No,6,49,Yes
512,42,Student,Single,Graduate,368615,714,90561,No,No,No,3,83,No
513,45,Unemployed,Divorced,Not Graduate,368594,785,47471,No,No,No,2,1,No
514,53,Unemployed,Married,Not Graduate,251729,611,160918,No,No,Yes,4,41,Yes
515,44,Student,Single,Graduate,325934,715,159518,No,Yes,No,2,18,No
516,37,Entrepreneur,Married,Graduate,508225,714,79535,No,Yes,Yes,4,68,Yes
517,40,Student,Married,Graduate,5000,673,97285,No,No,No,5,64,No
518,42,Admin,Married,Not Graduate,536181,629,32375,Yes,No,No,4,36,No
519,61,Unemployed,Married,Not Graduate,228228,680,4892,No,No,No,4,109,Yes
520,30,Student,Single,Not Graduate,1411800,689,61557,Yes,No,No,2,118,Yes
521,38,Services,Married,Graduate,672458,647,0,Yes,No,No,5,107,No
522,39,Self-Employed,Single,Not Graduate,219460,672,110528,Yes,Yes,No,5,12,No
523,46,Admin,Married,Graduate,795996,792,172659,No,No,No,5,91,Yes
524,36,Technician,Married,Graduate,478774,698,8941,No,No,No,2,143,No
525,26,Management,Single,Not Graduate,677571,685,0,Yes,No,Yes,2,126,Yes
526,29,Unemployed,Single,Not Graduate,486967,597,53076,No,No,No,3,100,No
527,40,Technician,Married,Graduate,714963,573,0,Yes,Yes,Yes,5,127,No
528,30,Unemployed,Divorced,Graduate,928240,684,25442,Yes,Yes,No,1,156,No
529,29,Unemployed,Married,Graduate,553107,689,141511,Yes,No,Yes,2,69,Yes
530,40,Technician,Married,Graduate,766030,664,134697,No,No,No,2,102,Yes
531,50,Retired,Married,Graduate,469878,757,215086,No,No,Yes,4,10,Yes
532,51,Management,Single,Graduate,564746,703,11768,Yes,No,No,1,76,No
533,28,Self-Employed,Single,Graduate,252989,716,252985,No,No,Yes,2,62,No
534,51,Student,Married,Graduate,190188,806,40661,Yes,No,Yes,2,44,No
535,39,Management,Married,Not Graduate,284147,626,236631,No,No,No,5,141,No
536,41,Retired,Divorced,Graduate,553107,850,179062,No,No,No,4,9,Yes
537,51,Admin,Divorced,Graduate,553107,771,83471,No,No,Yes,2,13,No
538,48,Entrepreneur,Single,Graduate,444671,686,74309,No,No,No,3,132,No
539,34,Unemployed,Divorced,Graduate,618734,816,202088,Yes,No,Yes,3,32,Yes
540,48,Self-Employed,Single,Not Graduate,187911,630,0,No,No,No,2,14,No
541,41,Self-Employed,Divorced,Not Graduate,347474,642,21020,Yes,No,No,4,120,No
542,23,Unemployed,Divorced,Graduate,801014,718,25465,Yes,Yes,No,4,153,No
543,34,Technician,Single,Graduate,545162,775,204620,No,Yes,No,1,60,Yes
544,37,Technician,Single,Graduate,1034222,747,133224,No,No,No,4,125,No
545,43,Student,Married,Graduate,549403,693,36365,No,No,No,5,54,Yes
546,43,Student,Married,Graduate,565084,568,99821,Yes,No,Yes,2,100,No
547,42,Unemployed,Married,Not Graduate,857743,783,0,No,No,No,2,132,Yes
548,31,Entrepreneur,Married,Graduate,816237,807,23179,Yes,Yes,No,5,111,No
549,36,Student,Single,Graduate,453086,739,106893,Yes,No,No,2,61,Yes
550,39,Admin,Single,Not Graduate,353924,699,56169,No,No,No,5,98,No
551,47,Unemployed,Married,Not Graduate,620185,753,122767,Yes,No,No,4,16,No
552,37,Services,Married,Graduate,912582,600,53619,No,No,No,6,56,Yes
553,45,Management,Married,Graduate,522056,615,65558,No,No,No,3,95,No
554,43,Student,Married,Not Graduate,943142,694,0,No,No,No,4,46,No
555,25,Student,Divorced,Not Graduate,575732,724,0,No,No,Yes,4,1,Yes
556,35,Admin,Single,Graduate,380323,741,61775,Yes,No,Yes,4,69,No
557,45,Admin,Married,Not Graduate,929931,603,147121,No,Yes,No,3,1,No
558,55,Entrepreneur,Married,Graduate,383687,708,109865,No,No,Yes,5,41,No
559,35,Student,Single,Graduate,669868,640,86904,Yes,No,Yes,1,50,Yes
560,18,Student,Married,Not Graduate,789837,559,0,No,Yes,No,2,136,No
561,33,Unemployed,Married,Graduate,296246,750,0,Yes,No,No,3,63,Yes
562,64,Unemployed,Single,Not Graduate,337656,826,83471,No,Yes,Yes,4,17,Yes
563,36,Technician,Married,Not Graduate,868273,617,19478,Yes,No,Yes,3,163,Yes
564,52,Unemployed,Married,Not Graduate,481247,729,0,No,No,No,3,35,No
565,19,Management,Single,Graduate,839842,687,124592,No,No,No,2,66,No
566,39,Entrepreneur,Married,Graduate,585859,728,217162,Yes,No,No,5,143,Yes
567,19,Technician,Single,Graduate,429279,822,30239,Yes,No,No,3,82,No
568,50,Admin,Single,Not Graduate,649528,694,256870,No,No,Yes,5,91,Yes
569,37,Management,Married,Graduate,531692,780,83471,No,No,Yes,3,97,Yes
570,31,Unemployed,Single,Graduate,889255,698,40318,No,No,Yes,3,30,No
571,35,Unemployed,Married,Graduate,284883,716,187502,No,No,Yes,4,112,Yes
572,30,Retired,Married,Graduate,316909,680,0,No,No,Yes,5,53,No
573,40,Self-Employed,Single,Graduate,345491,670,0,Yes,No,No,3,141,No
574,39,Student,Single,Graduate,256375,599,83471,No,No,Yes,2,126,No
575,19,Admin,Single,Not Graduate,432220,667,129487,Yes,No,No,4,163,No
576,48,Technician,Married,Not Graduate,231231,636,61015,Yes,No,No,1,64,No
577,43,Admin,Married,Graduate,332387,729,103453,Yes,No,Yes,4,73,No
578,33,Services,Married,Graduate,834315,767,59140,Yes,Yes,No,3,99,No
579,28,Retired,Married,Graduate,324358,717,0,No,No,Yes,3,1,No
580,34,Student,Married,Not Graduate,593693,769,99525,No,Yes,No,4,89,Yes
581,29,Technician,Married,Graduate,668519,687,142021,No,No,No,2,175,No
582,45,Technician,Single,Graduate,623634,707,90789,No,No,No,3,7,No
583,47,Management,Married,Graduate,672893,797,192471,Yes,No,No,4,109,No
584,47,Admin,Divorced,Not Graduate,532643,626,0,No,Yes,No,2,112,No
585,40,Retired,Single,Graduate,821161,735,93418,Yes,No,No,3,107,Yes
586,43,Services,Single,Graduate,845696,662,51025,Yes,No,No,4,154,Yes
587,36,Management,Married,Graduate,1682416,709,0,No,No,No,5,158,Yes
588,42,Services,Single,Graduate,386407,685,70880,Yes,No,No,7,93,No
589,34,Technician,Married,Graduate,739563,779,223499,No,No,No,4,121,No
590,39,Self-Employed,Single,Not Graduate,869095,699,0,Yes,No,Yes,3,99,No
591,30,Management,Single,Not Graduate,749129,602,88882,No,No,No,5,164,No
592,46,Entrepreneur,Single,Not Graduate,904485,637,0,No,Yes,Yes,6,67,No
593,48,Technician,Married,Graduate,418278,623,255854,Yes,No,Yes,2,21,No
594,46,Services,Married,Not Graduate,545957,650,83389,Yes,No,No,4,62,No
595,43,Management,Divorced,Graduate,304565,698,0,No,No,Yes,2,92,Yes
596,38,Management,Single,Graduate,361819,758,0,Yes,No,Yes,7,81,Yes
597,33,Services,Married,Not Graduate,454328,649,42430,No,No,No,2,1,No
598,31,Admin,Divorced,Graduate,424846,569,0,No,No,No,3,133,No
599,36,Unemployed,Married,Not Graduate,931518,733,18324,Yes,No,No,2,154,No
600,55,Retired,Married,Graduate,527716,665,191407,No,No,No,3,87,No
601,32,Retired,Single,Graduate,523605,645,183668,Yes,No,No,5,197,No
602,40,Admin,Single,Graduate,1447897,800,12098,Yes,No,Yes,5,21,No
603,31,Admin,Divorced,Not Graduate,925295,774,0,Yes,No,No,5,85,Yes
604,49,Technician,Single,Graduate,820507,786,146323,No,Yes,No,2,33,Yes
605,26,Technician,Single,Graduate,1159578,607,40653,No,No,No,4,128,No
606,39,Admin,Single,Graduate,1567247,489,8914,No,No,Yes,4,12,No
607,36,Management,Married,Not Graduate,2064444,496,83237,Yes,No,No,1,16,No
608,46,Entrepreneur,Married,Graduate,344638,699,68176,No,No,No,5,40,No
609,26,Management,Married,Graduate,935603,607,29133,No,No,No,3,163,Yes
610,33,Admin,Divorced,Graduate,725018,529,135905,Yes,No,No,2,93,No
611,27,Unemployed,Married,Graduate,553107,676,92951,No,No,Yes,3,79,No
612,19,Retired,Married,Graduate,308581,670,39810,Yes,No,No,4,38,Yes
613,45,Unemployed,Married,Not Graduate,398808,636,108611,No,No,No,3,89,No
614,40,Entrepreneur,Married,Not Graduate,189977,611,132899,Yes,No,Yes,4,70,No
615,49,Retired,Married,Not Graduate,881249,596,102827,Yes,No,No,3,128,Yes
616,35,Management,Single,Not Graduate,357485,611,77171,Yes,No,Yes,1,72,No
617,34,Self-Employed,Single,Graduate,233776,559,98488,Yes,No,No,3,82,No
618,18,Admin,Married,Graduate,369183,689,234140,Yes,No,Yes,2,123,No
619,39,Self-Employed,Married,Graduate,543154,770,0,Yes,No,Yes,1,122,Yes
620,23,Management,Married,Not Graduate,1427522,674,275991,Yes,Yes,Yes,1,64,Yes
621,35,Technician,Married,Graduate,275635,747,72712,Yes,No,No,3,106,Yes
622,29,Admin,Single,Graduate,635465,746,262415,No,No,No,4,61,Yes
623,45,Retired,Single,Graduate,821760,688,0,No,No,Yes,6,31,No
624,38,Technician,Married,Not Graduate,235848,699,155089,Yes,No,No,1,77,No
625,32,Unemployed,Divorced,Not Graduate,960499,597,0,Yes,Yes,Yes,5,27,No
626,18,Services,Married,Graduate,491963,817,0,No,No,No,1,93,Yes
627,39,Unemployed,Single,Graduate,462809,694,133821,No,No,No,2,66,No
628,41,Technician,Divorced,Graduate,547916,614,60025,Yes,Yes,Yes,1,32,Yes
629,38,Management,Single,Graduate,1046271,642,264173,No,No,No,3,82,Yes
630,27,Entrepreneur,Married,Graduate,487266,654,0,Yes,No,No,4,71,No
631,42,Management,Single,Graduate,553107,628,307360,Yes,No,Yes,3,83,No
632,29,Unemployed,Married,Not Graduate,1057844,768,110674,Yes,No,No,3,85,No
633,24,Technician,Divorced,Graduate,1147204,595,300748,Yes,No,No,2,99,No
634,57,Services,Married,Graduate,1553708,594,0,No,No,No,7,1,No
635,48,Admin,Single,Graduate,137098,767,209983,No,No,Yes,2,89,Yes
636,36,Admin,Divorced,Not Graduate,1529102,778,189094,No,No,No,2,90,Yes
637,25,Student,Married,Graduate,503708,850,144692,No,No,No,3,92,Yes
638,57,Unemployed,Married,Graduate,747264,716,0,Yes,No,Yes,2,152,No
639,40,Self-Employed,Single,Graduate,553107,642,0,No,Yes,No,4,34,No
640,43,Technician,Married,Graduate,362481,804,0,No,No,No,1,73,Yes
641,48,Entrepreneur,Married,Graduate,451373,778,0,No,No,No,3,49,Yes
642,47,Management,Married,Graduate,230952,614,221826,Yes,No,No,5,50,No
643,48,Technician,Married,Graduate,1152396,704,76228,Yes,No,No,3,76,No
644,40,Admin,Married,Graduate,592147,702,0,No,No,No,7,108,No
645,57,Unemployed,Married,Graduate,380038,832,0,Yes,No,No,4,1,Yes
646,50,Retired,Married,Graduate,643079,692,81689,No,No,No,3,1,Yes
647,52,Services,Divorced,Graduate,229425,639,19018,No,No,No,2,109,Yes
648,50,Admin,Single,Graduate,621621,787,0,Yes,Yes,Yes,6,94,Yes
649,18,Services,Married,Graduate,785908,571,64350,No,No,No,2,121,No
650,25,Unemployed,Single,Graduate,356196,661,0,Yes,No,No,6,2,No
651,37,Unemployed,Married,Graduate,666379,707,19565,No,No,No,3,172,No
652,39,Technician,Divorced,Graduate,349063,619,51024,Yes,No,No,2,81,No
653,25,Unemployed,Single,Not Graduate,824232,808,0,Yes,No,No,6,120,Yes
654,18,Admin,Single,Not Graduate,271122,551,232183,No,No,No,3,76,No
655,27,Services,Married,Graduate,487527,636,0,No,No,No,4,62,No
656,25,Student,Married,Graduate,590422,663,0,No,No,No,4,57,No
657,57,Technician,Married,Graduate,547800,584,78227,No,Yes,No,6,13,No
658,41,Entrepreneur,Divorced,Graduate,480586,740,215940,Yes,No,No,3,41,Yes
659,44,Student,Married,Graduate,547959,634,202405,No,Yes,No,2,1,No
660,39,Technician,Married,Graduate,945862,653,25936,No,Yes,No,2,66,No
661,50,Entrepreneur,Married,Graduate,591675,631,99426,No,No,No,6,19,No
662,34,Management,Single,Graduate,425280,784,76276,No,Yes,Yes,4,28,No
663,34,Services,Married,Graduate,638263,552,74289,Yes,No,Yes,2,47,No
664,28,Unemployed,Single,Graduate,1004925,689,51818,No,No,No,2,129,Yes
665,38,Retired,Married,Graduate,630514,685,64023,Yes,Yes,No,2,37,Yes
666,38,Retired,Single,Graduate,650175,661,31002,No,Yes,No,4,26,No
667,52,Admin,Married,Graduate,360708,649,0,No,No,No,3,59,No
668,34,Technician,Divorced,Not Graduate,654220,643,101221,No,No,No,4,49,No
669,39,Self-Employed,Married,Graduate,318206,803,188266,Yes,No,No,3,37,Yes
670,36,Self-Employed,Single,Graduate,263049,689,111749,No,No,No,4,69,No
671,20,Admin,Divorced,Graduate,435566,671,0,No,No,No,4,172,No
672,58,Technician,Married,Graduate,1078855,800,45148,Yes,No,No,3,63,Yes
673,50,Technician,Married,Graduate,1136967,696,0,Yes,No,Yes,4,65,Yes
674,40,Student,Married,Graduate,890264,850,138117,No,No,No,2,1,Yes
675,18,Services,Married,Not Graduate,1258884,663,90752,No,No,No,4,1,No
676,52,Services,Married,Graduate,371488,713,0,No,No,No,1,1,No
677,51,Admin,Married,Graduate,554367,746,143130,Yes,No,No,4,127,No
678,39,Retired,Married,Graduate,240765,677,148793,Yes,No,No,1,74,Yes
679,18,Admin,Married,Graduate,635629,679,0,Yes,No,No,2,5,No
680,55,Management,Married,Not Graduate,682630,810,106733,No,No,No,3,19,Yes
681,44,Entrepreneur,Married,Not Graduate,553107,718,105707,No,Yes,No,1,80,No
682,25,Retired,Married,Graduate,300552,664,109807,Yes,Yes,No,6,54,No
683,47,Technician,Single,Not Graduate,539877,596,0,No,No,No,3,119,No
684,55,Entrepreneur,Married,Graduate,659532,774,142812,No,No,No,7,113,Yes
685,42,Technician,Married,Graduate,909937,683,192116,Yes,No,No,2,98,No
686,23,Retired,Single,Graduate,657421,740,0,Yes,No,Yes,4,131,Yes
687,18,Entrepreneur,Married,Not Graduate,300443,689,227937,Yes,No,No,2,74,No
688,22,Management,Single,Graduate,546185,778,120564,Yes,No,No,2,66,Yes
689,44,Student,Single,Graduate,1325655,720,44296,No,No,No,4,99,No
690,38,Student,Married,Graduate,1233849,456,0,No,No,No,1,40,No
691,25,Student,Single,Graduate,183613,638,0,Yes,No,No,2,25,No
692,37,Student,Married,Graduate,553107,712,0,Yes,No,No,2,78,No
693,18,Admin,Married,Graduate,486243,628,202708,Yes,No,No,3,100,Yes
694,45,Entrepreneur,Married,Graduate,960996,770,1482,Yes,Yes,No,3,85,No
695,54,Student,Married,Graduate,569551,738,38252,No,Yes,No,8,55,No
696,20,Services,Married,Graduate,1165681,850,107011,Yes,No,No,1,15,Yes
697,29,Management,Married,Graduate,300674,785,44356,No,No,No,2,71,Yes
698,34,Admin,Married,Graduate,1209758,817,106865,Yes,No,No,2,116,No
699,28,Admin,Married,Graduate,605796,710,165432,No,No,No,6,102,Yes
700,36,Retired,Single,Graduate,366724,680,98173,No,No,No,3,18,No
701,36,Management,Married,Graduate,395829,659,174847,No,No,No,4,8,Yes
702,46,Admin,Single,Not Graduate,355691,672,87468,No,No,No,3,20,Yes
703,56,Services,Married,Graduate,321238,710,221268,No,No,No,2,102,Yes
704,31,Services,Single,Graduate,403888,678,174437,Yes,No,Yes,4,70,No
705,42,Entrepreneur,Married,Graduate,573571,689,89058,Yes,No,No,3,91,No
706,39,Services,Single,Not Graduate,485699,690,44512,Yes,No,No,3,65,No
707,23,Student,Divorced,Graduate,816361,729,107804,Yes,No,Yes,7,39,No
708,23,Retired,Married,Graduate,449199,710,0,Yes,Yes,No,3,21,No
709,32,Management,Married,Graduate,413174,711,178685,No,No,No,1,82,No
710,48,Technician,Married,Not Graduate,465425,731,0,Yes,No,No,2,1,Yes
711,30,Admin,Single,Graduate,210415,650,81839,Yes,No,No,3,64,Yes
712,33,Services,Married,Graduate,1063408,702,83471,No,No,No,2,104,No
713,36,Self-Employed,Divorced,Not Graduate,925384,767,6508,Yes,No,Yes,4,48,No
714,36,Unemployed,Single,Graduate,541698,644,94031,Yes,Yes,Yes,1,55,No
715,30,Student,Married,Not Graduate,672610,677,0,Yes,No,No,2,1,Yes
716,34,Services,Single,Not Graduate,874729,779,186792,No,No,Yes,2,1,Yes
717,44,Admin,Married,Not Graduate,668270,632,231970,No,No,No,2,112,No
718,39,Services,Married,Not Graduate,453505,685,65358,Yes,No,No,2,169,No
719,18,Technician,Single,Graduate,523000,629,175026,Yes,No,No,6,105,No
720,20,Retired,Divorced,Not Graduate,703963,707,0,No,No,No,4,23,Yes
721,53,Services,Divorced,Graduate,386869,747,0,Yes,No,Yes,1,18,No
722,32,Technician,Divorced,Graduate,405521,724,76230,No,Yes,No,2,38,No
723,39,Admin,Married,Graduate,505811,666,61978,No,Yes,Yes,3,39,No
724,43,Entrepreneur,Married,Graduate,555045,580,176416,No,No,No,6,34,No
725,53,Self-Employed,Married,Graduate,1166014,695,170354,No,No,No,4,111,No
726,34,Unemployed,Married,Graduate,896727,672,275278,No,No,No,3,1,Yes
727,38,Admin,Single,Not Graduate,178666,732,1718,Yes,No,Yes,2,8,No
728,44,Retired,Single,Not Graduate,706864,692,40261,Yes,No,Yes,2,43,Yes
729,18,Admin,Single,Graduate,625189,790,197427,No,No,No,6,58,Yes
730,32,Management,Married,Graduate,333912,744,155388,No,No,Yes,2,102,Yes
731,40,Student,Divorced,Graduate,792626,640,33450,No,No,No,6,73,Yes
732,46,Admin,Married,Graduate,1209918,668,0,No,No,No,4,42,No
733,34,Unemployed,Divorced,Not Graduate,307967,718,124469,Yes,No,No,3,71,Yes
734,54,Entrepreneur,Divorced,Graduate,553107,732,352967,Yes,No,No,4,73,No
735,61,Unemployed,Married,Not Graduate,949858,719,105954,No,No,Yes,2,3,No
736,48,Self-Employed,Married,Not Graduate,556856,669,10935,Yes,Yes,No,5,33,No
737,48,Self-Employed,Single,Graduate,746884,604,42456,No,No,No,6,137,No
738,36,Services,Married,Not Graduate,415521,658,0,Yes,No,No,4,91,No
739,38,Management,Married,Graduate,908795,615,115179,Yes,No,No,2,50,No
740,43,Management,Single,Not Graduate,652129,681,161479,No,No,Yes,3,71,Yes
741,43,Self-Employed,Married,Graduate,516220,624,0,Yes,No,Yes,8,14,Yes
742,32,Management,Divorced,Graduate,387250,703,124100,No,No,No,3,25,Yes
743,56,Self-Employed,Married,Graduate,553107,850,115850,No,Yes,Yes,1,45,Yes
744,57,Entrepreneur,Married,Graduate,568959,706,0,No,No,No,4,101,Yes
745,36,Services,Married,Graduate,401681,700,101638,No,No,Yes,9,110,No
746,59,Management,Married,Not Graduate,1296026,662,96692,No,No,No,4,82,Yes
747,50,Retired,Divorced,Not Graduate,405494,706,5879,No,No,No,1,61,No
748,26,Admin,Married,Not Graduate,2557863,669,43321,Yes,No,No,3,86,No
749,39,Unemployed,Married,Graduate,884180,599,83697,No,No,No,4,80,No
750,21,Services,Single,Graduate,404717,586,53771,Yes,No,No,3,73,Yes
751,43,Student,Single,Graduate,338275,657,0,Yes,No,No,4,111,No
752,35,Admin,Married,Graduate,533264,601,198088,Yes,No,No,4,86,No
753,50,Management,Single,Graduate,553107,725,177272,No,No,Yes,5,101,No
754,18,Technician,Single,Graduate,1047975,762,73089,No,No,No,2,141,Yes
755,42,Management,Married,Graduate,548456,694,0,No,No,No,5,47,No
756,54,Unemployed,Married,Graduate,1150717,738,41747,No,Yes,No,3,29,Yes
757,46,Entrepreneur,Single,Graduate,525662,716,66341,No,No,No,4,92,No
758,38,Unemployed,Single,Graduate,851052,600,929,No,No,Yes,2,93,No
759,47,Admin,Divorced,Graduate,544325,717,0,Yes,No,No,4,73,No
760,30,Entrepreneur,Married,Not Graduate,164434,819,117551,Yes,Yes,Yes,3,1,No
761,35,Self-Employed,Single,Graduate,553107,667,43919,No,No,No,3,104,No
762,43,Retired,Married,Graduate,343878,696,195063,No,Yes,No,3,19,No
763,63,Self-Employed,Married,Not Graduate,220270,805,223770,No,Yes,No,2,161,Yes
764,41,Unemployed,Single,Graduate,433372,738,179021,Yes,No,No,3,83,No
765,29,Services,Married,Graduate,426584,791,94973,Yes,No,Yes,6,139,No
766,29,Retired,Single,Graduate,2044032,670,217276,Yes,No,Yes,2,117,Yes
767,25,Management,Divorced,Not Graduate,442823,814,181254,No,No,No,6,39,Yes
768,52,Entrepreneur,Married,Graduate,711945,712,99384,No,No,Yes,5,59,No
769,24,Technician,Divorced,Not Graduate,299247,665,90875,No,No,No,5,1,No
770,60,Management,Married,Graduate,605634,745,51100,No,No,No,1,114,Yes
771,42,Services,Married,Not Graduate,747328,703,0,Yes,No,Yes,4,73,No
772,20,Unemployed,Divorced,Graduate,615188,694,31295,Yes,No,Yes,1,34,No
773,39,Retired,Married,Graduate,494435,643,183103,Yes,No,Yes,2,84,Yes
774,38,Services,Single,Graduate,317327,660,173311,Yes,Yes,Yes,7,66,No
775,47,Admin,Married,Graduate,477469,535,23146,No,No,No,5,39,No
777,31,Student,Married,Graduate,597546,607,170909,No,No,No,7,221,No
778,43,Student,Married,Not Graduate,553107,681,171086,Yes,No,Yes,2,29,Yes
779,54,Student,Married,Graduate,325665,679,90848,Yes,Yes,No,3,73,No
780,66,Management,Married,Graduate,233112,678,287788,Yes,No,No,2,97,No
781,48,Entrepreneur,Divorced,Graduate,585407,796,215642,No,No,Yes,1,31,Yes
782,34,Entrepreneur,Married,Graduate,1208848,692,75401,No,No,No,4,89,No
783,48,Student,Single,Not Graduate,600324,665,25164,No,No,No,2,58,No
784,36,Management,Married,Graduate,581841,808,48625,No,No,No,3,78,No
785,45,Technician,Single,Graduate,463206,608,9145,Yes,No,Yes,2,174,No
786,38,Retired,Married,Graduate,207038,696,135994,Yes,No,No,2,52,Yes
787,32,Technician,Married,Graduate,457993,711,0,No,No,No,5,66,No
788,51,Management,Married,Graduate,204489,742,259703,Yes,No,No,4,57,No
789,39,Management,Married,Graduate,530271,784,80744,Yes,No,No,3,79,No
790,53,Retired,Married,Graduate,441117,698,0,No,No,No,2,85,No
791,33,Management,Married,Graduate,151692,698,78170,Yes,No,Yes,4,108,No
792,39,Technician,Single,Not Graduate,630877,736,0,No,No,No,2,43,Yes
793,36,Unemployed,Married,Graduate,229522,704,282491,No,No,No,4,29,No
794,44,Retired,Single,Graduate,295078,666,143973,No,No,No,6,72,No
795,51,Retired,Married,Graduate,733177,470,216574,No,No,No,4,45,No
796,44,Retired,Married,Graduate,433855,650,45238,Yes,No,No,7,59,No
797,58,Entrepreneur,Married,Graduate,1009718,765,255634,Yes,No,No,4,62,Yes
798,55,Student,Married,Graduate,1051785,702,0,No,No,No,2,53,Yes
799,32,Management,Single,Graduate,999997,728,1133,No,No,No,1,1,Yes
800,39,Retired,Single,Graduate,777135,688,140035,Yes,No,No,4,94,Yes
801,23,Self-Employed,Married,Graduate,204967,732,60806,Yes,No,No,2,24,Yes
802,28,Entrepreneur,Married,Graduate,388566,618,94742,No,No,Yes,3,25,No
803,55,Management,Divorced,Graduate,2299270,680,177563,No,No,No,1,110,Yes
804,46,Admin,Single,Graduate,705916,685,61550,No,Yes,No,5,124,No
805,44,Student,Married,Graduate,731367,631,1416,No,No,Yes,3,28,No
806,46,Admin,Single,Graduate,643866,592,149984,Yes,No,No,2,87,No
807,44,Student,Divorced,Not Graduate,700775,672,6362,No,No,No,2,73,No
808,39,Technician,Single,Graduate,234137,699,35338,Yes,No,No,2,83,Yes
809,46,Student,Married,Graduate,405775,747,102247,No,No,Yes,1,84,No
810,45,Entrepreneur,Single,Not Graduate,440856,767,167622,No,No,No,2,57,No
811,32,Self-Employed,Single,Graduate,1038828,731,91530,No,Yes,Yes,2,25,Yes
812,48,Admin,Single,Graduate,216563,724,240302,Yes,No,No,7,47,No
813,47,Admin,Single,Graduate,1362743,699,122987,Yes,Yes,No,3,22,No
814,37,Entrepreneur,Divorced,Graduate,450999,796,22746,Yes,No,Yes,4,91,No
815,19,Entrepreneur,Married,Graduate,1860764,617,128510,No,No,No,5,58,No
816,36,Services,Married,Not Graduate,1390879,699,128485,No,No,No,2,1,Yes
817,40,Technician,Single,Not Graduate,622537,668,43254,No,No,No,1,136,Yes
818,30,Services,Married,Graduate,153223,754,160928,No,Yes,No,5,53,Yes
819,56,Management,Married,Graduate,371143,813,70468,No,No,No,1,30,Yes
820,42,Retired,Married,Graduate,634996,760,208052,Yes,No,No,2,34,No
821,38,Technician,Married,Graduate,1037961,738,84961,No,No,No,4,107,No
822,44,Student,Married,Not Graduate,276104,650,83471,Yes,No,No,4,89,No
823,46,Services,Married,Graduate,684977,761,87417,Yes,No,No,2,1,No
824,25,Retired,Divorced,Graduate,1166640,696,123918,No,No,No,4,137,Yes
825,38,Management,Married,Not Graduate,322495,731,116431,Yes,No,No,5,118,No
826,23,Technician,Single,Graduate,416641,662,104303,No,No,Yes,3,119,Yes
827,25,Admin,Married,Graduate,366991,678,58835,Yes,No,No,4,65,No
828,44,Admin,Single,Graduate,594980,689,139566,Yes,No,No,3,44,No
829,20,Management,Single,Graduate,411830,647,87155,No,Yes,Yes,5,1,Yes
830,31,Retired,Married,Graduate,549435,756,82148,No,No,No,2,89,No
831,44,Unemployed,Divorced,Graduate,702849,764,79711,No,No,No,5,37,No
832,32,Management,Married,Graduate,334618,661,0,Yes,No,Yes,2,33,No
833,25,Retired,Married,Graduate,536253,688,80410,Yes,No,Yes,1,49,Yes
834,24,Admin,Married,Graduate,471911,691,118099,Yes,No,Yes,1,110,No
835,19,Retired,Single,Graduate,532398,555,183052,No,No,No,3,116,No
836,62,Self-Employed,Single,Graduate,204882,765,0,Yes,No,No,1,174,Yes
837,34,Services,Married,Not Graduate,147323,624,74324,No,No,Yes,2,45,No
838,49,Unemployed,Single,Graduate,329794,788,286120,Yes,No,Yes,3,120,Yes
839,43,Entrepreneur,Married,Graduate,668458,596,0,Yes,Yes,Yes,3,119,No
840,57,Retired,Married,Not Graduate,387927,760,214840,No,No,No,2,85,Yes
841,35,Admin,Single,Not Graduate,528382,803,232831,Yes,No,Yes,3,56,No
842,35,Self-Employed,Married,Not Graduate,616502,701,0,No,No,No,3,31,No
843,26,Admin,Divorced,Not Graduate,894462,763,157798,No,No,No,2,85,Yes
844,55,Admin,Married,Graduate,291527,590,185832,Yes,No,No,2,27,No
845,26,Retired,Married,Graduate,530799,729,0,No,No,No,3,174,Yes
846,60,Unemployed,Single,Not Graduate,321169,656,119169,Yes,Yes,No,2,75,No
847,43,Entrepreneur,Single,Graduate,675936,738,25721,Yes,No,Yes,4,1,Yes
848,54,Self-Employed,Married,Graduate,532200,767,172881,Yes,Yes,No,3,68,Yes
849,41,Self-Employed,Single,Graduate,678105,655,320407,No,No,No,5,82,Yes
850,38,Management,Married,Graduate,600027,764,139053,Yes,No,No,2,35,No
851,27,Services,Single,Graduate,480417,712,245180,No,No,No,5,136,Yes
852,35,Entrepreneur,Married,Not Graduate,812780,637,32889,Yes,No,No,3,21,No
853,36,Entrepreneur,Married,Graduate,386994,562,111731,No,No,No,3,93,No
854,48,Entrepreneur,Married,Graduate,643705,676,34104,Yes,No,No,4,12,No
855,37,Retired,Married,Graduate,842421,704,73537,No,Yes,No,1,122,Yes
856,22,Technician,Married,Graduate,1092007,734,0,No,No,No,2,39,No
857,32,Entrepreneur,Married,Not Graduate,741955,662,93146,Yes,No,No,4,120,Yes
858,50,Admin,Married,Graduate,468760,758,0,No,Yes,Yes,4,50,No
859,32,Admin,Married,Not Graduate,261230,687,30038,Yes,No,Yes,4,93,No
860,58,Services,Married,Graduate,1226062,745,171680,Yes,No,Yes,4,36,Yes
861,18,Services,Married,Graduate,493295,659,2712,Yes,Yes,Yes,5,90,Yes
862,38,Services,Married,Graduate,310425,730,0,No,No,Yes,4,59,Yes
863,31,Management,Married,Graduate,204537,764,208688,No,No,Yes,1,44,Yes
864,53,Self-Employed,Single,Graduate,338331,654,100400,Yes,No,No,4,83,No
865,71,Unemployed,Single,Graduate,475411,799,86652,Yes,No,No,3,14,Yes
866,19,Technician,Single,Graduate,585899,689,119366,Yes,No,No,5,108,No
867,21,Unemployed,Single,Graduate,393471,784,265444,No,Yes,No,2,160,Yes
868,46,Retired,Married,Graduate,1605135,647,130671,Yes,Yes,No,2,51,No
869,63,Technician,Married,Graduate,413186,682,136367,No,No,Yes,2,58,Yes
870,18,Management,Married,Graduate,1182078,673,36520,No,No,Yes,3,101,No
871,37,Admin,Single,Not Graduate,479961,673,0,No,No,No,2,82,Yes
872,39,Admin,Married,Graduate,247404,684,0,No,No,Yes,5,152,No
873,26,Admin,Single,Graduate,1248999,698,0,No,No,No,5,121,No
874,75,Admin,Married,Graduate,1084693,673,33954,Yes,No,Yes,2,74,Yes
875,29,Admin,Married,Graduate,545204,574,49205,No,No,Yes,2,82,No
876,64,Management,Married,Graduate,317619,714,137938,No,Yes,No,3,143,No
877,23,Self-Employed,Married,Graduate,1454646,700,80647,Yes,No,No,3,96,No
878,39,Admin,Married,Not Graduate,529957,793,130902,No,No,Yes,4,50,No
879,38,Management,Divorced,Graduate,466530,811,24239,No,No,Yes,4,111,No
880,41,Technician,Married,Graduate,445911,696,125082,Yes,No,No,3,47,No
881,42,Retired,Married,Graduate,384869,695,216411,Yes,No,No,2,37,Yes
882,37,Retired,Single,Not Graduate,674019,847,156749,No,No,No,5,121,Yes
883,50,Management,Single,Graduate,663235,660,190104,No,No,No,1,100,No
884,32,Technician,Single,Not Graduate,661607,800,150592,No,No,No,2,1,No
885,36,Student,Married,Graduate,378198,728,0,No,No,Yes,3,47,Yes
886,25,Services,Married,Graduate,576424,709,142987,Yes,No,No,3,16,No
887,41,Retired,Married,Graduate,684097,712,39007,No,No,No,5,59,Yes
888,41,Admin,Single,Not Graduate,555255,651,99369,Yes,No,No,4,42,No
889,39,Services,Single,Graduate,593676,731,78849,Yes,No,No,3,53,Yes
890,50,Admin,Married,Graduate,1033015,734,142782,Yes,No,No,1,110,No
891,43,Entrepreneur,Married,Graduate,553107,617,177831,No,No,No,5,50,No
892,49,Entrepreneur,Married,Graduate,427437,638,95982,Yes,No,No,3,153,No
893,18,Retired,Single,Graduate,684144,621,204094,No,No,No,3,101,No
894,40,Self-Employed,Single,Not Graduate,329016,634,152468,No,No,Yes,4,109,No
895,44,Admin,Single,Graduate,1058523,681,199405,No,No,No,4,41,Yes
896,22,Technician,Single,Graduate,845080,689,149255,No,No,No,2,18,No
897,35,Retired,Single,Graduate,682608,533,0,No,No,No,3,127,Yes
898,41,Retired,Married,Graduate,718417,665,126599,No,No,No,2,46,Yes
899,25,Self-Employed,Married,Graduate,1016777,822,206995,No,Yes,No,1,90,Yes
900,40,Technician,Divorced,Graduate,790826,571,67778,Yes,No,No,4,35,No
901,25,Admin,Married,Not Graduate,799875,655,0,No,No,No,3,119,No
902,58,Retired,Divorced,Graduate,396871,714,0,Yes,No,No,3,57,No
903,27,Technician,Single,Graduate,810420,635,263736,No,No,No,2,11,Yes
904,39,Management,Divorced,Not Graduate,999590,668,0,No,No,Yes,4,178,No
905,56,Admin,Single,Graduate,698634,676,40628,No,No,No,5,79,No
906,34,Self-Employed,Single,Graduate,860752,727,119050,No,No,Yes,3,102,Yes
907,29,Unemployed,Married,Not Graduate,1057610,730,67211,Yes,Yes,No,2,117,No
908,29,Student,Married,Graduate,621064,767,80144,No,No,No,3,48,No
909,37,Retired,Married,Graduate,934829,679,92190,No,No,No,5,38,No
910,41,Services,Married,Graduate,1468409,585,64788,No,No,Yes,6,93,No
911,36,Unemployed,Married,Graduate,1208472,629,140123,No,Yes,No,1,122,Yes
912,27,Technician,Married,Graduate,1138485,647,76292,No,No,Yes,3,84,No
913,49,Management,Divorced,Not Graduate,356325,621,189419,No,No,No,2,121,No
914,41,Self-Employed,Married,Graduate,553107,644,256838,No,Yes,No,4,94,Yes
915,43,Technician,Married,Not Graduate,170530,652,83471,No,No,No,4,11,No
916,31,Retired,Single,Graduate,518379,621,91085,Yes,Yes,No,1,76,No
917,31,Retired,Married,Not Graduate,525212,709,171966,No,No,No,4,30,Yes
918,35,Self-Employed,Single,Graduate,638324,752,206580,No,No,No,5,42,No
919,44,Unemployed,Married,Graduate,240024,715,183755,Yes,Yes,No,1,64,No
920,36,Admin,Married,Graduate,661389,609,46706,Yes,No,Yes,2,1,Yes
921,44,Admin,Married,Graduate,436277,671,120831,No,No,No,4,117,Yes
922,39,Technician,Divorced,Graduate,558452,659,63495,No,No,Yes,3,102,No
923,38,Admin,Married,Not Graduate,567822,808,0,No,No,Yes,5,107,No
924,28,Services,Married,Not Graduate,605876,799,82876,Yes,No,No,3,101,No
925,33,Entrepreneur,Divorced,Graduate,655484,795,83471,No,No,No,3,57,Yes
926,37,Services,Married,Not Graduate,556597,749,337355,Yes,No,No,2,73,No
927,30,Entrepreneur,Single,Graduate,340101,556,102441,Yes,Yes,No,3,106,No
928,27,Management,Married,Graduate,437789,749,65496,Yes,No,No,2,88,No
929,48,Self-Employed,Divorced,Not Graduate,1084574,654,41011,No,No,No,3,94,No
930,44,Admin,Married,Graduate,400209,674,0,Yes,No,No,6,78,No
931,41,Technician,Divorced,Not Graduate,992901,653,186806,No,No,No,6,1,No
932,45,Admin,Married,Not Graduate,1138314,699,0,Yes,No,No,4,45,No
933,38,Unemployed,Married,Graduate,553107,699,81245,No,No,No,2,84,No
934,48,Retired,Married,Graduate,779701,731,122900,Yes,Yes,Yes,1,13,No
935,22,Retired,Married,Graduate,1212712,702,102197,Yes,No,No,4,107,Yes
936,44,Entrepreneur,Married,Graduate,919104,658,4786,No,No,Yes,4,17,No
937,39,Self-Employed,Married,Not Graduate,983299,679,133817,No,No,Yes,3,49,Yes
938,34,Retired,Divorced,Not Graduate,288913,641,375540,No,Yes,No,3,59,No
939,40,Student,Married,Graduate,830050,621,192610,Yes,No,Yes,8,16,No
940,18,Self-Employed,Married,Graduate,427896,684,0,Yes,No,No,3,109,No
941,34,Entrepreneur,Divorced,Graduate,363155,565,22980,Yes,No,No,3,92,No
942,60,Self-Employed,Married,Graduate,443012,732,0,No,No,No,4,121,Yes
943,49,Technician,Single,Graduate,619723,757,132496,No,No,No,1,107,Yes
944,31,Services,Married,Graduate,377030,695,47326,No,Yes,No,2,58,Yes
945,47,Entrepreneur,Single,Graduate,595903,822,262327,No,No,No,5,49,No
946,46,Technician,Married,Graduate,208287,605,285793,No,No,No,3,93,No
947,47,Services,Married,Graduate,1139492,619,111815,No,No,No,3,116,No
948,21,Entrepreneur,Married,Graduate,1072908,757,0,No,Yes,No,3,96,Yes
949,39,Admin,Married,Graduate,798545,838,225227,No,No,No,2,69,Yes
950,42,Unemployed,Married,Graduate,417541,672,0,No,No,No,3,83,No
951,46,Technician,Single,Not Graduate,903712,587,57200,Yes,No,No,4,19,No
952,36,Admin,Married,Not Graduate,367684,673,122806,Yes,No,No,1,104,Yes
953,40,Student,Divorced,Graduate,983299,676,91274,No,No,No,2,1,Yes
954,35,Management,Divorced,Graduate,611434,651,192468,Yes,No,No,3,137,Yes
955,38,Self-Employed,Single,Graduate,253235,566,86021,Yes,Yes,No,4,56,No
956,44,Management,Married,Graduate,1023943,689,34315,No,No,No,3,46,No
957,52,Self-Employed,Married,Graduate,476661,695,53405,No,No,Yes,5,46,Yes
958,42,Entrepreneur,Single,Not Graduate,415689,708,70543,No,Yes,Yes,1,149,Yes
959,48,Unemployed,Married,Not Graduate,964158,685,0,Yes,No,No,5,1,Yes
960,21,Unemployed,Single,Graduate,538662,705,20736,Yes,No,Yes,2,41,No
961,43,Entrepreneur,Single,Graduate,553107,664,253587,Yes,No,No,4,6,No
962,33,Technician,Married,Graduate,299499,717,219204,No,No,Yes,5,93,Yes
963,36,Student,Married,Not Graduate,388121,553,0,No,No,No,2,25,No
964,38,Entrepreneur,Married,Graduate,379920,649,145633,Yes,Yes,No,2,103,No
965,51,Self-Employed,Married,Graduate,567581,557,0,No,No,Yes,5,45,No
966,57,Management,Single,Not Graduate,636476,832,144598,No,No,No,5,79,Yes
967,50,Admin,Divorced,Not Graduate,349255,707,141942,No,No,Yes,6,39,No
968,34,Retired,Married,Graduate,1362365,607,217174,Yes,No,Yes,1,52,Yes
969,34,Technician,Married,Graduate,553107,658,19852,No,No,No,3,122,No
970,45,Admin,Married,Graduate,1204449,689,99974,Yes,Yes,No,2,97,No
971,44,Retired,Single,Graduate,344284,702,80917,No,No,No,2,1,No
972,27,Management,Divorced,Not Graduate,712665,679,261508,Yes,No,No,2,79,No
973,27,Services,Married,Not Graduate,633584,716,86567,Yes,No,No,4,44,No
974,39,Admin,Married,Graduate,553107,608,112715,Yes,No,Yes,4,85,No
975,43,Student,Divorced,Graduate,938660,567,102675,Yes,No,Yes,4,106,No
976,44,Entrepreneur,Married,Not Graduate,538731,642,79350,Yes,No,No,4,73,No
977,26,Management,Married,Graduate,505836,691,107036,No,No,No,5,21,No
978,43,Admin,Married,Not Graduate,745078,768,99897,Yes,No,No,3,27,No
979,63,Student,Single,Not Graduate,484739,614,176871,Yes,No,No,3,109,No
980,40,Retired,Married,Graduate,462915,850,116504,No,No,Yes,4,54,Yes
981,47,Retired,Married,Not Graduate,269349,850,94821,No,No,Yes,3,1,Yes
982,46,Student,Single,Graduate,341819,698,42243,No,No,No,4,73,No
983,39,Admin,Married,Graduate,799968,799,0,Yes,Yes,No,4,94,Yes
984,35,Unemployed,Divorced,Graduate,628984,721,149161,Yes,No,No,3,123,Yes
985,75,Self-Employed,Single,Not Graduate,1269940,747,0,No,No,Yes,4,12,Yes
986,35,Services,Divorced,Graduate,957869,595,54073,No,No,No,2,43,No
987,18,Services,Single,Not Graduate,502252,735,134176,Yes,No,No,6,6,No
988,61,Self-Employed,Divorced,Graduate,1119428,719,169812,Yes,No,No,3,162,Yes
989,47,Management,Married,Graduate,572957,634,196751,Yes,No,Yes,4,141,No
990,40,Services,Married,Graduate,579833,831,0,Yes,No,Yes,2,103,Yes
991,59,Services,Single,Graduate,553107,689,32164,No,Yes,No,4,71,No
992,58,Services,Married,Graduate,553107,721,43846,No,No,No,4,81,No
993,34,Management,Single,Not Graduate,294764,620,0,Yes,Yes,No,2,121,Yes
994,51,Student,Single,Graduate,373319,644,0,Yes,No,No,6,108,No
995,39,Student,Married,Graduate,333719,771,157941,Yes,No,No,2,13,Yes
996,49,Unemployed,Divorced,Not Graduate,335824,625,121168,Yes,No,No,3,71,No
997,30,Services,Single,Graduate,450963,712,93639,Yes,No,No,2,53,Yes
998,72,Unemployed,Single,Graduate,653469,724,64632,Yes,No,No,3,66,Yes
999,59,Retired,Married,Graduate,312285,648,22131,No,Yes,No,9,1,No
1000,62,Admin,Single,Graduate,1162083,727,24757,No,No,No,7,58,No
1001,32,Admin,Divorced,Not Graduate,998543,776,281896,No,No,Yes,6,18,No
1002,34,Technician,Married,Graduate,686834,710,167032,Yes,Yes,No,4,40,Yes
1003,43,Retired,Single,Not Graduate,747758,646,66281,No,Yes,No,3,49,No
1004,40,Services,Single,Graduate,604138,742,0,Yes,No,No,4,19,No
1006,41,Services,Married,Not Graduate,1413709,846,0,No,No,No,3,1,No
1007,45,Entrepreneur,Divorced,Graduate,544771,657,116378,Yes,No,Yes,5,26,No
1008,21,Self-Employed,Single,Graduate,295732,732,169262,No,No,Yes,3,12,Yes
1009,36,Student,Single,Graduate,200602,763,73242,Yes,No,Yes,3,71,Yes
1010,31,Technician,Married,Not Graduate,1348290,626,120343,No,No,No,4,1,No
1011,26,Entrepreneur,Married,Not Graduate,845041,670,309504,Yes,No,No,3,77,No
1012,19,Admin,Married,Not Graduate,787184,661,24104,No,Yes,No,2,1,No
1013,47,Entrepreneur,Single,Not Graduate,840599,793,241269,No,No,No,5,28,No
1014,31,Services,Single,Graduate,413331,760,144598,No,Yes,No,4,48,Yes
1015,38,Unemployed,Married,Graduate,570753,735,146441,Yes,No,Yes,2,84,Yes
1016,35,Retired,Single,Graduate,570728,728,91482,Yes,No,No,5,89,No
1017,41,Entrepreneur,Married,Graduate,393235,724,41809,Yes,No,No,4,90,Yes
1018,42,Technician,Single,Graduate,1242900,661,42023,Yes,No,No,3,12,No
1019,49,Self-Employed,Single,Graduate,802247,693,0,Yes,No,No,6,27,No
1020,35,Technician,Married,Not Graduate,257914,768,114406,Yes,No,Yes,3,23,Yes
1021,51,Management,Married,Graduate,953841,671,38797,No,Yes,Yes,2,1000,No
1022,39,Student,Married,Graduate,916991,610,0,Yes,No,No,2,29,No
1023,37,Unemployed,Married,Not Graduate,447798,748,120309,Yes,No,Yes,2,14,No
1024,32,Student,Married,Graduate,937962,736,68432,Yes,No,No,2,108,No
1025,30,Management,Divorced,Graduate,418228,850,92062,No,No,Yes,4,63,Yes
1026,22,Services,Single,Graduate,315363,639,155122,Yes,No,No,5,132,No
1027,31,Student,Single,Graduate,525786,788,58445,No,No,No,3,19,No
1028,56,Admin,Divorced,Graduate,376990,764,37274,No,No,No,3,1,No
1029,51,Entrepreneur,Married,Not Graduate,557277,644,0,No,No,Yes,1,52,No
1030,36,Entrepreneur,Married,Not Graduate,289145,568,3042,No,No,Yes,4,58,No
1031,21,Retired,Married,Graduate,584861,689,164188,No,No,No,1,41,No
1032,58,Unemployed,Married,Graduate,526657,663,90751,Yes,No,Yes,4,87,No
1033,49,Technician,Married,Not Graduate,765376,610,157059,Yes,No,No,4,75,No
1034,39,Student,Married,Graduate,686979,520,110422,Yes,No,Yes,5,37,No
1035,53,Student,Married,Graduate,338933,639,26132,No,No,No,3,97,No
1036,45,Admin,Married,Graduate,587490,718,38427,No,No,No,1,20,No
1037,45,Technician,Married,Graduate,304956,663,111367,Yes,No,Yes,1,91,Yes
1038,19,Unemployed,Married,Graduate,706540,828,29462,Yes,No,No,3,89,No
1039,44,Technician,Single,Graduate,626416,670,0,No,Yes,Yes,6,137,No
1040,18,Retired,Single,Graduate,728423,607,19496,No,Yes,No,1,108,No
1041,49,Self-Employed,Single,Graduate,291670,715,83471,No,No,No,5,148,No
1042,34,Management,Married,Graduate,1526503,538,80414,Yes,No,No,3,89,No
1043,43,Unemployed,Single,Graduate,310687,667,173597,No,No,No,3,86,Yes
1044,33,Retired,Single,Not Graduate,405615,741,0,Yes,No,Yes,4,84,Yes
1045,32,Services,Married,Graduate,806903,654,7896,Yes,Yes,No,4,65,Yes
1046,33,Services,Married,Graduate,151968,722,57561,Yes,Yes,No,2,116,No
1047,31,Entrepreneur,Married,Not Graduate,796103,639,27037,No,No,No,7,87,No
1048,50,Services,Single,Graduate,226620,749,61707,Yes,Yes,Yes,2,55,No
1049,52,Student,Single,Not Graduate,274568,655,0,No,No,No,4,80,No
1050,31,Management,Married,Graduate,1681014,746,0,Yes,No,No,3,68,Yes
1051,33,Services,Married,Graduate,380885,557,122024,No,No,No,4,130,Yes
1052,39,Admin,Married,Graduate,335109,614,88990,Yes,No,No,3,1,No
1053,48,Services,Married,Graduate,263902,719,0,Yes,No,Yes,2,51,No
1054,28,Technician,Married,Graduate,517011,692,94263,No,No,No,3,66,No
1055,42,Self-Employed,Married,Not Graduate,369369,663,39613,Yes,No,No,5,116,Yes
1056,48,Services,Single,Not Graduate,457405,677,0,No,Yes,No,7,79,No
1057,35,Technician,Single,Graduate,391919,695,0,No,No,No,5,131,No
1058,43,Entrepreneur,Married,Graduate,1461654,756,83471,Yes,No,Yes,4,16,No
1059,42,Entrepreneur,Single,Graduate,1161513,613,58399,No,No,Yes,4,131,No
1060,42,Admin,Single,Graduate,505827,818,36722,No,No,No,4,1,Yes
1061,55,Technician,Single,Not Graduate,907565,689,7396,No,No,No,6,124,No
1062,42,Unemployed,Single,Graduate,448301,663,24985,Yes,No,No,5,86,No
1063,47,Technician,Single,Graduate,1706220,764,108093,Yes,No,No,2,73,Yes
1064,54,Unemployed,Married,Graduate,670382,641,80850,Yes,No,No,3,10,Yes
1065,44,Self-Employed,Married,Not Graduate,936050,712,106352,No,Yes,Yes,1,104,Yes
1066,34,Technician,Married,Graduate,704212,632,0,No,No,No,2,35,No
1067,40,Unemployed,Single,Graduate,666802,650,108511,No,No,No,5,65,No
1068,60,Admin,Married,Not Graduate,480268,545,188589,Yes,No,No,2,36,No
1069,41,Retired,Married,Not Graduate,128292,674,87655,Yes,No,No,4,62,No
1070,39,Student,Single,Not Graduate,1041807,630,0,No,No,No,6,46,No
1071,40,Retired,Married,Graduate,718937,790,123585,Yes,No,No,4,28,Yes
1072,57,Admin,Single,Graduate,300120,760,83471,No,No,No,2,59,No
1073,35,Technician,Married,Graduate,293019,699,0,No,Yes,No,2,28,No
1074,44,Retired,Married,Graduate,743582,628,228527,Yes,No,No,5,117,No
1075,36,Student,Married,Not Graduate,730755,650,53474,No,No,Yes,2,160,Yes
1076,28,Student,Divorced,Not Graduate,391481,634,200818,No,No,No,5,26,No
1077,43,Student,Single,Not Graduate,592484,570,299018,Yes,No,Yes,5,115,No
1078,41,Technician,Married,Not Graduate,1330960,678,28682,Yes,No,No,5,66,No
1079,38,Unemployed,Married,Not Graduate,269438,704,183721,No,No,No,1,56,No
1080,45,Retired,Married,Graduate,611099,836,95401,No,No,Yes,11,87,Yes
1081,49,Self-Employed,Married,Not Graduate,409945,743,256056,No,No,No,4,152,Yes
1082,18,Self-Employed,Married,Graduate,651545,768,17547,Yes,Yes,No,3,92,Yes
1083,48,Management,Married,Not Graduate,954874,740,216586,No,No,No,3,62,No
1084,52,Student,Single,Graduate,291470,647,154317,No,No,No,6,127,No
1085,43,Student,Married,Not Graduate,720556,524,112121,No,No,Yes,7,64,No
1086,38,Management,Single,Graduate,845160,689,70059,Yes,Yes,No,3,86,No
1087,53,Technician,Single,Graduate,879299,724,188532,Yes,No,No,2,155,Yes
1088,65,Services,Single,Graduate,589236,713,100365,No,No,No,3,92,Yes
1089,18,Services,Single,Not Graduate,805079,616,83471,Yes,No,No,1,84,Yes
1090,25,Entrepreneur,Divorced,Not Graduate,355835,716,44118,Yes,No,No,4,5,Yes
1091,47,Admin,Married,Graduate,886809,643,0,No,No,Yes,3,98,No
1092,47,Entrepreneur,Single,Not Graduate,1342556,760,6581,No,No,Yes,3,43,No
1093,45,Services,Married,Graduate,739629,663,63259,Yes,No,No,5,135,No
1094,31,Student,Married,Not Graduate,621031,615,197046,No,No,No,3,13,No
1095,35,Management,Single,Graduate,682553,689,7169,No,No,No,2,132,No
1096,38,Retired,Married,Graduate,535014,598,5465,No,No,No,4,127,No
1097,46,Management,Divorced,Not Graduate,908591,639,48212,Yes,No,Yes,2,78,Yes
1098,33,Self-Employed,Married,Graduate,766889,642,154724,No,No,Yes,2,76,No
1099,39,Management,Married,Graduate,581205,683,74594,No,No,No,5,7,No
1100,40,Management,Divorced,Not Graduate,313919,690,0,No,No,No,4,164,No
1101,44,Self-Employed,Married,Graduate,470931,724,0,Yes,No,No,3,23,No
1102,19,Self-Employed,Divorced,Not Graduate,441289,624,105794,No,No,No,3,67,No
1103,45,Services,Married,Graduate,248833,528,228927,Yes,No,No,3,88,No
1104,52,Services,Single,Not Graduate,894603,707,0,Yes,No,No,3,95,Yes
1105,49,Self-Employed,Married,Not Graduate,926827,655,73558,No,No,Yes,3,127,Yes
1106,50,Management,Married,Graduate,849110,733,109947,No,Yes,No,7,1,No
1107,53,Management,Married,Not Graduate,891497,817,57620,No,No,No,1,84,Yes
1108,51,Management,Single,Graduate,378447,714,13948,Yes,No,No,8,1,No
1109,38,Management,Married,Graduate,204900,775,65630,Yes,No,Yes,3,124,Yes
1110,34,Management,Married,Graduate,442676,816,0,No,Yes,No,5,79,Yes
1111,56,Retired,Married,Not Graduate,678996,504,179704,Yes,No,Yes,3,27,No
1112,41,Entrepreneur,Married,Graduate,306186,721,19823,Yes,Yes,Yes,2,89,No
1113,38,Technician,Single,Graduate,227605,625,160628,Yes,No,No,3,29,No
1114,62,Admin,Divorced,Graduate,795722,772,0,No,Yes,Yes,3,50,No
1115,37,Services,Married,Not Graduate,378049,586,156455,No,No,No,3,73,Yes
1116,44,Management,Married,Graduate,693549,740,36145,No,No,Yes,4,69,Yes
1117,46,Entrepreneur,Divorced,Graduate,516419,749,67274,Yes,No,No,6,105,No
1118,46,Management,Married,Graduate,583058,729,204427,Yes,No,Yes,6,56,No
1119,53,Technician,Married,Graduate,271083,612,0,No,No,No,4,68,No
1120,52,Entrepreneur,Single,Graduate,221243,603,0,No,No,Yes,5,94,No
1121,43,Student,Married,Not Graduate,643879,639,190701,No,No,No,4,52,Yes
1122,41,Technician,Divorced,Graduate,784100,718,23009,Yes,No,Yes,4,150,Yes
1123,36,Technician,Married,Graduate,722224,683,112226,Yes,No,No,2,67,No
1124,38,Self-Employed,Married,Not Graduate,782820,758,71260,Yes,No,No,3,35,Yes
1125,21,Technician,Single,Graduate,688912,671,33674,Yes,Yes,Yes,3,1,Yes
1126,33,Admin,Single,Graduate,421590,777,0,No,No,No,2,161,Yes
1127,43,Self-Employed,Divorced,Graduate,1128087,745,134512,No,No,Yes,3,41,No
1128,42,Management,Married,Graduate,193183,647,144820,Yes,Yes,Yes,6,111,No
1129,42,Unemployed,Single,Not Graduate,570505,622,0,No,No,Yes,1,89,No
1130,31,Self-Employed,Married,Not Graduate,332197,560,0,Yes,No,Yes,4,81,No
1131,36,Technician,Single,Not Graduate,804649,565,22214,Yes,No,No,1,78,Yes
1132,62,Entrepreneur,Married,Not Graduate,1009503,815,83471,No,Yes,No,3,71,Yes
1133,46,Services,Married,Graduate,553107,648,72330,No,No,No,2,63,No
1134,48,Management,Single,Graduate,481547,628,153824,No,No,No,3,122,No
1135,25,Self-Employed,Married,Graduate,694828,681,228318,No,Yes,No,4,118,No
1136,30,Technician,Married,Graduate,346729,643,6182,No,No,No,2,65,No
1137,44,Management,Married,Not Graduate,296375,710,81903,No,No,Yes,4,44,No
1138,23,Self-Employed,Single,Not Graduate,523213,635,234753,Yes,No,No,3,79,No
1139,39,Technician,Married,Not Graduate,511205,697,0,No,Yes,No,4,97,No
1140,51,Unemployed,Single,Not Graduate,460041,741,155248,Yes,No,No,3,69,No
1141,39,Services,Married,Not Graduate,535461,732,0,No,No,No,3,70,No
1142,36,Self-Employed,Single,Graduate,206191,672,11542,No,No,Yes,3,47,No
1143,36,Self-Employed,Married,Not Graduate,587560,757,89132,No,No,No,4,147,Yes
1144,45,Retired,Single,Not Graduate,2088583,666,182937,Yes,No,Yes,2,86,Yes
1145,50,Unemployed,Married,Graduate,291593,756,0,No,No,No,2,7,Yes
1146,37,Self-Employed,Married,Graduate,341656,655,209495,No,No,No,1,23,No
1147,26,Entrepreneur,Married,Not Graduate,1612607,639,176721,Yes,No,No,3,80,No
1148,36,Retired,Married,Not Graduate,513781,727,83471,Yes,No,No,3,27,Yes
1149,30,Admin,Married,Not Graduate,399677,623,0,No,No,No,4,1,No
1150,55,Management,Married,Graduate,183805,588,156174,Yes,No,No,3,22,No
1151,34,Entrepreneur,Single,Graduate,1239388,832,52598,No,No,No,3,29,Yes
1152,49,Admin,Married,Not Graduate,298988,738,83471,Yes,No,Yes,6,112,No
1153,44,Unemployed,Married,Graduate,717751,803,2855,Yes,No,Yes,3,87,Yes
1154,47,Retired,Married,Graduate,679814,634,37349,No,No,No,3,58,No
1155,47,Student,Single,Graduate,834309,717,10405,No,No,No,4,22,No
1156,40,Technician,Divorced,Not Graduate,413375,669,0,No,No,No,7,33,No
1157,39,Self-Employed,Married,Graduate,888694,562,0,Yes,No,Yes,4,1,No
1158,24,Management,Single,Graduate,202712,849,0,No,Yes,Yes,2,70,Yes
1159,49,Technician,Single,Graduate,251475,807,0,Yes,No,Yes,2,1,Yes
1160,27,Admin,Married,Graduate,492564,650,150541,No,No,Yes,1,119,No
1161,27,Admin,Married,Graduate,1396349,741,238257,No,No,No,6,68,No
1162,43,Entrepreneur,Married,Graduate,436494,745,130202,No,No,Yes,4,113,Yes
1163,44,Self-Employed,Married,Graduate,553107,586,57957,Yes,No,No,2,104,No
1164,32,Entrepreneur,Married,Graduate,682243,749,0,Yes,No,No,3,49,Yes
1165,44,Entrepreneur,Married,Graduate,523474,814,79150,Yes,No,Yes,4,149,No
1166,20,Self-Employed,Married,Graduate,127005,660,179461,Yes,No,Yes,1,136,No
1167,41,Services,Married,Graduate,1395623,692,131346,Yes,No,No,1,84,Yes
1168,40,Unemployed,Single,Graduate,1533686,663,234525,Yes,Yes,No,4,33,No
1169,53,Entrepreneur,Single,Graduate,389802,631,135306,No,No,No,6,99,No
1170,22,Admin,Single,Graduate,227342,545,7123,No,No,Yes,5,84,No
1171,50,Student,Single,Graduate,922844,794,201039,Yes,No,No,5,57,Yes
1172,58,Unemployed,Single,Not Graduate,789822,709,52827,No,No,No,3,7,No
1173,63,Self-Employed,Single,Graduate,392346,629,153993,No,No,No,2,38,No
1174,51,Student,Divorced,Graduate,913754,805,0,No,No,No,5,24,No
1175,28,Services,Single,Graduate,204354,689,0,No,No,Yes,2,79,No
1176,40,Student,Single,Graduate,1018241,613,126828,No,No,No,2,114,Yes
1177,21,Entrepreneur,Single,Graduate,407964,579,88869,Yes,No,Yes,5,141,Yes
1178,32,Entrepreneur,Single,Graduate,899056,633,83143,No,No,No,3,58,No
1179,32,Retired,Married,Graduate,1171430,756,58927,No,No,No,5,1,No
1180,59,Self-Employed,Single,Graduate,500936,673,17501,No,No,No,3,18,No
1181,51,Retired,Married,Graduate,653770,680,81628,No,No,No,2,1,Yes
1182,42,Unemployed,Single,Graduate,1003505,761,67367,No,No,No,4,100,No
1183,38,Student,Married,Graduate,153492,591,87379,No,No,No,4,22,No
1184,31,Services,Married,Graduate,187953,651,0,No,Yes,No,1,165,No
1185,47,Services,Married,Graduate,952539,622,206594,Yes,No,No,2,68,No
1186,57,Self-Employed,Single,Graduate,659541,841,65543,Yes,Yes,No,4,52,Yes
1187,23,Entrepreneur,Single,Not Graduate,484289,542,53184,Yes,No,No,1,31,Yes
1188,32,Technician,Single,Not Graduate,494162,674,105057,No,No,No,3,69,Yes
1189,54,Self-Employed,Single,Graduate,246989,714,299570,Yes,Yes,Yes,7,88,Yes
1190,49,Self-Employed,Single,Graduate,555855,740,37749,Yes,No,No,4,45,Yes
1191,34,Services,Single,Graduate,244793,713,166950,No,No,No,3,17,Yes
1192,22,Services,Married,Graduate,278393,652,0,Yes,No,No,3,86,No
1193,34,Self-Employed,Married,Graduate,752118,810,44387,No,No,No,4,129,No
1194,19,Self-Employed,Single,Graduate,425056,671,106372,No,No,No,3,10,No
1195,41,Unemployed,Single,Graduate,1970420,631,192473,No,No,No,7,116,Yes
1196,41,Unemployed,Married,Not Graduate,851957,716,260156,Yes,No,No,6,30,No
1197,51,Services,Married,Graduate,283055,747,141670,Yes,No,No,3,101,No
1198,54,Entrepreneur,Single,Graduate,2014031,684,213433,Yes,Yes,No,3,110,No
1199,39,Retired,Married,Not Graduate,722489,711,4356,Yes,No,No,2,87,No
1200,48,Student,Divorced,Graduate,503010,644,0,No,No,No,3,49,No
1201,57,Technician,Divorced,Not Graduate,1062813,678,83471,Yes,No,Yes,4,16,No
1202,44,Technician,Married,Graduate,814753,665,106627,No,No,No,4,96,No
1203,44,Technician,Married,Graduate,464950,724,31917,No,No,No,5,96,Yes
1204,35,Technician,Married,Graduate,360209,681,0,No,No,No,2,45,No
1205,53,Unemployed,Married,Graduate,542539,719,72898,No,No,No,1,88,Yes
1206,40,Technician,Divorced,Graduate,562345,689,49479,Yes,No,No,3,73,No
1207,42,Services,Divorced,Graduate,2488577,745,123208,Yes,No,No,1,127,Yes
1209,44,Admin,Married,Graduate,593163,752,30017,No,No,Yes,3,36,No
1210,44,Entrepreneur,Single,Graduate,443501,678,38098,No,No,No,3,77,No
1211,40,Services,Married,Graduate,476335,687,158173,Yes,No,No,3,116,No
1212,36,Services,Married,Not Graduate,1001774,762,51866,Yes,No,No,2,20,No
1213,57,Retired,Divorced,Graduate,123935,592,91706,Yes,No,No,2,45,Yes
1214,42,Retired,Divorced,Not Graduate,544886,833,16154,Yes,No,No,2,26,Yes
1215,53,Self-Employed,Single,Graduate,973099,632,87164,No,No,Yes,3,142,No
1216,35,Student,Married,Graduate,474960,641,0,Yes,No,Yes,5,58,Yes
1217,51,Admin,Married,Not Graduate,1231402,721,30228,No,No,Yes,3,3,No
1218,25,Entrepreneur,Married,Not Graduate,1623443,783,29807,Yes,No,No,3,55,No
1219,37,Retired,Single,Graduate,1389126,744,187277,No,No,No,6,122,Yes
1220,29,Services,Married,Not Graduate,438166,671,94530,No,No,Yes,3,51,No
1221,50,Technician,Married,Graduate,328899,690,96624,Yes,No,No,2,18,No
1222,48,Retired,Married,Not Graduate,553107,623,215255,No,No,No,3,58,No
1223,53,Unemployed,Married,Graduate,393901,714,0,No,No,No,4,1,Yes
1224,28,Entrepreneur,Divorced,Graduate,1050851,689,119979,Yes,No,No,3,127,No
1225,43,Admin,Married,Graduate,553107,716,65296,Yes,No,No,6,149,Yes
1226,36,Management,Divorced,Graduate,713123,651,121651,Yes,Yes,Yes,3,54,Yes
1227,39,Services,Married,Not Graduate,503014,642,110220,Yes,No,Yes,2,94,No
1228,49,Student,Single,Not Graduate,206600,760,90208,No,No,No,1,87,No
1229,38,Admin,Divorced,Graduate,395402,628,0,No,Yes,No,4,109,No
1230,53,Student,Married,Graduate,294481,767,13250,No,No,No,7,45,No
1231,38,Technician,Married,Graduate,316883,778,58910,No,Yes,No,2,81,No
1232,44,Management,Single,Not Graduate,625920,720,44814,Yes,No,No,3,77,No
1233,38,Services,Married,Graduate,676971,734,139414,No,No,No,3,96,Yes
1234,43,Services,Married,Graduate,553107,568,54432,Yes,Yes,No,4,63,No
1235,59,Management,Single,Not Graduate,1057962,606,132452,No,No,No,2,1,Yes
1236,30,Self-Employed,Single,Graduate,667368,712,0,Yes,No,No,4,118,Yes
1237,51,Services,Married,Not Graduate,1262679,521,0,Yes,No,No,1,166,No
1238,23,Technician,Married,Not Graduate,572182,745,84239,No,Yes,Yes,4,47,No
1239,35,Technician,Single,Graduate,460685,612,151558,No,No,No,4,110,Yes
1240,18,Admin,Married,Not Graduate,260669,731,26902,Yes,No,No,4,15,Yes
1241,37,Admin,Single,Graduate,494471,674,103320,Yes,No,No,4,78,No
1242,59,Self-Employed,Divorced,Graduate,453589,700,18545,No,No,No,3,99,No
1243,18,Services,Divorced,Not Graduate,1122593,678,213806,No,No,No,5,73,No
1244,41,Technician,Single,Not Graduate,597165,768,115158,Yes,No,No,2,81,Yes
1245,41,Management,Single,Graduate,438421,664,0,Yes,No,No,1,100,No
1246,34,Technician,Married,Graduate,771515,711,19135,Yes,No,No,6,92,No
1247,45,Entrepreneur,Single,Graduate,355807,668,118331,Yes,Yes,Yes,3,15,No
1248,50,Management,Divorced,Graduate,312905,689,62672,No,No,Yes,2,73,Yes
1249,38,Student,Married,Graduate,505485,569,0,No,No,No,1,39,No
1250,47,Entrepreneur,Married,Not Graduate,729747,677,222946,No,No,Yes,3,139,No
1251,36,Admin,Married,Not Graduate,542733,681,80473,No,Yes,No,2,149,No
1252,28,Services,Single,Not Graduate,636488,635,0,Yes,No,No,3,85,Yes
1253,29,Student,Married,Graduate,728588,719,116484,No,No,No,3,155,No
1254,38,Unemployed,Single,Graduate,2512862,814,120946,No,No,No,4,103,Yes
1255,52,Admin,Divorced,Graduate,520282,598,31588,No,No,No,6,22,No
1256,18,Management,Married,Not Graduate,407889,651,246218,No,No,Yes,3,73,No
1257,39,Technician,Married,Graduate,283081,523,85423,Yes,No,No,1,153,No
1258,41,Unemployed,Single,Not Graduate,333876,574,112730,No,No,No,3,80,No
1259,42,Technician,Married,Not Graduate,887652,768,0,Yes,No,No,3,101,No
1260,25,Unemployed,Married,Graduate,270436,700,25743,Yes,Yes,No,4,118,No
1261,58,Services,Married,Graduate,432723,693,0,No,No,No,5,73,Yes
1262,35,Self-Employed,Married,Graduate,1648807,746,171082,No,No,Yes,3,26,Yes
1263,57,Admin,Married,Graduate,1176872,712,0,Yes,No,Yes,2,73,Yes
1264,41,Technician,Single,Graduate,485528,748,0,Yes,No,No,6,33,No
1265,42,Admin,Married,Not Graduate,398235,687,311810,No,No,No,2,101,No
1266,46,Services,Married,Not Graduate,457296,560,70503,No,No,No,3,95,No
1267,49,Services,Married,Not Graduate,544692,763,139975,No,No,No,3,22,Yes
1268,44,Self-Employed,Single,Graduate,971992,705,83471,No,Yes,No,5,1,No
1269,18,Unemployed,Married,Graduate,560705,689,0,No,No,No,5,17,Yes
1270,44,Management,Married,Graduate,120000,771,155726,No,No,No,2,1,Yes
1271,23,Unemployed,Single,Graduate,2011847,621,155311,Yes,No,Yes,2,49,Yes
1272,19,Technician,Single,Graduate,182609,823,55444,Yes,No,No,5,17,Yes
1273,39,Management,Single,Not Graduate,695733,713,123811,Yes,No,Yes,2,1,No
1274,38,Student,Single,Not Graduate,803242,734,83471,Yes,No,No,3,34,No
1275,29,Unemployed,Married,Graduate,823830,608,160670,No,No,Yes,5,134,Yes
1276,51,Services,Married,Not Graduate,642230,571,50413,No,No,Yes,4,119,No
1277,52,Technician,Married,Graduate,850491,674,0,No,No,Yes,2,113,Yes
1278,75,Management,Married,Graduate,502970,576,6316,Yes,No,No,4,77,No
1279,45,Student,Married,Not Graduate,396225,593,49579,Yes,No,No,4,22,No
1280,35,Retired,Single,Not Graduate,470413,736,223716,Yes,No,No,5,117,Yes
1281,56,Self-Employed,Single,Graduate,894269,779,181904,Yes,No,Yes,2,86,No
1282,38,Management,Married,Not Graduate,405149,799,10302,Yes,No,No,3,103,No
1283,57,Admin,Married,Graduate,1109889,618,128074,Yes,No,No,2,80,No
1284,39,Entrepreneur,Single,Graduate,834788,621,0,No,No,Yes,2,29,No
1285,39,Admin,Single,Graduate,646970,703,0,Yes,No,No,6,132,No
1286,57,Self-Employed,Married,Graduate,321806,617,63979,No,No,No,-2,142,Yes
1287,36,Services,Married,Graduate,621173,788,8644,No,No,Yes,2,79,Yes
1288,27,Admin,Single,Graduate,207336,714,0,No,No,No,3,47,No
1289,58,Entrepreneur,Single,Not Graduate,896270,700,86270,Yes,Yes,No,3,50,No
1290,37,Admin,Single,Not Graduate,170072,755,171182,Yes,No,No,2,172,Yes
1291,48,Retired,Married,Graduate,403598,793,139695,Yes,No,No,2,17,Yes
1292,48,Technician,Divorced,Not Graduate,721964,659,133630,No,No,No,3,49,No
1293,52,Management,Married,Graduate,518550,696,35670,No,No,No,6,48,No
1294,21,Admin,Single,Not Graduate,631727,627,211375,Yes,No,Yes,4,97,No
1295,32,Student,Single,Graduate,625629,657,148883,Yes,No,No,5,23,No
1296,50,Technician,Divorced,Graduate,366603,688,82974,Yes,No,Yes,3,96,No
1297,47,Services,Married,Graduate,425796,725,20244,Yes,No,No,2,1,No
1298,56,Student,Single,Graduate,665748,593,144107,Yes,No,No,5,100,No
1299,33,Student,Married,Graduate,248046,689,13333,Yes,No,No,3,55,No
1300,43,Self-Employed,Divorced,Graduate,157907,751,122714,Yes,No,No,5,98,Yes
1301,56,Student,Divorced,Graduate,436191,735,83471,No,No,No,2,91,No
1302,34,Retired,Single,Not Graduate,743054,714,83471,No,No,No,5,78,No
1303,59,Self-Employed,Married,Not Graduate,340064,673,5076,Yes,Yes,Yes,5,1,No
1304,26,Student,Married,Graduate,489004,706,111069,Yes,No,No,1,19,No
1305,23,Management,Married,Graduate,308784,717,55443,Yes,No,No,2,37,No
1306,18,Student,Married,Graduate,333280,710,0,No,No,No,2,1,No
1307,55,Services,Single,Graduate,829254,681,138257,No,No,No,5,107,Yes
1308,18,Technician,Married,Not Graduate,455055,607,0,No,No,Yes,1,85,Yes
1309,35,Entrepreneur,Single,Graduate,304361,686,805,Yes,No,No,4,104,No
1310,40,Student,Married,Not Graduate,356170,671,145725,Yes,Yes,No,1,152,Yes
1311,24,Admin,Single,Graduate,905856,711,118338,No,No,No,4,40,Yes
1312,33,Technician,Married,Graduate,923512,747,71447,Yes,No,No,1,73,Yes
1313,39,Admin,Married,Graduate,499650,708,177106,No,No,Yes,2,88,No
1314,43,Retired,Divorced,Not Graduate,221194,837,141480,No,No,Yes,1,48,Yes
1315,33,Admin,Married,Graduate,307321,717,68772,No,No,No,5,27,Yes
1316,44,Admin,Married,Graduate,1059336,694,221692,Yes,No,No,4,126,Yes
1317,56,Student,Divorced,Not Graduate,559050,653,325822,No,No,No,3,3,No
1318,38,Technician,Married,Graduate,176791,658,36311,Yes,No,Yes,6,90,No
1319,51,Unemployed,Married,Graduate,542019,764,0,No,No,No,3,21,Yes
1320,60,Admin,Married,Graduate,804466,648,106722,No,Yes,No,3,95,No
1321,26,Services,Married,Graduate,670090,574,0,No,No,Yes,4,66,Yes
1322,56,Admin,Single,Graduate,411917,804,0,Yes,No,No,9,96,No
1323,30,Management,Married,Graduate,253953,653,0,No,No,Yes,5,98,No
1324,46,Unemployed,Married,Graduate,510574,598,122239,Yes,No,No,3,1,Yes
1325,38,Retired,Single,Not Graduate,1115052,712,56779,Yes,No,No,5,80,No
1326,24,Unemployed,Married,Graduate,540908,724,0,Yes,No,No,2,55,Yes
1327,61,Entrepreneur,Married,Graduate,594915,718,89195,No,No,No,5,88,Yes
1328,43,Admin,Single,Graduate,204238,702,0,Yes,No,No,3,100,No
1329,39,Services,Single,Graduate,270119,702,104546,No,No,No,2,60,Yes
1330,18,Admin,Divorced,Graduate,350345,755,77515,No,No,Yes,4,142,Yes
1331,40,Unemployed,Married,Graduate,782685,628,102363,No,No,No,2,101,No
1332,43,Retired,Married,Graduate,277814,683,0,Yes,Yes,No,3,99,No
1333,49,Technician,Married,Graduate,266884,603,8965,Yes,No,No,4,50,No
1334,41,Management,Married,Graduate,482452,651,100073,Yes,No,No,4,78,No
1335,29,Services,Single,Not Graduate,601573,682,0,No,No,No,3,26,No
1336,50,Unemployed,Single,Graduate,431717,749,97790,No,No,No,4,39,Yes
1337,44,Management,Divorced,Graduate,1438154,608,109627,No,No,No,6,14,No
1338,48,Management,Single,Graduate,521321,724,83471,No,No,No,4,63,Yes
1339,18,Technician,Divorced,Not Graduate,541641,693,121783,No,Yes,No,3,73,No
1340,18,Management,Single,Graduate,1007061,773,41847,Yes,No,No,3,112,Yes
1341,39,Management,Married,Not Graduate,638621,806,78804,No,No,Yes,5,38,Yes
1342,31,Admin,Married,Graduate,576938,633,48353,No,No,No,3,52,No
1343,38,Self-Employed,Divorced,Not Graduate,540789,682,126310,No,No,No,3,1,No
1344,32,Self-Employed,Divorced,Graduate,713668,817,0,Yes,No,No,1,22,No
1345,37,Student,Single,Graduate,704315,765,106432,No,No,No,3,1,Yes
1346,43,Entrepreneur,Single,Not Graduate,214556,674,121911,Yes,No,No,5,83,No
1347,36,Technician,Married,Not Graduate,1155552,748,161118,Yes,No,No,2,1,Yes
1348,28,Retired,Divorced,Graduate,675239,707,162453,Yes,No,No,4,74,Yes
1349,46,Admin,Single,Graduate,201541,633,172049,Yes,Yes,No,7,80,No
1350,33,Admin,Single,Not Graduate,1204321,625,127912,Yes,No,No,3,1,No
1351,46,Student,Single,Graduate,339818,710,0,No,No,No,3,88,Yes
1352,28,Self-Employed,Single,Graduate,243094,597,250520,No,No,No,6,146,No
1353,38,Technician,Married,Not Graduate,307202,783,154797,No,No,Yes,3,103,No
1354,45,Management,Married,Not Graduate,619021,850,119842,Yes,No,No,2,140,Yes
1355,37,Management,Divorced,Not Graduate,335498,768,13298,No,No,No,3,97,No
1356,75,Student,Divorced,Graduate,488943,637,118271,No,Yes,Yes,2,42,No
1357,44,Unemployed,Single,Graduate,975366,614,109172,Yes,No,No,8,57,No
1358,24,Self-Employed,Married,Not Graduate,564654,691,220938,Yes,No,No,3,153,No
1360,32,Retired,Divorced,Graduate,264009,681,47945,No,No,No,4,25,Yes
1361,29,Student,Married,Not Graduate,659442,580,0,No,No,No,1,126,No
1362,45,Admin,Married,Not Graduate,759331,757,143297,Yes,No,Yes,3,69,Yes
1363,36,Admin,Married,Graduate,633414,676,83471,No,No,Yes,2,74,No
1364,29,Technician,Married,Graduate,378715,720,130278,No,Yes,No,2,1,No
1365,37,Unemployed,Married,Graduate,293673,670,83471,Yes,No,No,3,38,No
1366,42,Unemployed,Single,Graduate,249052,678,77457,Yes,No,No,3,83,No
1367,19,Admin,Divorced,Not Graduate,279141,727,65497,No,No,No,2,138,Yes
1368,53,Technician,Married,Not Graduate,257045,740,0,No,No,No,5,36,No
1369,27,Student,Married,Not Graduate,1164090,607,97070,No,No,No,2,29,No
1370,49,Student,Married,Graduate,712898,737,91064,No,Yes,No,4,73,No
1371,40,Student,Divorced,Graduate,544053,596,90722,No,Yes,Yes,3,61,No
1372,32,Student,Single,Not Graduate,287314,608,150564,Yes,Yes,No,3,53,No
1373,46,Admin,Single,Not Graduate,445934,693,119127,No,No,No,3,197,Yes
1374,39,Admin,Married,Graduate,1047007,723,153091,No,No,No,3,97,Yes
1375,28,Retired,Single,Not Graduate,494677,704,146342,Yes,No,Yes,4,140,Yes
1376,53,Entrepreneur,Married,Not Graduate,553107,562,122594,No,No,No,3,141,No
1377,45,Management,Married,Graduate,369881,631,74829,Yes,Yes,Yes,3,39,No
1378,20,Retired,Divorced,Graduate,733140,624,14356,Yes,No,No,3,119,No
1379,49,Self-Employed,Single,Graduate,1244973,702,127806,Yes,No,Yes,8,60,Yes
1380,39,Services,Married,Graduate,267294,692,143415,Yes,No,Yes,5,40,Yes
1381,59,Student,Married,Graduate,914543,653,0,No,No,No,2,11,No
1382,36,Entrepreneur,Married,Graduate,535913,787,0,Yes,Yes,Yes,1,13,Yes
1383,36,Admin,Married,Graduate,134417,639,86523,No,No,Yes,4,102,No
1384,47,Admin,Married,Graduate,743875,668,44071,Yes,No,No,4,70,No
1385,55,Technician,Married,Graduate,875231,684,54565,Yes,No,Yes,3,73,No
1386,31,Management,Single,Not Graduate,570627,706,213540,Yes,No,No,2,150,No
1387,61,Retired,Married,Graduate,953458,629,127837,No,No,No,4,114,No
1388,45,Entrepreneur,Single,Graduate,403389,670,0,No,Yes,No,4,41,Yes
1389,51,Self-Employed,Married,Not Graduate,585811,797,200149,No,No,No,3,13,No
1390,60,Technician,Married,Graduate,20000000,672,111782,Yes,No,Yes,2,40,No
1391,56,Management,Married,Graduate,360866,719,0,No,No,No,2,146,No
1392,75,Management,Married,Graduate,833598,688,201047,No,No,No,1,116,Yes
1393,24,Entrepreneur,Single,Graduate,689955,680,0,Yes,Yes,No,4,176,No
1394,42,Retired,Single,Not Graduate,1650621,640,51912,Yes,No,Yes,4,118,Yes
1395,32,Services,Married,Graduate,679894,646,167369,Yes,Yes,Yes,6,46,No
1396,25,Self-Employed,Married,Not Graduate,546795,645,119281,Yes,Yes,No,5,45,No
1397,45,Admin,Single,Graduate,290677,608,52408,No,No,No,5,1,No
1398,65,Retired,Single,Graduate,375142,626,50769,Yes,No,Yes,4,56,No
1399,56,Entrepreneur,Married,Not Graduate,635306,613,111196,No,No,No,4,184,No
1400,62,Admin,Divorced,Graduate,568079,725,0,No,No,No,4,98,No
1401,23,Entrepreneur,Single,Graduate,494519,643,37114,No,Yes,No,2,56,No
1402,38,Admin,Married,Not Graduate,285038,693,175352,Yes,No,No,8,157,No
1403,36,Management,Single,Not Graduate,498393,677,252474,Yes,No,No,3,97,No
1404,40,Self-Employed,Single,Graduate,1620352,636,207666,No,No,No,2,79,No
1405,49,Unemployed,Married,Not Graduate,928649,752,0,Yes,No,No,5,97,No
1406,47,Services,Single,Graduate,584381,615,0,No,Yes,Yes,4,13,No
1407,32,Management,Married,Graduate,553107,679,133929,No,No,No,3,111,Yes
1408,30,Entrepreneur,Married,Not Graduate,414124,630,110841,No,No,No,4,70,Yes
1409,36,Entrepreneur,Married,Not Graduate,622655,689,129583,No,Yes,No,1,95,No
1410,33,Student,Married,Not Graduate,478330,760,215637,Yes,Yes,No,5,118,No
1411,51,Admin,Divorced,Graduate,287383,647,97659,Yes,No,No,3,132,Yes
1412,40,Technician,Divorced,Graduate,444804,695,119053,Yes,No,No,3,80,No
1413,58,Admin,Divorced,Not Graduate,863205,644,0,No,No,No,4,8,No
1414,35,Technician,Divorced,Not Graduate,354509,726,10028,Yes,No,No,1,50,No
1415,36,Management,Divorced,Not Graduate,562104,710,0,Yes,Yes,No,6,51,No
1416,34,Entrepreneur,Married,Graduate,855330,609,0,No,Yes,No,5,100,No
1417,47,Unemployed,Married,Graduate,1346723,807,91037,Yes,No,No,4,77,No
1418,30,Unemployed,Married,Graduate,1008184,622,119669,Yes,No,Yes,3,93,No
1419,44,Entrepreneur,Married,Graduate,586366,850,0,Yes,Yes,No,6,73,Yes
1420,56,Retired,Married,Graduate,206872,606,63025,No,No,Yes,4,30,No
1421,44,Management,Single,Not Graduate,817835,539,91629,No,No,No,5,73,No
1422,26,Services,Married,Graduate,518360,613,0,Yes,No,No,3,108,No
1423,42,Admin,Single,Not Graduate,1045238,791,145498,Yes,No,Yes,3,30,No
1424,36,Admin,Married,Not Graduate,637902,559,45048,Yes,No,No,5,66,No
1425,32,Admin,Single,Graduate,446804,730,0,Yes,No,No,1,3,No
1426,44,Student,Married,Not Graduate,636261,741,45968,Yes,No,No,3,145,Yes
1427,21,Technician,Divorced,Graduate,296182,697,0,Yes,No,Yes,2,1,No
1428,59,Admin,Single,Graduate,570708,689,0,Yes,No,No,1,97,Yes
1429,48,Entrepreneur,Married,Graduate,576528,752,174020,No,No,No,4,67,Yes
1430,27,Self-Employed,Married,Graduate,403215,665,149709,Yes,No,No,3,38,No
1431,35,Student,Married,Not Graduate,980213,607,0,No,No,No,5,6,No
1432,27,Entrepreneur,Married,Graduate,1159229,723,54837,Yes,No,No,2,77,No
1433,51,Retired,Single,Graduate,353004,742,190654,Yes,No,No,1,82,Yes
1434,35,Management,Married,Graduate,493462,566,110878,No,No,No,3,104,No
1435,62,Student,Married,Graduate,853198,556,1181,Yes,No,No,3,91,No
1436,58,Retired,Divorced,Not Graduate,923172,692,88011,No,No,No,3,67,No
1437,43,Self-Employed,Married,Not Graduate,294914,620,19243,No,No,Yes,4,89,Yes
1438,48,Self-Employed,Single,Graduate,640394,744,237590,Yes,No,Yes,4,55,Yes
1439,41,Services,Single,Graduate,359691,616,143246,No,No,No,1,88,No
1440,32,Retired,Married,Graduate,483347,694,157761,Yes,No,No,5,89,Yes
1441,33,Technician,Single,Not Graduate,475238,720,70708,Yes,Yes,No,3,64,No
1442,37,Technician,Married,Graduate,274507,654,141496,Yes,No,Yes,3,73,No
1443,29,Services,Married,Not Graduate,261478,647,208102,No,No,No,1,142,No
1444,60,Unemployed,Single,Graduate,905463,778,91048,Yes,No,No,2,125,Yes
1445,33,Management,Single,Not Graduate,304826,658,148125,Yes,No,Yes,6,1,Yes
1446,50,Services,Married,Not Graduate,624678,796,104830,No,No,No,6,31,No
1447,40,Management,Married,Graduate,513683,759,0,No,No,No,2,89,No
1448,40,Student,Married,Not Graduate,631315,617,0,No,Yes,No,5,109,No
1449,48,Unemployed,Married,Graduate,1038017,647,286675,Yes,No,No,3,177,No
1450,31,Technician,Divorced,Graduate,323489,579,56832,Yes,No,Yes,1,111,No
1451,45,Unemployed,Divorced,Not Graduate,731167,616,108594,Yes,No,No,2,110,No
1452,18,Services,Single,Graduate,349257,746,135761,Yes,No,No,2,101,Yes
1453,44,Services,Single,Graduate,678852,611,118901,Yes,No,No,5,132,Yes
1454,25,Admin,Married,Not Graduate,824757,652,186625,Yes,No,No,5,109,Yes
1455,56,Unemployed,Single,Not Graduate,401144,770,42853,Yes,No,Yes,3,13,Yes
1456,36,Unemployed,Married,Graduate,586192,741,83471,No,No,Yes,1,29,No
1457,34,Services,Single,Graduate,973292,756,68493,No,No,No,5,70,No
1458,41,Student,Single,Graduate,973004,607,258219,Yes,No,No,5,21,Yes
1459,41,Services,Divorced,Graduate,189987,608,58168,Yes,No,Yes,2,78,No
1460,44,Self-Employed,Married,Not Graduate,378790,594,324248,Yes,No,No,4,1,Yes
1461,36,Self-Employed,Married,Graduate,766011,731,0,No,No,No,2,100,No
1462,32,Student,Married,Graduate,352294,604,6529,No,No,Yes,4,120,Yes
1463,27,Self-Employed,Single,Graduate,737074,682,0,No,No,Yes,2,22,No
1464,32,Admin,Married,Not Graduate,505110,638,145739,No,No,No,6,88,No
1465,37,Unemployed,Married,Graduate,1063361,850,123649,Yes,No,No,3,52,Yes
1466,27,Technician,Married,Not Graduate,443979,687,90852,No,Yes,Yes,2,74,No
1467,24,Retired,Single,Graduate,594697,759,163988,No,No,No,3,126,Yes
1468,20,Student,Divorced,Graduate,2760454,764,149672,No,No,No,2,130,Yes
1469,39,Admin,Single,Graduate,537544,708,23334,No,No,No,4,43,No
1470,32,Student,Single,Graduate,1326753,643,53713,No,No,No,3,121,Yes
1471,29,Retired,Divorced,Graduate,1046788,667,146093,Yes,No,No,1,125,Yes
1472,49,Admin,Married,Graduate,648325,736,145018,No,No,No,1,93,Yes
1473,39,Entrepreneur,Single,Not Graduate,458752,585,0,No,No,Yes,1,110,No
1474,27,Services,Married,Not Graduate,615383,601,61086,Yes,No,Yes,1,69,No
1475,48,Self-Employed,Divorced,Not Graduate,301481,603,180252,No,No,Yes,5,85,No
1476,38,Management,Divorced,Not Graduate,616572,786,223319,No,No,Yes,3,134,Yes
1477,44,Management,Single,Graduate,248161,668,4445,No,Yes,No,3,1,No
1478,35,Entrepreneur,Single,Graduate,1614578,850,167252,Yes,No,Yes,2,58,Yes
1479,49,Services,Married,Not Graduate,549906,850,39362,No,Yes,No,3,1,No
1480,30,Services,Married,Not Graduate,436741,733,133351,No,No,No,4,1,No
1481,24,Self-Employed,Divorced,Graduate,704799,691,0,No,No,No,1,37,No
1482,74,Student,Married,Not Graduate,282605,740,113151,Yes,No,No,3,18,No
1483,43,Admin,Married,Graduate,415748,658,54141,No,No,No,4,1,No
1484,39,Admin,Single,Graduate,229351,624,153515,Yes,No,No,3,62,No
1485,40,Entrepreneur,Married,Graduate,332487,712,234188,Yes,No,No,2,120,Yes
1486,31,Student,Married,Graduate,506732,641,0,Yes,No,No,6,170,No
1487,33,Unemployed,Married,Graduate,484376,734,107248,No,No,No,2,1,No
1488,53,Admin,Married,Graduate,1100465,611,0,No,No,No,4,154,No
1489,18,Management,Married,Graduate,709386,560,132585,Yes,No,No,2,123,No
1490,51,Admin,Married,Not Graduate,1384286,679,204925,Yes,No,Yes,3,2,Yes
1491,34,Unemployed,Married,Not Graduate,291822,626,122067,Yes,No,Yes,3,60,Yes
1492,46,Retired,Single,Graduate,613669,670,94530,No,Yes,Yes,4,48,Yes
1493,35,Services,Single,Graduate,440250,794,0,No,No,Yes,2,129,No
1494,33,Unemployed,Divorced,Not Graduate,1116118,593,252017,No,No,No,2,88,No
1495,39,Admin,Married,Graduate,810989,672,0,Yes,No,No,6,46,No
1496,45,Admin,Married,Graduate,853596,591,58004,Yes,No,Yes,2,29,Yes
1497,55,Retired,Married,Graduate,864693,608,148537,Yes,No,No,2,44,No
1498,36,Management,Married,Graduate,712995,569,64333,No,No,Yes,3,62,Yes
1499,39,Entrepreneur,Married,Graduate,601584,739,122326,Yes,No,Yes,4,24,No
1500,41,Admin,Married,Not Graduate,187517,605,0,Yes,Yes,No,3,15,No
1501,48,Services,Single,Not Graduate,531927,705,133998,No,Yes,No,3,90,No
1502,36,Entrepreneur,Married,Graduate,528254,704,17889,Yes,No,No,3,11,Yes
1503,37,Retired,Married,Graduate,244775,719,-5000,No,No,Yes,6,124,No
1504,37,Unemployed,Married,Graduate,901368,616,115499,No,No,No,3,73,No
1505,42,Entrepreneur,Married,Graduate,349630,772,203256,No,No,No,3,1,No
1506,40,Admin,Single,Not Graduate,553107,644,169130,No,No,Yes,2,12,No
1507,26,Retired,Married,Graduate,641918,779,188309,No,No,No,2,146,Yes
1508,18,Entrepreneur,Married,Graduate,698215,807,84827,No,No,No,4,91,Yes
1509,39,Technician,Single,Not Graduate,482525,695,64071,Yes,No,Yes,4,70,No
1510,39,Entrepreneur,Married,Graduate,643622,596,128866,No,No,No,3,39,No
1511,28,Retired,Married,Not Graduate,376749,677,0,No,No,No,5,102,No
1512,36,Self-Employed,Single,Graduate,798752,660,220217,Yes,Yes,No,3,58,No
1513,31,Admin,Single,Not Graduate,761904,735,56824,Yes,Yes,No,2,84,No
1514,34,Retired,Single,Graduate,1705101,643,104834,Yes,No,No,3,28,No
1515,26,Admin,Married,Not Graduate,561026,784,135776,Yes,No,No,3,122,No
1516,28,Management,Married,Not Graduate,413168,618,24671,No,No,Yes,5,100,Yes
1517,42,Unemployed,Single,Graduate,266545,585,10149,Yes,Yes,Yes,5,104,No
1518,48,Services,Single,Graduate,406206,688,0,Yes,No,Yes,3,75,No
1519,38,Entrepreneur,Married,Graduate,426983,575,0,Yes,No,Yes,4,67,No
1520,52,Technician,Single,Not Graduate,419517,812,34383,No,No,No,3,72,Yes
1521,49,Student,Single,Graduate,993888,731,73501,No,No,Yes,2,1,Yes
1522,31,Student,Married,Graduate,165568,657,127231,No,No,No,4,142,No
1523,39,Unemployed,Married,Not Graduate,655258,703,12535,No,No,No,6,9,Yes
1524,23,Retired,Single,Graduate,191574,648,0,Yes,No,No,1,32,No
1525,36,Retired,Married,Graduate,389072,737,38759,Yes,No,Yes,4,54,Yes
1526,28,Entrepreneur,Single,Not Graduate,343408,554,272892,No,Yes,No,1,96,No
1527,35,Admin,Single,Graduate,603334,690,134830,No,No,Yes,4,106,No
1528,33,Technician,Single,Graduate,147204,739,123512,Yes,Yes,Yes,3,28,Yes
1529,27,Unemployed,Divorced,Graduate,415423,617,30002,Yes,No,No,2,86,No
1530,54,Management,Married,Graduate,855136,594,233530,No,No,No,1,66,No
1531,33,Retired,Single,Not Graduate,1044571,716,97936,Yes,No,Yes,2,77,No
1532,22,Services,Married,Not Graduate,239196,614,187490,No,Yes,No,3,24,No
1533,37,Management,Married,Not Graduate,656041,553,154981,No,Yes,Yes,3,84,No
1534,32,Technician,Married,Graduate,584735,608,76839,Yes,No,Yes,3,44,No
1535,35,Entrepreneur,Single,Graduate,461961,725,111239,Yes,No,No,4,59,Yes
1536,36,Technician,Married,Graduate,1490920,769,60433,No,No,No,2,106,No
1537,29,Technician,Single,Graduate,242597,612,77093,No,No,Yes,7,117,No
1538,38,Management,Single,Not Graduate,384998,670,169493,No,No,Yes,8,172,No
1539,28,Technician,Married,Graduate,553107,631,104957,No,No,No,3,53,No
1540,59,Management,Divorced,Not Graduate,1124333,695,57861,No,No,No,5,147,No
1541,32,Self-Employed,Married,Graduate,1224291,686,198051,Yes,No,No,4,57,Yes
1542,49,Management,Married,Graduate,865958,610,39526,No,No,Yes,1,76,No
1543,45,Services,Single,Graduate,633894,643,232805,No,No,No,4,77,Yes
1544,34,Management,Married,Graduate,284936,611,219587,No,No,Yes,3,1,No
1545,40,Admin,Single,Graduate,583418,646,67186,Yes,No,Yes,3,1,No
1546,32,Entrepreneur,Single,Graduate,797439,649,7123,No,Yes,Yes,3,84,Yes
1547,39,Management,Married,Graduate,522245,654,0,Yes,No,No,3,3,Yes
1548,35,Management,Married,Graduate,459848,610,95588,Yes,No,No,5,21,No
1549,50,Entrepreneur,Married,Not Graduate,579504,685,123656,No,No,No,1,87,No
1550,46,Admin,Married,Graduate,645251,755,154574,Yes,No,Yes,4,78,Yes
1551,46,Management,Married,Not Graduate,1582062,756,109463,Yes,No,Yes,2,73,Yes
1552,54,Admin,Married,Graduate,479046,668,0,No,No,Yes,2,1,No
1553,52,Admin,Married,Graduate,553107,697,122121,No,Yes,No,3,91,No
1554,33,Management,Single,Graduate,668677,605,91070,No,No,Yes,1,51,No
1555,23,Technician,Single,Graduate,553107,607,136046,Yes,No,No,2,101,No
1556,36,Admin,Married,Graduate,823967,649,96959,No,No,No,7,82,No
1557,36,Retired,Married,Not Graduate,971971,723,0,No,Yes,No,4,121,Yes
1558,39,Retired,Married,Graduate,617670,689,0,Yes,Yes,Yes,4,121,No
1559,47,Unemployed,Married,Graduate,434958,744,134367,No,No,Yes,4,65,Yes
1560,44,Technician,Married,Graduate,985512,682,894,No,No,No,5,64,No
1561,55,Services,Single,Graduate,661697,672,130418,Yes,No,No,3,39,No
1562,51,Unemployed,Single,Graduate,388744,708,0,Yes,No,No,5,13,No
1563,38,Self-Employed,Married,Graduate,594603,850,135708,Yes,No,No,4,43,No
1564,34,Student,Married,Graduate,660207,590,63617,Yes,No,Yes,3,18,No
1565,49,Self-Employed,Single,Not Graduate,412575,717,225336,Yes,No,No,4,176,No
1566,47,Unemployed,Married,Graduate,1003487,789,236354,Yes,No,Yes,3,33,Yes
1567,44,Retired,Married,Graduate,605956,689,110288,No,No,No,2,1,No
1568,45,Unemployed,Married,Graduate,804387,674,0,Yes,No,Yes,2,32,No
1569,40,Student,Married,Not Graduate,409397,650,63669,Yes,Yes,No,2,43,No
1570,24,Admin,Single,Graduate,1831883,684,227518,No,No,Yes,4,31,Yes
1571,32,Student,Married,Graduate,451292,705,195681,No,No,Yes,5,85,Yes
1572,28,Retired,Married,Graduate,623940,689,138986,No,No,No,3,91,No
1573,39,Self-Employed,Married,Graduate,641375,643,174700,No,No,No,2,74,No
1574,39,Services,Single,Graduate,858145,714,0,No,No,No,2,102,Yes
1575,34,Admin,Married,Graduate,392176,648,0,No,No,No,3,155,No
1576,26,Technician,Single,Graduate,447868,636,98699,Yes,No,No,3,33,No
1577,52,Retired,Married,Graduate,1066160,826,40958,No,No,No,3,93,Yes
1578,38,Self-Employed,Married,Graduate,353580,720,87822,No,No,No,2,120,No
1579,28,Technician,Married,Not Graduate,274014,718,124333,No,Yes,No,2,55,No
1580,32,Entrepreneur,Married,Graduate,696941,769,95592,Yes,No,No,4,70,No
1581,31,Unemployed,Single,Graduate,755332,709,33602,No,No,No,3,1,No
1582,69,Entrepreneur,Single,Graduate,1007501,692,166340,No,No,No,3,80,Yes
1583,49,Unemployed,Married,Graduate,321772,607,172455,No,No,No,2,51,No
1584,52,Entrepreneur,Married,Graduate,712059,689,34710,No,No,Yes,2,32,Yes
1585,31,Management,Single,Graduate,535981,689,0,No,No,No,4,96,No
1586,42,Entrepreneur,Divorced,Graduate,1362202,731,205923,No,No,No,1,90,Yes
1587,48,Admin,Married,Graduate,407596,562,172336,No,No,No,4,149,No
1588,52,Services,Married,Not Graduate,233363,847,42963,Yes,No,No,3,152,No
1589,45,Management,Single,Graduate,849037,718,71128,No,No,No,3,88,Yes
1590,19,Management,Married,Not Graduate,823915,640,30434,Yes,No,No,3,63,No
1591,31,Retired,Married,Not Graduate,440851,648,82803,No,No,Yes,6,1,Yes
1592,30,Management,Married,Graduate,592299,807,88878,No,No,Yes,2,129,Yes
1593,53,Student,Divorced,Not Graduate,553107,646,41307,Yes,No,No,3,46,No
1594,49,Self-Employed,Married,Not Graduate,1312120,741,39266,Yes,Yes,No,2,90,No
1595,39,Unemployed,Married,Graduate,1027397,773,44441,Yes,No,Yes,5,144,Yes
1596,37,Unemployed,Single,Not Graduate,1412453,697,143028,Yes,No,Yes,5,85,No
1597,36,Entrepreneur,Married,Graduate,287045,705,232243,Yes,No,No,2,57,No
1598,39,Self-Employed,Single,Graduate,903982,655,0,Yes,No,Yes,7,161,No
1599,51,Student,Married,Graduate,877459,758,83471,Yes,No,No,4,84,No
1600,36,Unemployed,Married,Graduate,455796,644,52670,No,No,Yes,3,130,No
1601,25,Self-Employed,Married,Graduate,560719,638,0,Yes,Yes,No,1,104,No
1602,29,Management,Married,Graduate,205664,576,40072,Yes,No,No,3,26,No
1603,33,Admin,Single,Graduate,434587,719,51484,Yes,No,No,2,119,Yes
1604,34,Technician,Married,Graduate,749707,645,75557,No,No,No,4,96,No
1605,33,Services,Married,Graduate,411728,618,127881,Yes,Yes,No,2,99,Yes
1606,58,Technician,Married,Graduate,369040,711,164653,Yes,No,Yes,2,139,Yes
1607,39,Technician,Single,Not Graduate,806338,641,129071,Yes,No,Yes,3,160,Yes
1608,18,Services,Single,Graduate,641705,700,100496,No,No,No,2,1,Yes
1609,18,Unemployed,Single,Graduate,705353,644,69705,No,No,No,3,1,Yes
1610,49,Services,Married,Graduate,325309,693,109724,No,No,No,2,84,Yes
1611,47,Student,Single,Not Graduate,553107,648,0,Yes,No,No,5,121,No
1612,59,Unemployed,Married,Not Graduate,618717,656,93999,No,No,No,3,22,No
1613,46,Entrepreneur,Married,Not Graduate,1363379,670,57706,No,No,No,6,68,No
1614,62,Unemployed,Married,Not Graduate,913516,630,0,No,No,No,4,121,No
1615,40,Entrepreneur,Single,Graduate,358413,613,21683,No,No,Yes,3,167,Yes
1616,22,Retired,Married,Graduate,311214,785,86843,No,No,No,4,93,No
1617,21,Unemployed,Married,Graduate,628566,633,0,No,No,No,2,9,No
1618,39,Entrepreneur,Married,Graduate,373028,652,187880,Yes,No,Yes,4,23,Yes
1619,26,Admin,Divorced,Graduate,679274,721,115719,Yes,No,No,7,69,No
1620,25,Student,Single,Graduate,766455,806,0,No,No,No,3,120,Yes
1621,31,Unemployed,Married,Not Graduate,848373,769,203068,Yes,No,Yes,4,155,Yes
1622,67,Admin,Married,Not Graduate,626312,695,0,No,No,Yes,5,107,Yes
1623,38,Entrepreneur,Married,Not Graduate,290302,709,87227,No,No,Yes,2,70,No
1624,38,Entrepreneur,Single,Graduate,360077,587,200447,Yes,No,Yes,2,83,No
1625,50,Retired,Married,Graduate,373224,716,0,Yes,No,No,2,118,Yes
1626,38,Technician,Married,Graduate,578907,733,32447,No,No,Yes,1,30,Yes
1627,37,Management,Married,Graduate,858456,757,69954,No,No,Yes,2,164,Yes
1628,24,Admin,Single,Graduate,441793,850,30892,No,No,No,5,1,No
1629,51,Technician,Married,Not Graduate,428504,576,83471,Yes,No,No,3,48,No
1630,48,Retired,Single,Graduate,2454657,732,167923,No,Yes,No,2,133,Yes
1631,50,Unemployed,Divorced,Graduate,1659390,688,197258,No,Yes,Yes,2,34,Yes
1632,60,Services,Married,Not Graduate,956284,747,83471,No,No,Yes,8,77,No
1633,46,Technician,Single,Not Graduate,218382,620,217222,No,No,Yes,1,105,Yes
1634,47,Self-Employed,Single,Graduate,658211,582,0,Yes,No,No,3,1,No
1635,33,Retired,Married,Graduate,212005,726,74971,No,No,No,1,1,No
1636,39,Unemployed,Single,Not Graduate,1590550,850,187482,No,No,Yes,2,76,Yes
1637,42,Self-Employed,Married,Not Graduate,739352,528,187938,Yes,No,No,2,63,No
1638,30,Student,Married,Not Graduate,466027,650,146655,Yes,No,Yes,4,54,Yes
1639,50,Entrepreneur,Single,Not Graduate,453448,696,0,Yes,No,No,5,161,No
1640,44,Self-Employed,Single,Graduate,553107,558,46946,No,No,No,4,32,No
1641,37,Services,Married,Graduate,1106315,767,0,Yes,No,No,4,56,Yes
1642,53,Student,Divorced,Not Graduate,509304,701,102323,Yes,No,No,4,65,No
1643,38,Self-Employed,Married,Graduate,543134,594,146998,Yes,No,Yes,2,34,No
1644,52,Services,Divorced,Graduate,424275,791,148576,Yes,No,No,2,100,Yes
1645,43,Self-Employed,Single,Not Graduate,282183,614,183039,Yes,No,No,3,115,No
1646,38,Services,Single,Graduate,288763,626,0,No,No,No,5,70,No
1647,31,Retired,Single,Graduate,1109280,765,185308,Yes,No,No,1,11,Yes
1648,35,Entrepreneur,Single,Not Graduate,251685,689,100319,No,No,No,5,97,No
1649,41,Retired,Divorced,Not Graduate,553107,831,78131,No,Yes,No,3,75,Yes
1650,18,Technician,Married,Graduate,414432,630,0,Yes,No,No,2,19,Yes
1651,47,Student,Married,Not Graduate,1081910,712,88466,Yes,Yes,No,3,65,Yes
1652,36,Unemployed,Single,Graduate,1072987,640,0,Yes,No,No,3,14,No
1653,26,Management,Married,Graduate,734267,615,0,Yes,No,No,2,50,No
1654,48,Unemployed,Married,Graduate,480101,621,16860,No,No,Yes,2,97,No
1655,32,Retired,Single,Graduate,599797,676,0,No,No,No,2,73,Yes
1656,33,Services,Married,Graduate,690205,804,117031,No,No,Yes,2,61,Yes
1657,56,Retired,Married,Graduate,373203,685,220304,Yes,No,No,8,19,Yes
1658,33,Admin,Single,Not Graduate,210930,699,51567,Yes,No,No,2,126,Yes
1659,44,Services,Married,Graduate,1002895,608,86849,Yes,No,No,4,115,Yes
1660,44,Technician,Single,Not Graduate,447200,822,37476,No,Yes,No,1,105,Yes
1661,39,Technician,Single,Not Graduate,803791,542,170421,Yes,No,No,5,121,No
1662,19,Admin,Married,Not Graduate,531670,790,85885,No,No,Yes,3,78,Yes
1663,45,Admin,Single,Graduate,465077,645,168843,Yes,No,No,2,14,No
1664,18,Student,Married,Graduate,513570,792,123313,No,No,Yes,3,80,No
1665,41,Services,Single,Graduate,159174,717,13770,Yes,No,Yes,3,14,Yes
1666,35,Technician,Married,Graduate,198983,515,83471,Yes,No,No,4,87,No
1667,44,Technician,Single,Graduate,521808,705,51822,No,No,No,1,113,Yes
1668,39,Entrepreneur,Married,Graduate,483655,627,269923,No,No,No,4,129,Yes
1669,42,Services,Single,Graduate,563391,703,30515,No,No,No,2,7,No
1670,42,Self-Employed,Single,Graduate,492656,702,112182,No,Yes,No,3,125,No
1671,44,Admin,Single,Graduate,650798,663,64477,No,No,No,4,52,Yes
1672,27,Student,Married,Not Graduate,223655,670,73907,No,No,No,3,65,Yes
1673,43,Unemployed,Divorced,Graduate,243071,567,6467,Yes,No,No,2,125,No
1674,60,Services,Single,Not Graduate,385149,791,106380,No,No,No,6,56,Yes
1675,35,Entrepreneur,Single,Graduate,685385,726,217965,No,No,Yes,1,99,Yes
1676,33,Student,Married,Graduate,615152,710,0,Yes,No,No,4,77,Yes
1677,24,Retired,Divorced,Graduate,398340,758,0,No,No,No,2,90,Yes
1678,47,Self-Employed,Married,Not Graduate,562539,772,198681,Yes,No,Yes,5,145,No
1679,18,Student,Divorced,Graduate,1107838,590,61760,No,No,No,5,93,No
1680,58,Entrepreneur,Married,Graduate,583456,618,69835,No,No,No,3,1,No
1681,29,Management,Married,Not Graduate,148626,711,42919,No,No,No,1,45,No
1682,44,Unemployed,Married,Graduate,489351,560,83471,No,Yes,Yes,4,53,No
1683,55,Management,Married,Not Graduate,277181,605,83471,No,Yes,Yes,3,1,No
1684,37,Self-Employed,Divorced,Graduate,768613,758,0,Yes,No,Yes,4,94,Yes
1685,46,Retired,Married,Graduate,515468,731,107691,No,No,No,4,28,No
1686,51,Self-Employed,Married,Graduate,545543,636,87507,No,No,No,5,99,No
1687,58,Services,Single,Graduate,251605,678,83430,No,No,No,3,70,No
1688,18,Entrepreneur,Married,Not Graduate,3395325,850,121667,Yes,Yes,No,4,24,Yes
1689,18,Retired,Single,Graduate,1019544,699,125822,Yes,No,No,3,109,Yes
1690,48,Services,Divorced,Graduate,472425,735,104143,No,No,Yes,5,145,Yes
1691,31,Entrepreneur,Married,Graduate,498400,636,157350,Yes,No,No,3,123,No
1692,45,Management,Married,Graduate,1575279,679,43053,Yes,No,No,3,96,No
1693,55,Management,Single,Not Graduate,614637,673,37660,Yes,No,No,3,154,Yes
1694,39,Entrepreneur,Single,Graduate,553107,750,168604,Yes,Yes,No,3,27,Yes
1695,46,Technician,Married,Graduate,534674,695,83471,No,No,Yes,5,124,No
1696,44,Technician,Married,Not Graduate,783326,685,126697,No,Yes,Yes,4,107,No
1697,37,Student,Married,Not Graduate,560222,743,131392,Yes,No,No,3,148,Yes
1698,55,Entrepreneur,Divorced,Graduate,469073,713,100696,Yes,No,No,4,110,Yes
1699,46,Management,Divorced,Not Graduate,431252,604,94043,No,No,No,7,181,No
1700,22,Retired,Married,Graduate,969340,796,0,No,No,No,4,134,No
1701,42,Admin,Married,Graduate,460227,526,140691,Yes,No,No,2,107,No
1702,33,Entrepreneur,Single,Graduate,553582,617,33815,Yes,No,No,2,93,No
1703,46,Self-Employed,Married,Graduate,295553,791,18128,Yes,No,No,4,37,No
1704,27,Technician,Single,Graduate,241814,753,183607,Yes,Yes,No,4,10,Yes
1705,31,Management,Married,Graduate,1742736,660,84701,Yes,Yes,No,2,93,No
1706,34,Student,Married,Graduate,663144,703,105098,No,Yes,No,4,48,Yes
1707,58,Management,Married,Graduate,393385,787,83999,No,No,Yes,2,38,Yes
1708,30,Self-Employed,Married,Not Graduate,400312,699,64422,No,No,No,4,93,No
1709,51,Retired,Single,Not Graduate,284702,725,73428,Yes,No,No,6,125,No
1710,40,Entrepreneur,Divorced,Graduate,826893,759,133390,Yes,No,No,6,81,Yes
1711,42,Admin,Single,Graduate,422993,778,100910,Yes,No,Yes,2,85,Yes
1712,37,Unemployed,Divorced,Graduate,326641,685,292013,No,No,No,3,39,No
1713,32,Management,Single,Graduate,346356,643,0,No,No,No,1,1,No
1714,39,Self-Employed,Single,Graduate,585251,675,43152,Yes,No,No,3,69,Yes
1715,49,Technician,Single,Not Graduate,1165279,762,198994,No,No,No,2,44,No
1716,64,Unemployed,Single,Not Graduate,329094,601,180198,Yes,No,No,3,83,No
1717,42,Student,Married,Not Graduate,197169,535,33499,Yes,No,Yes,3,114,No
1718,32,Services,Divorced,Graduate,420303,709,132130,No,No,No,4,66,No
1719,48,Admin,Divorced,Graduate,553107,689,269079,Yes,No,No,2,78,Yes
1720,59,Entrepreneur,Married,Graduate,865512,667,172599,No,No,No,3,141,Yes
1721,39,Admin,Married,Graduate,1671001,771,0,No,No,No,4,52,No
1722,48,Unemployed,Married,Not Graduate,120000,698,13047,No,No,Yes,4,41,No
1723,26,Unemployed,Single,Graduate,748128,684,114338,No,No,Yes,5,1,No
1724,37,Retired,Married,Not Graduate,885753,740,171172,No,Yes,Yes,5,22,Yes
1725,59,Technician,Married,Graduate,474203,682,43403,No,No,Yes,5,78,No
1726,31,Unemployed,Married,Graduate,232589,634,117910,No,No,No,3,98,No
1727,45,Entrepreneur,Married,Graduate,1971506,689,304690,Yes,No,No,3,1,Yes
1728,37,Admin,Single,Not Graduate,1353745,688,0,No,No,Yes,5,73,Yes
1729,38,Retired,Married,Graduate,334021,693,34825,Yes,No,No,4,77,No
1730,42,Student,Married,Graduate,337788,567,20205,No,No,No,5,103,No
1731,18,Technician,Married,Not Graduate,299320,607,108444,Yes,No,Yes,2,67,No
1732,61,Admin,Single,Graduate,694085,570,83471,No,No,No,3,71,No
1733,45,Self-Employed,Married,Graduate,388796,789,194802,No,No,No,3,1,Yes
1734,29,Student,Single,Graduate,812651,627,16712,Yes,No,No,1,92,Yes
1735,24,Retired,Married,Graduate,831916,689,151217,No,No,No,5,125,No
1736,56,Entrepreneur,Married,Graduate,355384,735,0,No,No,No,3,117,No
1737,34,Admin,Married,Graduate,220225,656,160408,No,No,No,3,158,No
1738,51,Services,Married,Graduate,276300,798,70964,Yes,No,No,1,38,Yes
1739,36,Admin,Married,Graduate,559871,651,0,No,No,Yes,2,121,Yes
1740,25,Services,Divorced,Not Graduate,2385615,650,230025,Yes,No,Yes,1,68,No
1741,54,Management,Single,Graduate,368808,699,174021,No,No,No,3,78,No
1742,36,Services,Single,Graduate,348918,687,241192,No,No,Yes,4,1,Yes
1743,50,Admin,Married,Not Graduate,620983,728,42822,No,No,No,6,74,No
1744,70,Technician,Married,Graduate,797048,658,272493,Yes,No,Yes,3,49,No
1745,24,Retired,Married,Not Graduate,330743,669,0,Yes,No,No,3,1,No
1746,49,Entrepreneur,Single,Graduate,448850,647,36392,Yes,No,Yes,4,28,Yes
1747,46,Student,Single,Graduate,1446815,656,122812,Yes,No,Yes,2,500,No
1748,36,Entrepreneur,Married,Not Graduate,1161937,729,69068,No,No,No,1,22,No
1749,28,Technician,Married,Not Graduate,410219,681,95640,No,No,Yes,3,55,No
1750,34,Management,Divorced,Graduate,389359,760,181177,Yes,Yes,No,5,145,No
1751,48,Student,Married,Graduate,715718,668,0,Yes,No,No,3,179,No
1752,63,Retired,Single,Graduate,750893,785,83471,Yes,No,Yes,5,93,Yes
1753,36,Management,Divorced,Graduate,657979,660,116967,No,No,No,4,45,Yes
1754,48,Technician,Married,Graduate,541405,556,228745,No,Yes,No,3,140,No
1755,40,Self-Employed,Single,Graduate,524362,821,17625,Yes,No,Yes,5,85,No
1756,49,Services,Married,Graduate,594703,722,40545,Yes,No,No,4,20,Yes
1757,38,Entrepreneur,Married,Not Graduate,217063,509,122315,Yes,No,No,1,132,No
1758,24,Admin,Married,Graduate,574975,666,135973,Yes,No,No,1,126,No
1759,27,Student,Married,Not Graduate,354885,790,119959,Yes,Yes,No,5,90,Yes
1760,30,Unemployed,Married,Graduate,636851,850,153340,No,Yes,No,3,47,Yes
1761,38,Entrepreneur,Married,Not Graduate,635912,580,150577,Yes,No,No,4,102,No
1762,30,Technician,Married,Graduate,2426083,689,83471,No,Yes,Yes,1,39,Yes
1763,30,Retired,Married,Not Graduate,1000528,794,209323,No,No,No,2,26,Yes
1764,55,Admin,Married,Not Graduate,802012,700,51056,No,No,No,5,38,No
1765,35,Unemployed,Married,Graduate,757461,725,116515,No,Yes,No,5,87,No
1766,45,Technician,Divorced,Graduate,1203052,780,47310,Yes,No,No,2,27,Yes
1767,57,Technician,Married,Graduate,778534,691,185623,No,No,No,1,44,Yes
1768,32,Unemployed,Single,Graduate,929531,850,136123,Yes,No,No,3,67,Yes
1769,40,Technician,Divorced,Graduate,416831,765,0,Yes,No,No,3,1,Yes
1770,40,Student,Married,Graduate,684701,644,96700,Yes,No,No,7,60,Yes
1771,39,Management,Married,Not Graduate,715162,579,30232,No,Yes,No,3,96,No
1772,53,Self-Employed,Married,Graduate,653596,682,98133,No,No,Yes,3,63,No
1773,54,Student,Married,Graduate,327981,741,122512,Yes,Yes,No,2,34,No
1774,58,Management,Married,Graduate,481054,838,134501,No,No,No,2,100,Yes
1775,58,Admin,Married,Graduate,252364,767,111419,Yes,No,No,3,88,No
1776,26,Services,Single,Graduate,182695,690,1317,No,No,Yes,2,1,No
1777,44,Admin,Single,Graduate,553107,643,0,Yes,No,Yes,4,41,No
1778,26,Management,Single,Not Graduate,221388,695,0,Yes,No,No,4,54,No
1779,75,Services,Married,Not Graduate,786612,691,1172,Yes,No,No,6,75,No
1780,41,Retired,Married,Graduate,553107,730,15547,No,No,Yes,1,58,Yes
1781,42,Admin,Divorced,Not Graduate,575068,666,171511,No,No,No,5,128,No
1782,53,Retired,Divorced,Graduate,578607,634,32130,No,No,Yes,4,122,No
1783,18,Unemployed,Divorced,Not Graduate,553107,746,191504,Yes,Yes,No,4,126,No
1784,48,Self-Employed,Married,Graduate,579121,759,0,No,No,Yes,4,67,No
1785,33,Management,Single,Not Graduate,583793,720,124456,No,No,Yes,1,137,Yes
1786,39,Entrepreneur,Single,Graduate,246164,745,140765,No,No,No,4,107,Yes
1787,51,Self-Employed,Married,Graduate,697237,634,163965,No,No,No,3,177,Yes
1788,37,Retired,Married,Not Graduate,338999,710,123139,Yes,No,No,4,105,No
1789,49,Admin,Married,Graduate,279713,592,143533,Yes,No,No,6,55,No
1790,24,Student,Single,Not Graduate,1444880,818,0,No,No,No,2,36,No
1791,38,Entrepreneur,Married,Graduate,372775,670,261555,No,Yes,No,2,23,No
1792,26,Services,Married,Graduate,743412,645,0,No,No,No,2,132,Yes
1793,47,Unemployed,Single,Graduate,973026,850,177718,Yes,No,No,4,32,Yes
1794,41,Admin,Married,Graduate,296150,704,45292,Yes,Yes,No,1,23,Yes
1795,44,Services,Married,Graduate,745506,689,0,No,No,No,3,33,Yes
1796,33,Unemployed,Married,Graduate,578707,722,74819,Yes,No,No,3,102,No
1797,30,Services,Married,Graduate,868407,744,46918,No,No,No,4,3,No
1798,33,Student,Single,Graduate,587585,710,18371,No,Yes,No,2,71,No
1799,39,Unemployed,Single,Graduate,525467,706,194619,Yes,No,No,5,110,No
1800,41,Unemployed,Single,Graduate,553107,766,260745,Yes,No,Yes,3,33,Yes
1801,39,Entrepreneur,Divorced,Not Graduate,414193,630,141330,Yes,No,No,4,78,No
1802,32,Unemployed,Married,Not Graduate,271011,593,93351,No,No,No,1,115,Yes
1803,19,Entrepreneur,Single,Not Graduate,586639,701,56004,No,No,No,3,127,No
1804,33,Self-Employed,Single,Not Graduate,321299,637,224481,Yes,No,Yes,2,34,No
1805,42,Entrepreneur,Married,Graduate,217664,813,88648,Yes,No,Yes,5,156,Yes
1806,51,Retired,Married,Not Graduate,961394,678,100199,Yes,No,Yes,2,101,Yes
1807,40,Admin,Married,Graduate,254417,700,60731,No,Yes,No,5,75,No
1808,41,Entrepreneur,Single,Graduate,446246,761,92498,No,No,No,3,86,No
1809,19,Technician,Married,Graduate,553107,816,197118,Yes,No,No,7,85,No
1810,46,Management,Married,Graduate,906963,635,157149,Yes,No,Yes,1,134,Yes
1811,38,Admin,Married,Not Graduate,558331,668,38709,Yes,Yes,No,3,110,Yes
1812,31,Admin,Divorced,Graduate,284094,671,145313,Yes,Yes,No,5,1,Yes
1813,51,Services,Single,Graduate,676649,627,155413,Yes,No,No,3,105,Yes
1814,26,Retired,Single,Graduate,568023,718,83471,No,No,No,1,5,Yes
1815,44,Unemployed,Divorced,Graduate,880697,669,0,No,No,No,5,55,No
1816,29,Services,Married,Not Graduate,436319,673,0,Yes,No,No,3,1,No
1817,44,Student,Married,Graduate,1366569,718,95324,No,No,Yes,2,72,No
1818,64,Entrepreneur,Single,Not Graduate,641719,719,0,Yes,No,No,5,26,Yes
1819,47,Self-Employed,Married,Graduate,224146,754,664,No,No,No,4,114,No
1820,51,Management,Single,Graduate,439030,628,114490,Yes,No,No,1,27,No
1821,55,Student,Married,Not Graduate,602813,767,0,Yes,No,No,3,114,No
1822,33,Student,Single,Not Graduate,812501,635,0,Yes,No,Yes,3,128,No
1823,40,Admin,Married,Not Graduate,574436,737,73890,No,No,No,3,15,Yes
1824,37,Self-Employed,Married,Not Graduate,281214,692,67484,No,No,Yes,3,60,No
1825,61,Student,Divorced,Not Graduate,611571,603,0,No,No,No,1,75,No
1826,39,Retired,Single,Graduate,280061,658,215118,No,No,No,5,59,Yes
1827,35,Admin,Married,Graduate,553107,666,0,Yes,No,Yes,3,141,No
1828,40,Technician,Married,Graduate,561959,742,67904,No,No,No,7,75,No
1829,40,Student,Single,Graduate,915846,677,104591,No,No,No,3,33,Yes
1830,59,Unemployed,Married,Graduate,378705,686,251058,No,No,No,3,71,Yes
1831,32,Self-Employed,Married,Graduate,550823,670,156333,No,No,No,3,111,No
1832,50,Management,Divorced,Not Graduate,1223380,764,125435,Yes,No,No,2,73,Yes
1833,36,Entrepreneur,Married,Not Graduate,368609,722,218302,Yes,No,No,1,108,Yes
1834,33,Retired,Divorced,Graduate,719952,812,11266,No,No,No,4,28,Yes
1835,30,Management,Married,Graduate,553107,706,90656,Yes,Yes,No,7,55,No
1836,38,Technician,Single,Not Graduate,553107,841,0,Yes,No,No,2,27,Yes
1837,37,Retired,Single,Graduate,531991,824,176365,Yes,No,No,3,5,Yes
1838,33,Self-Employed,Single,Not Graduate,252161,713,340901,Yes,No,Yes,2,32,Yes
1839,46,Management,Single,Not Graduate,553107,652,187501,No,No,Yes,2,96,Yes
1840,46,Retired,Married,Graduate,360206,760,274745,No,No,No,3,68,Yes
1841,46,Retired,Single,Not Graduate,498113,608,210696,No,No,No,3,157,No
1842,25,Management,Married,Not Graduate,206496,670,333890,Yes,No,Yes,3,69,Yes
1843,41,Technician,Divorced,Not Graduate,120000,809,50112,No,No,Yes,7,93,Yes
1844,38,Unemployed,Married,Graduate,473483,772,30247,No,Yes,No,1,115,Yes
1845,46,Technician,Single,Graduate,676308,693,0,Yes,No,No,3,78,No
1846,23,Student,Married,Graduate,528915,772,146118,Yes,No,No,6,85,Yes
1847,28,Technician,Divorced,Not Graduate,645510,562,175892,Yes,No,No,2,110,No
1848,52,Management,Divorced,Graduate,386660,723,89226,No,No,Yes,1,139,Yes
1849,33,Admin,Married,Graduate,678672,758,83471,Yes,No,No,2,62,No
1850,43,Services,Married,Graduate,444290,687,109532,Yes,No,Yes,4,36,No
1851,33,Unemployed,Married,Graduate,1286196,697,98892,No,No,No,6,60,No
1852,35,Technician,Married,Graduate,487270,760,186587,No,No,Yes,3,113,Yes
1853,23,Retired,Married,Not Graduate,512702,704,0,No,No,No,5,44,No
1854,55,Retired,Married,Graduate,405951,703,11541,No,No,No,2,40,Yes
1855,52,Management,Single,Not Graduate,325151,662,32372,Yes,Yes,No,4,43,Yes
1856,42,Student,Married,Graduate,444170,642,115469,No,No,No,4,50,No
1857,52,Retired,Married,Graduate,474585,697,155197,Yes,No,No,4,1,Yes
1859,31,Self-Employed,Married,Not Graduate,224807,653,142887,Yes,No,Yes,2,96,No
1860,18,Self-Employed,Married,Graduate,1130957,804,0,No,No,No,3,76,No
1861,27,Technician,Married,Graduate,1382514,662,123392,Yes,No,Yes,3,14,No
1862,40,Entrepreneur,Married,Graduate,776722,807,112312,Yes,No,No,6,49,No
1863,39,Self-Employed,Married,Graduate,320488,728,59742,No,No,No,4,80,No
1864,53,Student,Single,Graduate,285893,661,128698,Yes,No,Yes,5,111,No
1865,49,Admin,Single,Not Graduate,723125,629,43209,No,No,Yes,2,35,Yes
1866,39,Unemployed,Married,Graduate,1560798,693,80830,No,No,No,5,91,No
1867,26,Self-Employed,Married,Graduate,1150291,681,5211,Yes,Yes,Yes,6,1,No
1868,18,Self-Employed,Single,Graduate,267056,731,86255,No,No,No,5,46,No
1869,40,Self-Employed,Single,Graduate,810283,730,0,Yes,No,Yes,3,102,Yes
1870,36,Entrepreneur,Divorced,Graduate,142773,651,114836,No,No,Yes,6,94,No
1871,31,Admin,Divorced,Not Graduate,397411,472,38818,No,No,Yes,5,47,No
1872,38,Entrepreneur,Married,Graduate,398519,740,78620,Yes,Yes,No,4,147,No
1873,20,Services,Married,Graduate,362716,590,83471,No,No,No,1,133,No
1874,61,Entrepreneur,Married,Graduate,462321,762,132846,Yes,No,No,5,56,No
1875,38,Services,Married,Not Graduate,1024654,624,110878,No,No,Yes,4,97,No
1876,22,Entrepreneur,Single,Graduate,251365,551,58200,No,No,Yes,5,52,No
1877,41,Student,Married,Graduate,604726,638,181661,Yes,No,Yes,4,87,Yes
1878,23,Retired,Divorced,Not Graduate,679205,684,185772,No,No,No,4,130,No
1879,41,Self-Employed,Married,Graduate,299931,689,128545,Yes,No,Yes,4,24,No
1880,64,Management,Divorced,Graduate,1634593,594,18657,Yes,No,No,4,45,No
1881,49,Self-Employed,Married,Graduate,297582,565,130497,Yes,No,No,2,1,No
1882,58,Services,Single,Graduate,337716,787,50267,Yes,No,No,3,74,Yes
1883,36,Entrepreneur,Divorced,Not Graduate,397085,657,132292,No,No,Yes,2,115,No
1884,41,Services,Married,Graduate,476047,777,29153,No,No,No,2,90,Yes
1885,41,Management,Married,Graduate,270130,685,43367,Yes,Yes,No,2,126,No
1886,38,Student,Divorced,Graduate,426320,850,48652,No,No,No,3,108,No
1887,44,Admin,Married,Graduate,1104450,760,94596,No,Yes,Yes,2,91,No
1888,44,Management,Married,Graduate,363818,770,70319,No,No,No,2,5,No
1889,30,Admin,Married,Not Graduate,519545,615,183767,Yes,No,No,4,136,No
1890,24,Retired,Single,Graduate,556992,829,106147,No,No,Yes,5,78,Yes
1891,35,Unemployed,Married,Graduate,683701,787,70331,No,No,Yes,3,219,No
1892,36,Services,Married,Graduate,1289306,740,0,No,No,No,2,74,No
1893,46,Technician,Divorced,Not Graduate,623451,676,239325,Yes,No,No,4,159,No
1894,18,Technician,Single,Graduate,326675,671,83471,Yes,Yes,Yes,2,114,Yes
1895,41,Student,Married,Graduate,531360,637,75752,Yes,No,Yes,2,65,No
1896,38,Student,Married,Not Graduate,229737,770,115130,No,No,No,4,55,No
1897,37,Unemployed,Single,Graduate,779340,673,83471,No,No,Yes,5,87,No
1898,24,Self-Employed,Married,Graduate,180025,635,0,No,No,No,2,60,No
1899,33,Self-Employed,Divorced,Not Graduate,259852,695,53097,No,No,No,4,68,No
1900,34,Self-Employed,Divorced,Graduate,1181053,582,87215,Yes,No,No,2,122,No
1901,47,Services,Married,Graduate,445868,717,75579,Yes,No,No,3,96,No
1902,31,Student,Married,Graduate,267122,779,0,Yes,No,Yes,1,119,Yes
1903,39,Self-Employed,Single,Not Graduate,717669,626,0,No,No,Yes,3,10,No
1904,49,Unemployed,Single,Graduate,848467,760,129242,No,Yes,No,3,92,No
1905,39,Admin,Married,Graduate,297590,704,0,No,No,No,7,106,Yes
1906,54,Admin,Married,Graduate,848375,633,258916,Yes,No,No,3,34,No
1907,42,Technician,Single,Graduate,540090,704,268515,Yes,No,No,6,86,Yes
1908,44,Technician,Married,Graduate,327103,627,130843,Yes,No,No,3,74,No
1909,50,Admin,Single,Graduate,710500,836,0,No,No,Yes,5,73,No
1910,39,Self-Employed,Single,Graduate,545791,689,0,No,No,Yes,5,69,No
1911,36,Student,Single,Not Graduate,672920,632,57826,Yes,No,No,4,9,No
1912,32,Unemployed,Married,Graduate,402280,753,92016,Yes,No,Yes,6,157,No
1913,36,Entrepreneur,Single,Not Graduate,579885,607,55096,No,No,No,2,35,Yes
1914,38,Self-Employed,Divorced,Graduate,761637,633,151598,No,No,No,1,81,No
1915,38,Self-Employed,Married,Not Graduate,1558283,670,198046,No,No,No,3,86,No
1916,32,Management,Divorced,Not Graduate,344597,596,238489,No,No,No,2,81,No
1917,69,Admin,Married,Not Graduate,553107,586,35302,No,No,No,4,1,No
1918,34,Unemployed,Married,Graduate,262962,664,37243,Yes,No,No,2,137,No
1919,24,Unemployed,Married,Graduate,788797,586,0,Yes,No,Yes,4,68,No
1920,37,Student,Single,Graduate,383836,650,0,Yes,Yes,No,4,73,No
1921,59,Management,Married,Graduate,530877,662,289382,No,Yes,No,6,1,No
1922,39,Student,Married,Graduate,465827,594,308400,Yes,No,Yes,2,117,Yes
1923,28,Admin,Married,Graduate,1281121,604,112996,No,No,No,5,66,No
1924,32,Admin,Divorced,Graduate,2037637,666,71498,No,No,Yes,5,45,No
1925,18,Unemployed,Married,Graduate,550951,791,223290,Yes,No,No,5,44,Yes
1926,30,Unemployed,Single,Graduate,473477,782,68205,No,No,No,1,7,Yes
1927,51,Retired,Married,Not Graduate,288079,250,231445,Yes,No,No,3,90,Yes
1928,51,Entrepreneur,Divorced,Not Graduate,301692,786,49345,No,No,No,3,117,Yes
1929,34,Self-Employed,Married,Not Graduate,871456,652,125640,Yes,No,No,4,130,Yes
1930,53,Admin,Single,Graduate,598011,630,165721,Yes,No,No,7,17,No
1931,28,Retired,Married,Graduate,807133,628,26677,No,No,No,2,70,No
1932,26,Admin,Married,Graduate,405525,696,87722,No,Yes,Yes,3,116,No
1933,31,Technician,Married,Graduate,625167,597,0,No,No,No,5,89,No
1934,32,Student,Single,Graduate,1350179,666,0,No,No,No,2,78,No
1935,27,Services,Married,Graduate,508699,831,234640,No,Yes,Yes,5,126,Yes
1936,20,Self-Employed,Married,Not Graduate,744573,640,0,Yes,No,No,6,32,No
1937,33,Retired,Married,Graduate,578929,560,59157,Yes,No,No,3,24,No
1938,18,Technician,Divorced,Graduate,719058,759,54445,Yes,Yes,Yes,5,152,Yes
1939,42,Student,Married,Graduate,197446,635,0,No,No,No,2,99,No
1940,18,Retired,Single,Not Graduate,531151,594,83471,No,No,No,3,74,Yes
1941,39,Unemployed,Married,Not Graduate,746677,738,0,Yes,No,No,1,154,No
1942,41,Entrepreneur,Married,Graduate,566316,660,58476,No,No,No,4,77,No
1943,34,Self-Employed,Married,Graduate,1192438,581,254645,Yes,No,Yes,2,128,No
1944,33,Self-Employed,Divorced,Graduate,900791,716,0,No,No,No,3,99,Yes
1945,34,Unemployed,Married,Graduate,1266723,699,27330,Yes,Yes,No,3,59,No
1946,47,Retired,Divorced,Graduate,159897,678,0,Yes,No,No,3,64,No
1947,18,Student,Married,Not Graduate,544702,703,76753,No,Yes,No,4,20,No
1948,60,Technician,Married,Graduate,1025961,704,170113,Yes,No,No,2,45,No
1949,46,Unemployed,Married,Not Graduate,443046,675,106575,No,No,Yes,9,32,No
1950,36,Technician,Single,Graduate,1830853,677,49893,Yes,No,No,4,82,Yes
1951,24,Student,Married,Graduate,1203683,731,28479,Yes,No,Yes,5,1,No
1952,37,Management,Divorced,Graduate,556786,705,102976,No,No,Yes,3,74,No
1953,57,Admin,Single,Graduate,682903,812,0,Yes,Yes,No,4,119,No
1954,23,Retired,Married,Graduate,848347,647,0,No,No,No,2,1,Yes
1955,39,Unemployed,Single,Graduate,984171,688,51504,No,Yes,Yes,4,150,No
1956,48,Retired,Married,Graduate,759541,726,0,No,No,Yes,3,158,Yes
1957,57,Retired,Divorced,Graduate,705645,689,265461,No,No,No,3,28,Yes
1958,30,Admin,Married,Not Graduate,888183,667,163667,Yes,No,No,5,103,No
1959,43,Entrepreneur,Single,Not Graduate,485752,599,213307,No,No,No,3,94,No
1960,18,Retired,Married,Graduate,809376,747,46354,Yes,Yes,No,3,105,Yes
1961,43,Management,Single,Graduate,1082952,646,106033,No,No,No,2,29,Yes
1962,18,Self-Employed,Single,Not Graduate,376131,609,121409,Yes,No,No,4,67,No
1963,50,Technician,Married,Not Graduate,752465,682,89294,No,No,Yes,2,107,Yes
1964,51,Student,Married,Graduate,265769,777,212390,Yes,No,Yes,5,67,No
1965,29,Entrepreneur,Married,Graduate,603963,640,0,No,No,No,6,3,No
1966,44,Self-Employed,Married,Graduate,466785,702,0,No,No,No,3,55,Yes
1967,56,Management,Married,Graduate,553107,679,7342,Yes,No,Yes,1,98,No
1968,36,Unemployed,Married,Not Graduate,282698,631,104372,No,No,No,3,109,No
1969,44,Services,Married,Graduate,418925,749,173091,No,Yes,No,2,82,Yes
1970,25,Retired,Married,Not Graduate,762931,755,143001,Yes,No,No,3,106,No
1971,31,Services,Divorced,Not Graduate,792145,612,129274,No,No,No,3,1,Yes
1972,42,Services,Married,Not Graduate,1156245,786,83471,No,Yes,No,4,171,No
1973,59,Entrepreneur,Married,Graduate,567484,789,85167,Yes,No,No,2,68,Yes
1974,20,Self-Employed,Divorced,Graduate,686788,639,0,No,Yes,Yes,4,1,No
1975,56,Management,Single,Graduate,302629,637,168838,No,Yes,No,3,146,No
1976,37,Student,Married,Graduate,553107,644,141512,No,No,No,3,42,No
1977,64,Unemployed,Married,Graduate,340059,751,80261,No,No,No,2,99,No
1978,41,Student,Single,Not Graduate,428370,633,0,No,Yes,Yes,5,63,No
1979,34,Unemployed,Married,Not Graduate,378132,676,172628,No,No,Yes,3,133,No
1980,24,Technician,Married,Not Graduate,529203,719,0,Yes,Yes,No,2,63,No
1981,38,Retired,Married,Graduate,297869,680,0,Yes,No,No,6,140,No
1982,25,Self-Employed,Single,Graduate,529515,660,193477,No,No,No,4,26,No
1983,64,Services,Divorced,Graduate,648403,697,232632,No,No,Yes,3,81,No
1984,31,Admin,Divorced,Graduate,270042,694,0,Yes,No,No,1,101,No
1985,46,Admin,Married,Graduate,478138,562,37872,Yes,No,No,3,145,No
1986,31,Technician,Married,Not Graduate,439831,719,0,Yes,No,No,3,46,Yes
1987,27,Entrepreneur,Married,Graduate,140443,681,2204,No,No,No,3,111,No
1988,25,Self-Employed,Single,Not Graduate,704008,700,27452,No,No,Yes,2,80,No
1989,54,Unemployed,Married,Not Graduate,350957,751,83471,No,No,No,2,96,Yes
1990,47,Entrepreneur,Married,Graduate,732763,756,74020,No,No,Yes,4,65,Yes
1991,24,Student,Married,Not Graduate,357063,714,171677,Yes,Yes,No,4,32,No
1992,29,Retired,Married,Graduate,549479,722,-10000,No,Yes,No,4,74,No
1993,24,Management,Married,Not Graduate,696328,705,0,Yes,No,No,4,1,No
1994,58,Student,Married,Graduate,726361,731,81214,Yes,No,Yes,1,63,No
1995,39,Services,Married,Graduate,927714,701,85446,No,No,No,4,111,No
1996,54,Student,Married,Not Graduate,863558,676,107084,Yes,No,No,4,25,Yes
1997,39,Admin,Married,Graduate,1003952,690,228060,No,No,Yes,3,23,No
1998,41,Self-Employed,Married,Graduate,243241,652,149134,Yes,No,No,3,105,Yes
1999,37,Management,Married,Not Graduate,1851409,697,120679,Yes,No,No,3,97,Yes
2000,55,Unemployed,Married,Graduate,722149,569,113203,No,Yes,No,2,161,No
2001,31,Admin,Married,Not Graduate,553107,604,13968,No,No,Yes,3,19,No
2002,38,Admin,Single,Not Graduate,553669,735,66596,Yes,No,No,3,88,No
2003,30,Unemployed,Single,Graduate,599848,705,136325,Yes,No,Yes,3,62,No
2004,52,Management,Divorced,Graduate,596906,700,34877,Yes,No,No,3,35,No
2005,32,Management,Single,Graduate,311187,775,0,No,No,Yes,4,106,No
2006,32,Retired,Married,Not Graduate,332765,707,167350,No,No,No,3,59,Yes
2007,44,Student,Married,Graduate,727566,653,166072,Yes,No,No,2,91,No
2008,46,Self-Employed,Single,Graduate,189510,714,257949,No,No,No,3,119,No
2009,58,Admin,Married,Not Graduate,492190,561,26486,Yes,No,Yes,3,44,No
2010,48,Entrepreneur,Single,Graduate,474090,724,127460,No,No,No,4,3,No
2011,39,Self-Employed,Married,Graduate,2154122,614,87231,Yes,No,Yes,3,180,Yes
2012,23,Unemployed,Married,Not Graduate,810688,689,179551,Yes,No,No,3,1,No
2013,31,Services,Single,Not Graduate,1245659,587,10021,No,No,No,4,1,No
2014,49,Admin,Single,Graduate,553107,702,71804,Yes,No,Yes,1,36,Yes
2015,52,Technician,Single,Graduate,824088,718,240456,No,No,No,2,47,Yes
2016,51,Unemployed,Married,Graduate,1206117,523,136293,Yes,No,No,3,91,Yes
2017,29,Services,Married,Graduate,304262,833,49670,Yes,No,Yes,5,51,Yes
2018,47,Technician,Divorced,Graduate,1007919,633,88006,Yes,No,No,2,128,No
2019,18,Admin,Married,Not Graduate,486352,664,256559,Yes,No,No,4,116,No
2020,57,Unemployed,Married,Not Graduate,1099512,677,234925,No,No,No,4,73,No
2021,39,Retired,Married,Graduate,742360,742,244328,Yes,No,No,2,117,Yes
2022,36,Technician,Married,Not Graduate,156712,689,260104,No,No,No,3,72,No
2023,22,Retired,Single,Graduate,180448,789,44608,No,No,No,3,83,Yes
2024,42,Unemployed,Married,Not Graduate,768515,653,162475,No,Yes,Yes,3,72,Yes
2025,38,Retired,Divorced,Graduate,612474,741,58201,No,No,No,3,58,No
2026,44,Entrepreneur,Married,Graduate,1248932,709,15602,Yes,No,Yes,4,112,No
2027,20,Retired,Married,Graduate,636340,672,274046,Yes,No,No,4,42,No
2028,37,Admin,Married,Not Graduate,394899,689,222852,No,No,No,1,53,Yes
2029,28,Management,Married,Graduate,1470353,746,93321,Yes,No,No,3,121,Yes
2030,47,Management,Married,Graduate,249949,744,153964,Yes,Yes,Yes,2,29,No
2031,37,Retired,Married,Graduate,753807,683,8621,Yes,No,Yes,4,19,No
2032,42,Services,Divorced,Not Graduate,468456,774,135501,Yes,No,No,2,61,No
2033,39,Self-Employed,Married,Graduate,968578,671,89479,Yes,No,Yes,2,81,Yes
2034,41,Technician,Single,Not Graduate,553107,590,164,Yes,No,Yes,4,232,No
2035,59,Self-Employed,Single,Graduate,966693,687,210838,No,No,No,3,83,No
2036,61,Services,Married,Not Graduate,613424,729,0,No,Yes,Yes,4,194,Yes
2037,20,Technician,Married,Graduate,863581,622,130584,No,No,No,1,107,No
2038,39,Management,Married,Not Graduate,289172,769,100663,Yes,No,No,4,171,No
2039,39,Services,Married,Graduate,453932,636,38932,No,No,No,5,89,No
2040,48,Retired,Married,Not Graduate,1229493,699,0,No,No,No,4,68,Yes
2041,48,Technician,Married,Graduate,548964,647,53997,No,No,No,5,14,No
2042,30,Services,Married,Graduate,623280,753,295587,Yes,No,Yes,2,116,No
2043,21,Admin,Divorced,Not Graduate,534888,643,53983,Yes,No,No,4,125,No
2044,41,Unemployed,Married,Not Graduate,553107,734,173534,Yes,No,No,2,85,Yes
2045,36,Services,Single,Graduate,235582,587,0,No,No,No,2,87,No
2046,41,Entrepreneur,Married,Graduate,1140873,658,0,No,Yes,No,4,75,No
2047,46,Student,Married,Graduate,553107,695,29033,Yes,No,No,4,39,Yes
2049,38,Management,Single,Graduate,647040,631,94448,Yes,No,No,1,170,No
2050,50,Services,Single,Graduate,1124544,693,148075,No,No,No,3,78,No
2051,32,Services,Divorced,Graduate,723682,738,242464,No,No,No,3,68,No
2052,18,Technician,Single,Graduate,572282,628,0,No,No,Yes,3,1,No
2053,41,Services,Married,Not Graduate,222600,671,0,No,No,No,1,72,No
2054,49,Technician,Single,Not Graduate,847207,632,0,Yes,Yes,No,3,73,No
2055,43,Technician,Married,Graduate,825507,730,202729,No,No,No,4,62,No
2056,43,Management,Married,Not Graduate,333995,747,219847,No,Yes,No,3,88,Yes
2057,47,Entrepreneur,Single,Graduate,310925,670,165068,No,No,Yes,4,21,No
2058,40,Retired,Married,Graduate,242110,802,243564,Yes,Yes,Yes,2,95,No
2059,31,Entrepreneur,Single,Graduate,1130614,696,0,No,No,No,5,121,No
2060,18,Services,Married,Not Graduate,793095,577,0,No,No,No,2,37,No
2061,36,Self-Employed,Single,Graduate,430386,720,46803,No,Yes,No,2,106,No
2062,40,Entrepreneur,Single,Graduate,749087,720,271296,No,No,No,4,97,No
2063,33,Unemployed,Married,Not Graduate,186248,686,83471,Yes,No,No,4,102,No
2064,42,Admin,Married,Graduate,748792,763,83471,No,Yes,No,1,76,No
2065,51,Self-Employed,Married,Graduate,699629,770,0,Yes,No,No,3,96,No
2066,45,Unemployed,Single,Graduate,851184,727,252096,No,No,No,4,110,Yes
2067,36,Student,Married,Graduate,526137,727,0,Yes,No,No,1,25,No
2068,43,Technician,Divorced,Graduate,503547,817,119696,No,No,No,4,22,Yes
2069,62,Retired,Single,Graduate,875338,842,143578,Yes,No,Yes,5,48,No
2070,57,Student,Single,Not Graduate,774812,603,0,No,Yes,No,3,157,No
2071,33,Admin,Single,Graduate,312146,655,0,Yes,No,No,6,141,Yes
2072,46,Entrepreneur,Married,Graduate,1063256,612,152612,No,No,No,4,51,Yes
2073,60,Self-Employed,Married,Graduate,339225,768,164266,No,No,Yes,2,47,No
2074,23,Admin,Single,Graduate,940683,707,130425,No,No,Yes,2,1,Yes
2075,25,Management,Married,Graduate,1319975,525,117381,No,No,No,4,23,No
2076,33,Management,Married,Graduate,1560013,633,0,No,No,No,4,11,No
2077,34,Retired,Married,Graduate,204232,676,188270,No,No,Yes,4,105,No
2078,52,Self-Employed,Married,Graduate,500156,795,20132,No,No,Yes,4,67,Yes
2079,26,Management,Single,Graduate,309672,651,39891,No,Yes,No,1,111,No
2080,26,Retired,Married,Graduate,351594,727,172055,No,No,Yes,2,36,Yes
2081,37,Unemployed,Divorced,Graduate,553107,802,116522,No,No,No,2,8,Yes
2082,20,Retired,Married,Graduate,410554,638,162823,No,No,No,2,95,No
2083,18,Retired,Married,Graduate,795432,561,105497,Yes,No,No,5,101,No
2084,58,Admin,Divorced,Graduate,858994,769,153638,No,No,Yes,1,151,No
2085,58,Entrepreneur,Married,Graduate,294147,584,87700,No,No,No,3,92,No
2086,36,Student,Married,Graduate,284499,687,0,No,No,No,5,178,No
2087,45,Technician,Married,Not Graduate,686035,850,151735,No,No,No,4,66,No
2088,32,Entrepreneur,Married,Graduate,352616,660,8940,No,No,No,5,87,No
2089,48,Student,Married,Not Graduate,432655,677,50455,No,No,Yes,2,122,No
2090,38,Unemployed,Married,Not Graduate,415424,755,148711,No,Yes,No,3,93,No
2091,20,Self-Employed,Married,Graduate,1069149,636,0,No,No,Yes,2,156,Yes
2092,33,Technician,Single,Graduate,1059869,726,15047,Yes,Yes,Yes,3,95,Yes
2093,46,Unemployed,Married,Graduate,277198,519,16651,No,No,No,3,68,No
2094,39,Admin,Married,Graduate,664499,741,74625,No,No,No,4,132,Yes
2095,35,Management,Single,Graduate,629205,693,20041,Yes,No,Yes,3,53,No
2096,33,Unemployed,Divorced,Graduate,211704,692,0,Yes,No,No,3,126,No
2097,35,Retired,Married,Not Graduate,1023992,627,49942,Yes,Yes,No,3,86,No
2098,51,Self-Employed,Married,Not Graduate,937165,641,74214,No,No,Yes,5,1,No
2099,65,Unemployed,Married,Graduate,766250,666,255999,No,No,No,1,108,Yes
2100,42,Self-Employed,Married,Not Graduate,883959,661,144622,No,No,Yes,3,75,No
2101,41,Unemployed,Married,Not Graduate,678762,717,0,Yes,No,No,2,1,Yes
2102,29,Retired,Single,Not Graduate,227439,621,136943,Yes,No,Yes,2,39,Yes
2103,36,Technician,Married,Not Graduate,343669,696,82606,No,No,Yes,2,95,No
2104,21,Admin,Married,Graduate,600642,641,83471,No,No,Yes,2,78,No
2105,32,Management,Married,Graduate,984239,726,127198,No,No,No,3,73,Yes
2106,20,Retired,Married,Not Graduate,379724,669,97034,No,No,No,4,13,No
2107,46,Self-Employed,Married,Graduate,1011029,757,123414,No,No,Yes,4,8,Yes
2108,29,Admin,Married,Graduate,607092,811,23126,Yes,No,No,3,73,Yes
2109,27,Technician,Married,Not Graduate,532196,670,53386,Yes,No,No,2,62,No
2110,31,Admin,Married,Graduate,384676,581,7198,Yes,No,Yes,2,35,No
2111,27,Entrepreneur,Divorced,Graduate,1018389,636,130202,No,No,Yes,2,71,Yes
2112,42,Retired,Married,Graduate,826404,668,54328,No,No,No,7,133,No
2113,31,Self-Employed,Single,Not Graduate,413734,653,207655,Yes,No,No,3,8,No
2114,47,Unemployed,Married,Graduate,330807,805,0,No,No,No,2,22,Yes
2115,41,Student,Single,Not Graduate,473622,732,174069,Yes,No,No,5,100,No
2116,50,Retired,Married,Graduate,546888,717,0,Yes,No,No,3,92,No
2117,47,Management,Married,Not Graduate,386853,676,113083,No,No,No,5,63,No
2118,32,Retired,Married,Graduate,512269,702,197013,No,No,No,5,82,No
2119,38,Services,Married,Graduate,604233,690,0,No,No,No,5,1,Yes
2120,67,Retired,Married,Graduate,316896,727,0,Yes,No,No,3,199,No
2121,30,Services,Divorced,Not Graduate,1038251,802,62573,No,Yes,No,1,4,Yes
2122,18,Unemployed,Single,Graduate,1737794,588,0,Yes,No,No,2,59,No
2123,38,Services,Married,Graduate,391059,659,160366,Yes,No,No,4,103,No
2124,22,Admin,Married,Graduate,741305,790,197269,Yes,Yes,No,8,69,No
2125,50,Unemployed,Divorced,Graduate,1170274,652,0,Yes,No,Yes,1,79,No
2126,40,Admin,Single,Not Graduate,205809,724,118515,No,No,No,5,111,No
2127,23,Admin,Married,Graduate,766229,693,0,No,No,Yes,4,1,Yes
2128,24,Student,Married,Not Graduate,1234184,602,128759,Yes,No,No,3,1,Yes
2129,36,Services,Married,Graduate,636095,764,51820,No,No,No,4,22,No
2130,18,Admin,Single,Graduate,553107,791,197973,No,No,No,2,115,Yes
2131,32,Technician,Single,Graduate,545846,729,152862,Yes,No,No,2,54,Yes
2132,44,Services,Married,Graduate,267455,663,126618,No,Yes,No,1,1,No
2133,53,Management,Single,Graduate,306472,638,174356,No,No,No,1,120,Yes
2134,43,Student,Single,Not Graduate,275602,850,239971,No,No,Yes,2,81,Yes
2135,18,Entrepreneur,Married,Graduate,875180,715,83471,Yes,No,Yes,3,123,Yes
2136,42,Services,Single,Graduate,234536,695,104669,No,Yes,No,1,53,No
2137,50,Admin,Married,Not Graduate,612783,686,117886,Yes,No,Yes,7,30,No
2138,35,Unemployed,Married,Graduate,810176,769,49082,No,No,Yes,1,47,Yes
2139,43,Unemployed,Single,Graduate,368705,729,56322,No,No,No,2,96,No
2140,60,Unemployed,Single,Not Graduate,492342,726,0,No,No,No,3,65,No
2141,42,Student,Married,Not Graduate,409162,709,0,Yes,No,No,4,75,Yes
2142,48,Services,Single,Not Graduate,561390,850,153324,No,Yes,Yes,3,24,Yes
2143,49,Technician,Single,Graduate,1561634,723,0,Yes,No,No,6,110,Yes
2144,34,Entrepreneur,Married,Not Graduate,576416,705,75328,Yes,Yes,No,5,132,No
2145,18,Services,Divorced,Not Graduate,984613,627,113268,Yes,No,No,1,1,No
2146,44,Unemployed,Married,Graduate,650183,721,100271,Yes,No,No,4,109,No
2147,48,Technician,Married,Not Graduate,632738,742,117712,Yes,No,No,4,117,No
2148,49,Entrepreneur,Married,Graduate,716059,653,33775,No,No,Yes,3,81,No
2149,20,Retired,Divorced,Not Graduate,708107,795,214599,Yes,No,No,3,66,Yes
2150,34,Admin,Single,Graduate,408449,736,0,No,No,No,8,155,No
2151,20,Admin,Married,Graduate,1399202,575,8273,Yes,Yes,No,3,40,No
2152,38,Management,Married,Graduate,549415,736,31937,No,No,Yes,2,155,No
2153,29,Technician,Married,Graduate,187448,795,87388,Yes,No,Yes,6,61,No
2154,42,Student,Married,Graduate,756030,690,155590,No,Yes,Yes,4,96,No
2155,32,Services,Married,Graduate,1593105,730,153545,No,No,No,2,44,No
2156,48,Entrepreneur,Married,Graduate,526657,679,2197,Yes,Yes,Yes,2,80,No
2157,25,Unemployed,Married,Graduate,555399,729,79871,No,No,Yes,6,87,Yes
2158,43,Services,Single,Graduate,193015,727,0,Yes,No,No,4,139,Yes
2159,32,Retired,Married,Graduate,530170,648,51424,No,No,Yes,1,81,No
2160,43,Management,Single,Graduate,1465959,677,88383,Yes,No,Yes,4,60,No
2161,26,Unemployed,Married,Graduate,553107,668,42568,Yes,No,No,3,103,Yes
2162,48,Management,Married,Graduate,426400,696,16845,No,No,Yes,4,60,No
2163,46,Services,Single,Graduate,563238,715,111826,No,No,No,6,101,Yes
2164,40,Admin,Single,Graduate,600795,788,0,No,Yes,Yes,2,94,No
2165,55,Admin,Single,Graduate,727737,688,46159,Yes,No,No,6,135,No
2166,31,Services,Married,Graduate,352939,669,166229,Yes,No,Yes,4,77,No
2167,48,Admin,Married,Graduate,2514138,666,74955,No,No,Yes,4,135,No
2168,27,Admin,Divorced,Not Graduate,270877,740,104768,No,No,No,4,179,Yes
2169,43,Entrepreneur,Married,Graduate,553107,731,191569,Yes,No,No,3,78,No
2170,38,Retired,Married,Not Graduate,998983,652,128161,Yes,No,No,2,99,Yes
2171,39,Management,Married,Graduate,358505,689,157456,Yes,No,No,5,123,No
2172,48,Unemployed,Single,Graduate,455696,779,177169,No,Yes,No,1,129,Yes
2173,54,Services,Married,Graduate,1964954,682,83471,Yes,No,No,5,44,No
2174,51,Technician,Single,Graduate,278681,704,74481,No,No,No,4,78,No
2175,40,Services,Married,Not Graduate,873605,704,72123,No,No,Yes,4,117,No
2176,42,Management,Married,Graduate,497212,825,159950,Yes,No,No,4,92,Yes
2177,28,Admin,Divorced,Graduate,315805,729,66709,Yes,No,No,4,54,No
2179,43,Management,Married,Graduate,608023,804,0,Yes,No,Yes,9,1,No
2180,38,Entrepreneur,Married,Not Graduate,553107,655,194116,Yes,No,Yes,4,39,No
2181,37,Entrepreneur,Single,Graduate,651042,626,124385,Yes,No,Yes,2,84,No
2182,51,Self-Employed,Married,Not Graduate,1909356,638,158256,Yes,Yes,No,4,127,No
2183,36,Entrepreneur,Married,Graduate,980001,737,5111,No,No,No,2,88,No
2184,51,Retired,Married,Not Graduate,623728,829,88220,Yes,No,No,4,27,Yes
2185,46,Services,Married,Graduate,1229007,616,121613,Yes,No,Yes,1,53,No
2186,42,Self-Employed,Single,Not Graduate,288488,791,221167,Yes,No,No,4,69,No
2187,24,Retired,Single,Not Graduate,509737,551,171953,Yes,No,Yes,2,130,No
2188,30,Unemployed,Divorced,Graduate,454389,633,52544,No,No,Yes,4,32,No
2189,29,Management,Married,Graduate,126655,663,75908,No,No,Yes,3,62,No
2190,36,Student,Single,Not Graduate,784526,807,16031,No,No,No,3,82,Yes
2191,20,Entrepreneur,Married,Not Graduate,945442,718,259428,No,No,Yes,4,76,No
2192,28,Entrepreneur,Married,Graduate,706247,727,73708,Yes,No,No,2,77,Yes
2193,30,Retired,Married,Graduate,288937,711,78205,No,No,No,3,82,No
2194,32,Admin,Married,Graduate,567869,788,132288,No,No,No,5,125,Yes
2195,27,Unemployed,Married,Graduate,851066,704,140312,No,No,Yes,1,32,No
2196,45,Unemployed,Single,Not Graduate,537732,740,83471,Yes,No,Yes,4,63,Yes
2197,57,Student,Married,Not Graduate,342378,725,86903,Yes,No,Yes,4,51,No
2198,39,Management,Single,Graduate,350549,616,83471,Yes,No,No,4,141,No
2199,69,Technician,Married,Graduate,1788276,707,155353,Yes,Yes,No,2,70,No
2200,44,Student,Divorced,Graduate,652099,648,57639,No,No,Yes,3,33,No
2201,32,Services,Married,Graduate,194503,726,61562,Yes,Yes,No,3,60,No
2202,55,Services,Single,Graduate,499022,678,50514,No,No,No,3,63,No
2203,55,Entrepreneur,Married,Graduate,553107,731,0,Yes,Yes,Yes,2,112,Yes
2204,18,Self-Employed,Married,Graduate,358129,672,320380,No,No,No,5,99,Yes
2205,38,Unemployed,Married,Graduate,806720,704,9977,No,No,No,3,142,No
2206,53,Student,Single,Graduate,817601,733,69393,Yes,Yes,No,4,105,No
2207,29,Unemployed,Single,Graduate,864525,723,111645,Yes,No,No,3,15,Yes
2208,48,Entrepreneur,Single,Graduate,427005,764,113054,No,No,No,3,185,No
2209,39,Self-Employed,Divorced,Graduate,1615836,678,51371,Yes,No,No,3,57,Yes
2210,31,Unemployed,Married,Graduate,600403,754,59316,No,No,No,5,2,No
2211,54,Student,Single,Not Graduate,1573519,618,124885,No,No,No,2,121,No
2212,33,Unemployed,Married,Graduate,349974,732,0,No,Yes,No,1,100,No
2213,25,Admin,Single,Not Graduate,751438,654,122840,Yes,No,No,6,113,No
2214,47,Retired,Married,Graduate,2140179,797,116290,No,No,No,4,169,Yes
2215,45,Admin,Married,Graduate,256472,795,48473,No,No,No,3,99,No
2216,40,Technician,Married,Graduate,418094,735,125325,Yes,No,No,4,91,Yes
2217,36,Admin,Married,Graduate,833486,682,101295,No,No,No,4,164,Yes
2218,36,Services,Married,Graduate,474387,582,163462,Yes,No,No,5,4,No
2219,36,Self-Employed,Married,Graduate,651342,713,112400,No,No,No,4,203,Yes
2220,21,Services,Single,Graduate,366687,804,0,No,No,Yes,3,71,Yes
2221,44,Unemployed,Single,Not Graduate,472922,615,23923,Yes,Yes,No,4,44,No
2222,50,Admin,Married,Graduate,640208,617,55081,No,Yes,No,3,81,No
2223,39,Admin,Married,Graduate,1316984,766,101314,No,No,Yes,3,97,Yes
2224,31,Management,Married,Not Graduate,509771,704,56607,No,No,Yes,1,10,No
2225,40,Self-Employed,Married,Not Graduate,729308,659,0,No,No,No,2,89,No
2226,38,Unemployed,Married,Not Graduate,1399720,574,162324,No,Yes,Yes,3,109,No
2227,32,Unemployed,Married,Graduate,226311,578,0,No,Yes,No,2,67,No
2228,34,Student,Married,Graduate,374769,684,17440,No,No,No,4,159,No
2229,68,Management,Married,Graduate,403373,725,38431,No,No,No,4,16,No
2230,29,Self-Employed,Single,Graduate,1096235,656,147596,Yes,No,Yes,3,67,Yes
2231,60,Student,Married,Graduate,558991,716,48337,No,No,No,6,119,Yes
2232,27,Entrepreneur,Married,Graduate,583937,614,0,No,No,No,4,92,No
2233,19,Services,Single,Graduate,547539,550,49253,No,No,Yes,1,101,No
2234,39,Management,Married,Graduate,846554,783,54807,No,Yes,No,2,77,No
2235,56,Technician,Married,Graduate,880835,731,65713,No,No,Yes,3,1,No
2236,52,Self-Employed,Married,Graduate,900721,489,16051,Yes,No,No,6,95,No
2237,27,Technician,Married,Graduate,1296252,663,105016,Yes,No,No,3,1,No
2238,36,Retired,Married,Graduate,149674,682,83471,Yes,No,Yes,2,48,Yes
2239,50,Student,Married,Not Graduate,553107,771,83017,No,No,Yes,4,32,No
2240,54,Admin,Single,Graduate,1105998,776,153307,No,Yes,Yes,3,69,No
2241,28,Services,Married,Not Graduate,807615,648,0,No,Yes,No,1,147,No
2242,40,Admin,Married,Graduate,447237,703,170382,No,No,No,4,72,No
2243,55,Entrepreneur,Single,Graduate,297572,790,226752,No,No,No,2,44,Yes
2244,51,Admin,Married,Graduate,505959,678,219282,No,No,No,1,23,Yes
2245,35,Services,Married,Graduate,553107,676,194138,No,No,No,4,46,No
2246,38,Admin,Married,Graduate,212132,654,0,No,No,No,1,91,No
2247,36,Admin,Married,Not Graduate,967181,675,120853,Yes,No,No,3,81,No
2248,39,Admin,Single,Graduate,977004,630,83242,No,No,No,5,59,No
2249,39,Technician,Divorced,Not Graduate,521543,767,76907,No,No,No,2,59,Yes
2250,50,Student,Single,Graduate,1350165,765,37752,No,No,No,3,62,No
2251,49,Entrepreneur,Married,Graduate,1053894,713,0,No,No,Yes,3,69,No
2252,36,Management,Single,Graduate,321282,647,189407,No,No,No,4,58,Yes
2253,42,Technician,Single,Not Graduate,741575,595,0,Yes,No,Yes,1,1,No
2254,54,Self-Employed,Single,Graduate,724290,850,83471,No,No,No,1,176,Yes
2255,37,Retired,Divorced,Not Graduate,614384,584,16200,No,No,Yes,4,75,No
2256,57,Student,Married,Graduate,249015,674,84803,Yes,No,Yes,3,91,No
2257,46,Technician,Divorced,Graduate,626440,630,292298,Yes,No,No,2,99,Yes
2258,30,Student,Single,Graduate,474129,649,188825,Yes,No,No,4,116,Yes
2259,32,Technician,Married,Not Graduate,351923,653,58803,No,Yes,No,4,56,No
2260,33,Technician,Married,Not Graduate,553107,764,96249,No,No,No,5,5,No
2261,39,Student,Divorced,Graduate,616757,702,0,No,No,Yes,5,33,Yes
2262,32,Management,Married,Not Graduate,1193774,680,0,No,No,Yes,2,62,No
2263,46,Student,Divorced,Graduate,856024,733,0,No,No,No,5,120,No
2264,18,Entrepreneur,Single,Graduate,693051,637,49779,Yes,No,Yes,3,46,No
2265,40,Self-Employed,Married,Graduate,1845686,773,0,No,No,No,2,89,Yes
2266,28,Admin,Single,Not Graduate,450705,617,113264,Yes,No,Yes,6,33,No
2267,38,Services,Married,Graduate,1046931,689,173860,Yes,No,Yes,5,135,No
2268,38,Management,Single,Graduate,646644,647,0,Yes,No,No,3,103,Yes
2269,36,Admin,Single,Graduate,790201,780,105252,Yes,No,Yes,7,137,No
2270,33,Unemployed,Married,Not Graduate,480646,728,212226,Yes,No,No,3,140,No
2271,23,Management,Married,Graduate,507005,764,18666,No,No,No,2,101,Yes
2272,52,Self-Employed,Single,Graduate,873674,615,0,No,No,No,4,73,Yes
2273,43,Unemployed,Single,Graduate,959520,823,28594,Yes,No,Yes,3,62,No
2274,38,Technician,Married,Graduate,535072,806,162529,Yes,No,No,3,3,No
2275,40,Self-Employed,Single,Not Graduate,291546,642,157682,Yes,No,No,5,43,No
2276,44,Retired,Married,Graduate,486482,562,239318,Yes,No,Yes,3,12,No
2277,19,Admin,Married,Graduate,805610,623,324413,No,No,No,2,136,No
2278,40,Entrepreneur,Married,Not Graduate,557237,630,172638,Yes,No,No,2,115,Yes
2279,42,Management,Married,Not Graduate,376809,634,83471,Yes,No,Yes,4,68,No
2280,58,Retired,Single,Not Graduate,375824,698,191777,No,Yes,No,5,189,No
2281,48,Self-Employed,Married,Graduate,761351,802,235032,Yes,No,Yes,3,58,Yes
2282,50,Entrepreneur,Married,Graduate,553464,677,64701,Yes,No,Yes,5,167,Yes
2283,41,Self-Employed,Married,Graduate,214087,657,0,No,No,No,1,49,No
2284,33,Unemployed,Married,Graduate,660486,762,159683,No,No,Yes,3,122,Yes
2285,31,Retired,Married,Graduate,910488,850,181606,No,Yes,No,4,1,Yes
2286,54,Services,Married,Graduate,449008,573,31280,Yes,Yes,No,3,143,No
2287,42,Self-Employed,Married,Graduate,926467,691,141138,Yes,Yes,No,3,22,No
2288,43,Admin,Divorced,Not Graduate,635411,713,108532,Yes,No,No,2,71,No
2289,58,Technician,Single,Not Graduate,224609,598,267695,Yes,No,No,2,108,No
2290,36,Admin,Single,Graduate,757202,625,36708,Yes,No,No,2,92,No
2291,45,Technician,Married,Graduate,398105,742,0,No,No,Yes,3,6,Yes
2292,32,Technician,Married,Not Graduate,358082,758,15540,No,Yes,No,1,1,No
2293,29,Self-Employed,Single,Graduate,566929,744,79753,Yes,No,No,8,55,No
2294,26,Unemployed,Married,Graduate,792324,649,123782,Yes,No,Yes,4,101,Yes
2295,40,Self-Employed,Single,Graduate,495957,783,155669,Yes,No,No,6,25,Yes
2296,21,Student,Married,Graduate,422178,665,257542,Yes,No,No,2,58,Yes
2297,41,Technician,Married,Not Graduate,204270,707,48689,No,No,Yes,4,63,No
2298,45,Student,Married,Not Graduate,772089,796,44465,Yes,Yes,No,4,88,No
2299,20,Retired,Single,Not Graduate,922193,675,102914,Yes,Yes,No,5,158,No
2300,33,Technician,Married,Not Graduate,308104,721,0,No,No,No,4,66,No
2301,39,Admin,Single,Not Graduate,658715,647,0,Yes,No,No,1,75,No
2302,47,Retired,Married,Graduate,779498,533,109271,No,No,No,1,58,No
2303,31,Self-Employed,Married,Graduate,359414,763,38992,No,No,No,4,80,No
2304,62,Entrepreneur,Married,Graduate,475984,735,30763,No,No,No,1,50,Yes
2305,60,Admin,Single,Graduate,734548,738,187158,Yes,Yes,No,2,39,No
2306,26,Services,Single,Not Graduate,1061609,688,140056,No,No,No,4,17,No
2307,30,Admin,Single,Graduate,183989,546,177464,No,No,Yes,2,1,No
2308,53,Unemployed,Divorced,Not Graduate,320117,777,100465,Yes,No,Yes,3,1,No
2309,39,Self-Employed,Married,Graduate,529795,695,236424,No,No,No,3,66,No
2310,56,Services,Divorced,Graduate,464526,587,65283,No,No,No,3,18,No
2311,60,Retired,Divorced,Not Graduate,318377,605,159723,No,No,Yes,2,106,No
2312,63,Self-Employed,Married,Not Graduate,359802,715,0,Yes,No,Yes,4,53,No
2313,31,Services,Married,Graduate,380031,735,199756,No,No,No,3,64,No
2314,43,Entrepreneur,Married,Graduate,1036484,655,0,No,No,No,2,37,Yes
2315,35,Unemployed,Single,Graduate,460639,666,108851,No,No,No,4,88,No
2316,18,Self-Employed,Single,Graduate,491280,752,114869,No,No,No,3,59,Yes
2317,36,Unemployed,Married,Not Graduate,1023898,574,180785,Yes,No,No,2,55,No
2318,33,Self-Employed,Married,Graduate,1116820,842,92997,No,Yes,Yes,3,37,No
2319,57,Entrepreneur,Divorced,Graduate,601901,573,120871,No,No,No,3,35,No
2320,48,Management,Married,Graduate,249536,661,134919,No,No,No,5,150,Yes
2321,26,Technician,Married,Graduate,939190,723,96764,No,No,No,1,22,No
2322,23,Services,Single,Graduate,974508,632,204868,Yes,No,No,3,47,No
2323,46,Student,Married,Graduate,615993,778,150773,No,Yes,No,3,83,Yes
2324,44,Entrepreneur,Divorced,Graduate,338225,612,190514,No,No,Yes,4,80,Yes
2325,18,Admin,Single,Graduate,821356,675,51846,Yes,No,Yes,3,90,Yes
2326,45,Management,Single,Not Graduate,408201,743,98627,No,No,No,5,10,No
2327,31,Services,Single,Not Graduate,863363,999,330953,Yes,No,Yes,2,75,Yes
2328,52,Unemployed,Single,Graduate,889343,609,119519,Yes,No,No,6,1,No
2329,31,Student,Married,Graduate,611182,580,139477,No,No,No,2,114,No
2330,37,Technician,Single,Not Graduate,847793,850,131022,Yes,No,Yes,3,86,Yes
2331,39,Admin,Married,Graduate,328725,710,100019,Yes,No,No,5,145,Yes
2332,44,Self-Employed,Single,Not Graduate,1170074,640,87954,No,No,No,4,98,No
2333,44,Technician,Married,Not Graduate,1765075,749,110132,No,No,Yes,2,25,Yes
2334,41,Services,Single,Graduate,324017,691,20944,No,No,No,4,73,Yes
2335,37,Admin,Single,Not Graduate,1373372,724,83471,No,No,Yes,4,33,No
2336,36,Entrepreneur,Married,Not Graduate,263425,761,22722,Yes,No,Yes,6,33,No
2337,46,Management,Married,Graduate,402435,628,20558,No,No,No,7,79,No
2338,49,Self-Employed,Married,Graduate,776585,756,87848,Yes,Yes,No,2,84,No
2339,43,Student,Single,Graduate,412486,597,121950,No,No,No,2,104,No
2340,40,Self-Employed,Married,Graduate,1525721,669,78908,No,No,No,2,14,No
2341,45,Entrepreneur,Divorced,Graduate,300632,691,121284,No,No,Yes,1,101,No
2342,50,Retired,Married,Graduate,249692,677,171959,Yes,No,No,2,49,No
2343,29,Admin,Married,Not Graduate,464541,610,52127,No,No,No,1,99,No
2344,45,Student,Married,Graduate,922907,646,152656,Yes,No,No,4,124,No
2345,32,Technician,Married,Graduate,1201648,693,67253,No,No,No,2,64,No
2346,34,Admin,Single,Graduate,534004,634,21589,No,Yes,No,3,86,No
2347,44,Self-Employed,Married,Graduate,300904,761,117334,No,No,No,3,129,No
2348,22,Entrepreneur,Married,Graduate,368501,639,83471,Yes,No,No,2,108,No
2349,65,Management,Single,Graduate,393736,678,93744,No,No,No,3,73,No
2350,33,Management,Single,Not Graduate,634823,758,89266,Yes,Yes,No,6,119,Yes
2351,53,Unemployed,Single,Not Graduate,1095630,675,52431,Yes,No,No,4,22,No
2352,38,Admin,Single,Graduate,533326,750,0,Yes,Yes,No,4,46,No
2353,46,Services,Married,Graduate,802660,664,149501,No,No,No,3,1,No
2354,44,Management,Married,Not Graduate,198523,788,0,Yes,Yes,No,5,76,No
2355,47,Management,Married,Not Graduate,516973,649,0,Yes,No,No,2,53,No
2356,58,Technician,Single,Not Graduate,184838,752,0,No,No,No,7,95,No
2357,55,Entrepreneur,Single,Not Graduate,731278,760,113194,No,No,No,2,91,No
2358,33,Admin,Married,Graduate,334307,660,97755,No,No,No,3,38,No
2359,39,Entrepreneur,Married,Graduate,1348047,631,83471,Yes,Yes,Yes,3,79,Yes
2360,40,Admin,Single,Graduate,279207,850,0,Yes,No,No,3,104,No
2361,31,Unemployed,Married,Graduate,30000000,766,39270,No,Yes,No,4,139,No
2362,35,Admin,Married,Graduate,320156,680,114054,No,No,No,3,90,No
2363,62,Retired,Single,Graduate,773934,689,80020,No,No,No,5,98,No
2364,42,Technician,Married,Graduate,521950,787,0,Yes,No,No,2,2,No
2365,40,Management,Married,Graduate,1094928,633,51833,No,No,No,2,91,No
2366,48,Retired,Married,Graduate,870339,697,0,No,No,No,7,97,Yes
2367,26,Management,Married,Not Graduate,544175,648,83471,No,No,No,2,111,No
2368,35,Management,Married,Graduate,301660,742,222997,Yes,No,No,6,186,No
2369,43,Self-Employed,Married,Graduate,1303232,689,14789,Yes,No,Yes,3,118,Yes
2370,26,Management,Married,Not Graduate,556073,539,42546,Yes,No,No,1,1,No
2371,50,Self-Employed,Single,Graduate,791949,678,0,Yes,Yes,Yes,6,104,No
2372,39,Admin,Single,Not Graduate,447662,667,94860,No,No,No,1,104,No
2373,36,Unemployed,Divorced,Graduate,1329008,850,0,Yes,No,Yes,6,79,No
2374,18,Student,Divorced,Graduate,650199,744,94943,Yes,No,No,2,62,Yes
2375,51,Unemployed,Married,Not Graduate,519439,660,0,No,No,Yes,3,67,Yes
2376,36,Self-Employed,Divorced,Graduate,466588,734,152018,No,Yes,No,3,4,No
2377,22,Services,Married,Graduate,457234,743,83471,Yes,Yes,Yes,3,34,No
2378,30,Admin,Married,Not Graduate,617881,689,148816,Yes,No,Yes,5,119,No
2379,37,Self-Employed,Divorced,Graduate,415549,703,0,Yes,No,Yes,5,49,Yes
2380,40,Admin,Single,Graduate,870756,664,126753,Yes,No,Yes,2,1,No
2381,52,Self-Employed,Married,Not Graduate,438188,676,165482,Yes,No,Yes,4,52,No
2382,66,Unemployed,Single,Graduate,463437,679,189529,No,No,No,1,128,No
2383,43,Entrepreneur,Single,Graduate,316898,691,50968,No,No,No,4,22,No
2384,31,Retired,Married,Not Graduate,289014,634,83471,Yes,No,No,2,90,No
2385,34,Self-Employed,Divorced,Graduate,520132,610,94419,Yes,No,Yes,5,114,No
2386,59,Technician,Married,Graduate,533932,611,92719,Yes,No,No,2,124,No
2387,39,Management,Single,Graduate,476877,791,49287,No,No,No,6,1,No
2388,30,Admin,Married,Graduate,387899,667,20720,No,No,Yes,3,62,No
2389,37,Self-Employed,Married,Graduate,548210,652,56478,Yes,No,No,6,168,Yes
2390,57,Entrepreneur,Married,Graduate,1136461,660,0,No,No,Yes,3,96,No
2391,30,Student,Married,Graduate,516842,814,145590,Yes,No,No,3,44,Yes
2392,33,Technician,Married,Not Graduate,1055254,724,123792,Yes,No,No,2,67,No
2393,43,Retired,Single,Not Graduate,275643,685,0,No,Yes,No,2,62,No
2394,45,Retired,Married,Graduate,824122,768,193966,Yes,No,No,2,37,Yes
2395,40,Services,Single,Graduate,1270303,779,61142,No,No,No,3,46,Yes
2396,29,Entrepreneur,Divorced,Graduate,460961,639,181148,Yes,No,No,4,99,No
2397,51,Technician,Single,Not Graduate,438692,724,0,Yes,No,No,2,122,Yes
2398,42,Retired,Married,Not Graduate,393966,708,118658,No,No,No,4,74,Yes
2399,31,Self-Employed,Divorced,Graduate,805772,655,57012,Yes,No,Yes,3,91,Yes
2400,49,Services,Married,Graduate,906779,761,0,Yes,No,Yes,3,38,Yes
2401,36,Student,Divorced,Not Graduate,531942,444,209995,Yes,No,Yes,5,77,No
2402,53,Self-Employed,Married,Not Graduate,977957,646,198414,Yes,No,No,5,1,Yes
2403,39,Unemployed,Married,Graduate,408240,699,111945,Yes,No,Yes,1,80,No
2404,33,Unemployed,Divorced,Graduate,688979,790,98717,Yes,No,No,3,33,Yes
2405,39,Unemployed,Married,Graduate,1148001,671,0,Yes,No,Yes,2,69,Yes
2406,44,Unemployed,Single,Graduate,593684,632,96530,Yes,No,No,6,19,No
2407,47,Management,Married,Graduate,410932,715,145507,Yes,No,Yes,3,28,No
2408,47,Entrepreneur,Married,Graduate,1360762,682,0,No,No,Yes,3,1,No
2409,39,Entrepreneur,Married,Graduate,134477,742,122197,No,Yes,No,4,67,No
2410,45,Admin,Married,Graduate,299894,696,21675,No,No,Yes,1,122,No
2411,46,Self-Employed,Married,Graduate,478080,744,54707,Yes,No,No,2,23,Yes
2412,42,Management,Married,Not Graduate,717511,670,154964,Yes,Yes,No,3,98,No
2413,35,Admin,Single,Not Graduate,994544,738,111530,No,No,No,2,76,Yes
2414,36,Student,Single,Graduate,448985,775,96087,Yes,Yes,No,2,74,No
2415,33,Management,Married,Graduate,321032,626,83471,No,No,No,3,65,No
2416,60,Student,Single,Not Graduate,512995,740,0,Yes,Yes,No,2,116,No
2417,60,Entrepreneur,Single,Not Graduate,1146736,737,74262,Yes,No,No,4,65,No
2418,20,Self-Employed,Divorced,Graduate,524389,688,63611,No,No,Yes,6,43,No
2419,45,Technician,Married,Graduate,648045,747,193500,Yes,No,Yes,3,148,Yes
2420,37,Unemployed,Married,Graduate,448474,642,198026,Yes,No,Yes,5,148,No
2421,41,Self-Employed,Single,Not Graduate,1233358,745,225434,No,No,No,1,150,Yes
2422,49,Entrepreneur,Married,Graduate,382707,783,0,Yes,No,Yes,2,52,No
2423,48,Management,Married,Graduate,1198155,682,0,No,No,Yes,3,15,Yes
2424,38,Management,Single,Graduate,849320,732,0,Yes,No,No,2,28,Yes
2425,43,Self-Employed,Married,Graduate,464330,712,0,No,No,Yes,3,11,No
2426,34,Student,Married,Graduate,407658,621,286482,No,No,No,5,73,No
2427,67,Entrepreneur,Married,Not Graduate,301513,617,28922,No,No,No,2,132,No
2428,42,Entrepreneur,Married,Graduate,421854,707,0,Yes,No,No,6,52,No
2429,39,Retired,Married,Graduate,631534,609,0,Yes,No,Yes,3,153,No
2430,23,Retired,Divorced,Graduate,847196,634,76663,Yes,Yes,No,4,60,No
2431,56,Retired,Married,Not Graduate,529432,581,122312,No,No,Yes,6,1,No
2432,28,Retired,Married,Graduate,410187,657,107922,No,No,No,5,25,Yes
2433,56,Management,Single,Graduate,535004,590,51268,Yes,Yes,Yes,3,22,No
2434,48,Student,Married,Graduate,1027717,746,0,Yes,No,Yes,5,120,No
2435,57,Entrepreneur,Married,Graduate,967915,752,0,No,No,Yes,4,36,Yes
2436,25,Management,Married,Graduate,629646,684,94534,No,No,No,3,81,Yes
2437,44,Self-Employed,Married,Not Graduate,291581,736,196171,Yes,Yes,No,2,56,No
2438,29,Entrepreneur,Single,Graduate,725560,737,309204,No,No,Yes,3,163,No
2439,32,Entrepreneur,Married,Graduate,205900,691,136699,Yes,No,No,2,115,No
2440,39,Self-Employed,Single,Not Graduate,284240,658,43235,Yes,Yes,No,1,35,No
2441,44,Retired,Married,Not Graduate,1158703,766,114138,Yes,No,No,3,70,Yes
2442,33,Services,Married,Graduate,407106,574,0,No,No,No,2,122,No
2443,51,Student,Single,Graduate,1075660,685,17613,No,No,No,5,30,Yes
2444,39,Services,Single,Graduate,1158253,744,221633,No,No,No,3,64,No
2445,33,Services,Single,Graduate,518862,775,28839,No,No,Yes,2,69,Yes
2446,32,Technician,Single,Not Graduate,1012650,705,122244,Yes,No,No,4,132,No
2447,64,Management,Married,Not Graduate,2010324,717,118378,No,No,No,4,127,Yes
2448,40,Self-Employed,Married,Graduate,886855,700,115402,No,No,No,2,33,No
2449,34,Entrepreneur,Single,Graduate,313047,620,174621,No,No,Yes,6,48,No
2450,25,Services,Married,Graduate,1777076,615,89062,No,No,No,3,38,No
2451,35,Management,Single,Not Graduate,317802,624,86449,No,No,No,3,138,No
2452,55,Entrepreneur,Single,Graduate,198581,697,0,No,No,No,2,50,No
2453,42,Student,Single,Not Graduate,511636,596,0,No,No,Yes,2,77,No
2454,50,Retired,Divorced,Graduate,553107,680,248484,No,No,Yes,3,102,No
2455,31,Entrepreneur,Married,Graduate,375033,706,95672,No,Yes,Yes,8,61,No
2456,44,Admin,Single,Graduate,334065,600,117645,No,No,Yes,6,108,No
2457,35,Technician,Married,Graduate,863354,646,56004,No,Yes,No,4,78,No
2458,57,Management,Divorced,Graduate,1205863,544,113824,No,No,Yes,4,8,No
2459,32,Services,Married,Not Graduate,923770,762,205757,No,No,Yes,3,35,Yes
2460,33,Admin,Married,Not Graduate,1564212,725,86012,No,No,Yes,1,82,Yes
2461,27,Management,Married,Graduate,439528,668,0,No,No,No,4,79,Yes
2462,22,Student,Single,Not Graduate,882056,830,14286,No,No,No,3,32,No
2463,46,Student,Single,Graduate,401551,667,70830,No,No,Yes,1,68,No
2464,30,Technician,Single,Graduate,216571,792,0,Yes,No,No,4,57,Yes
2465,56,Student,Married,Graduate,1076442,689,81141,No,No,No,3,46,Yes
2466,40,Admin,Single,Not Graduate,609076,642,0,Yes,No,No,8,80,No
2467,39,Technician,Married,Graduate,427439,566,223424,Yes,No,Yes,5,117,No
2468,37,Retired,Married,Graduate,576095,638,144675,No,No,No,3,70,Yes
2469,42,Self-Employed,Single,Not Graduate,314461,684,69024,Yes,No,Yes,6,1,Yes
2470,49,Management,Married,Graduate,881621,644,174918,Yes,No,Yes,3,78,Yes
2471,29,Entrepreneur,Married,Graduate,150865,739,83471,Yes,No,No,2,108,No
2472,18,Unemployed,Married,Graduate,1260562,742,123799,No,No,No,4,68,No
2473,35,Unemployed,Divorced,Graduate,544047,572,12270,Yes,Yes,No,3,91,No
2474,40,Admin,Single,Graduate,653133,663,255094,Yes,No,No,6,26,No
2475,53,Retired,Single,Graduate,429695,693,31523,No,No,Yes,2,19,No
2476,41,Student,Married,Graduate,1247181,731,157150,Yes,No,No,2,73,No
2477,49,Admin,Married,Graduate,355498,816,48790,Yes,No,No,2,54,Yes
2478,32,Self-Employed,Single,Graduate,297037,624,74886,Yes,No,No,3,79,No
2479,43,Entrepreneur,Single,Not Graduate,469415,659,277658,No,No,No,6,125,No
2480,31,Services,Divorced,Graduate,294825,799,238865,Yes,No,No,3,65,Yes
2481,31,Admin,Single,Not Graduate,236962,735,24457,No,No,Yes,4,37,No
2482,49,Unemployed,Married,Graduate,728977,654,145471,Yes,No,No,2,1,Yes
2483,65,Technician,Single,Graduate,360636,689,122578,Yes,No,No,2,37,No
2484,18,Admin,Single,Not Graduate,553107,659,153261,No,No,No,7,190,Yes
2485,38,Unemployed,Married,Graduate,653923,658,0,No,No,Yes,2,101,No
2486,38,Unemployed,Married,Graduate,209933,686,241895,Yes,No,No,6,148,Yes
2487,31,Admin,Single,Not Graduate,1134837,715,83471,No,Yes,No,5,109,No
2488,39,Services,Single,Graduate,426041,642,71502,No,No,No,6,29,No
2489,55,Management,Divorced,Not Graduate,595226,662,0,Yes,No,No,3,60,No
2490,18,Entrepreneur,Married,Not Graduate,412801,618,137973,Yes,Yes,No,4,1,No
2491,43,Self-Employed,Married,Graduate,355528,701,124909,No,No,No,7,116,No
2492,42,Admin,Married,Graduate,587128,804,94400,No,Yes,Yes,3,72,Yes
2493,33,Management,Married,Graduate,1432612,712,83471,Yes,No,No,2,157,Yes
2494,40,Admin,Divorced,Graduate,380162,619,112144,No,No,No,2,46,No
2495,41,Unemployed,Divorced,Not Graduate,615778,770,43837,Yes,No,Yes,2,99,No
2496,56,Unemployed,Married,Not Graduate,852184,714,130219,No,No,No,2,68,No
2497,34,Services,Married,Graduate,617605,732,134514,Yes,Yes,No,4,1,No
2498,25,Entrepreneur,Divorced,Graduate,553107,771,168578,No,Yes,No,3,28,Yes
2499,41,Unemployed,Married,Graduate,862268,613,83471,Yes,No,No,3,59,No
2500,36,Admin,Single,Graduate,379400,647,154556,Yes,No,No,3,116,No
2501,38,Management,Married,Not Graduate,866165,575,149504,Yes,Yes,No,7,127,No
2502,29,Retired,Married,Graduate,641173,625,0,No,Yes,Yes,2,97,No
2503,35,Management,Single,Graduate,920230,840,220313,Yes,No,No,6,140,Yes
2504,51,Retired,Married,Not Graduate,553107,704,55361,Yes,No,No,4,173,Yes
2505,45,Self-Employed,Single,Graduate,413276,763,248199,Yes,No,Yes,3,62,Yes
2506,39,Student,Married,Not Graduate,373583,653,116426,Yes,Yes,No,2,58,No
2507,39,Entrepreneur,Divorced,Not Graduate,401575,703,92385,Yes,No,Yes,5,66,Yes
2508,55,Management,Married,Graduate,902847,707,74304,Yes,No,No,2,13,No
2509,27,Self-Employed,Married,Graduate,402451,850,191745,Yes,No,No,6,46,Yes
2510,41,Management,Divorced,Graduate,429997,580,56053,No,No,Yes,2,82,No
2511,54,Admin,Single,Graduate,559846,639,0,Yes,Yes,No,6,53,No
2512,27,Entrepreneur,Married,Graduate,1493341,600,82707,No,Yes,Yes,6,68,No
2513,54,Admin,Married,Graduate,287335,637,266098,Yes,No,Yes,3,63,No
2514,51,Self-Employed,Married,Not Graduate,250104,630,117935,No,No,Yes,4,91,No
2515,38,Entrepreneur,Divorced,Graduate,246413,689,224,Yes,No,No,5,85,Yes
2516,26,Unemployed,Divorced,Graduate,496729,717,0,Yes,No,No,3,50,No
2517,56,Technician,Divorced,Graduate,846904,718,194352,Yes,No,Yes,5,10,No
2518,25,Unemployed,Married,Graduate,515194,580,0,Yes,No,Yes,2,113,No
2519,41,Services,Single,Graduate,539249,460,94697,Yes,No,No,4,76,No
2520,18,Self-Employed,Married,Graduate,934242,671,237605,Yes,Yes,No,2,53,Yes
2521,44,Entrepreneur,Single,Graduate,537491,760,87209,Yes,No,No,4,165,No
2522,22,Student,Single,Graduate,734535,645,87646,Yes,Yes,No,3,165,No
2523,45,Entrepreneur,Married,Not Graduate,398769,660,250649,No,No,No,5,81,No
2524,42,Retired,Married,Not Graduate,649976,676,70631,No,Yes,No,5,40,No
2525,39,Admin,Married,Graduate,268962,646,83471,No,No,No,3,143,No
2526,18,Services,Single,Graduate,371518,571,138738,No,No,No,4,69,No
2527,39,Entrepreneur,Married,Not Graduate,1411704,717,210545,Yes,No,No,4,82,Yes
2528,55,Admin,Single,Graduate,556279,743,153906,Yes,Yes,Yes,1,96,Yes
2529,30,Admin,Married,Graduate,711528,705,305192,Yes,No,Yes,2,94,No
2530,30,Student,Married,Graduate,282317,688,278054,No,No,No,4,51,No
2531,39,Retired,Married,Graduate,1418081,797,231637,Yes,No,No,3,89,Yes
2532,53,Services,Married,Not Graduate,380126,729,50249,No,No,Yes,2,136,No
2533,44,Services,Married,Not Graduate,415453,688,130701,Yes,No,Yes,1,24,Yes
2534,47,Technician,Married,Graduate,1137861,675,0,Yes,No,No,5,108,Yes
2535,48,Student,Married,Graduate,563221,578,12291,Yes,No,Yes,5,37,No
2536,71,Student,Single,Graduate,701293,695,37417,Yes,No,No,7,54,No
2537,40,Unemployed,Single,Graduate,884388,724,83003,Yes,No,No,3,1,No
2538,40,Management,Single,Graduate,851400,786,83471,No,No,No,5,63,Yes
2539,21,Services,Single,Not Graduate,887175,753,306495,No,No,No,2,75,Yes
2540,28,Unemployed,Married,Not Graduate,507353,654,272556,No,No,No,2,70,Yes
2541,57,Entrepreneur,Divorced,Graduate,345657,734,0,Yes,No,No,2,93,No
2542,52,Entrepreneur,Single,Graduate,554625,689,0,Yes,No,Yes,4,102,Yes
2543,55,Retired,Single,Not Graduate,315183,747,124006,No,No,No,4,72,No
2544,42,Services,Married,Graduate,611510,591,226223,No,Yes,Yes,2,45,No
2545,54,Retired,Married,Graduate,721113,711,142531,Yes,No,No,3,46,No
2546,36,Technician,Married,Graduate,432975,818,134530,No,No,No,2,240,Yes
2547,43,Self-Employed,Married,Not Graduate,197495,666,0,Yes,No,No,1,170,No
2548,49,Retired,Single,Graduate,325277,573,0,No,No,No,2,1,No
2549,39,Student,Single,Graduate,608550,645,86101,Yes,No,No,4,179,Yes
2550,62,Management,Single,Not Graduate,974718,727,95923,Yes,No,Yes,5,137,Yes
2551,45,Management,Divorced,Graduate,870581,645,54177,Yes,No,Yes,4,62,Yes
2552,30,Services,Married,Not Graduate,533693,770,0,No,No,No,3,46,No
2553,47,Admin,Married,Not Graduate,452246,576,122418,Yes,No,No,2,89,No
2554,31,Services,Married,Graduate,1027255,614,0,No,No,No,2,67,No
2555,37,Management,Single,Not Graduate,243183,703,113084,Yes,No,No,2,112,No
2556,29,Student,Married,Not Graduate,837757,689,58167,Yes,No,Yes,2,38,No
2557,37,Entrepreneur,Single,Graduate,632285,796,0,Yes,No,No,3,61,No
2558,50,Services,Married,Not Graduate,659390,560,0,No,Yes,No,3,24,No
2559,49,Entrepreneur,Married,Graduate,602699,694,59106,Yes,No,No,5,51,No
2560,36,Self-Employed,Married,Not Graduate,553107,689,160366,No,No,Yes,4,127,No
2561,53,Self-Employed,Divorced,Graduate,290892,775,165028,No,No,No,2,103,Yes
2562,59,Student,Married,Not Graduate,846435,583,286057,No,Yes,No,3,66,No
2563,47,Student,Married,Not Graduate,714182,530,70188,Yes,No,No,3,67,No
2564,56,Services,Single,Not Graduate,685206,783,43626,Yes,No,No,4,101,Yes
2565,26,Student,Single,Not Graduate,434257,822,110796,Yes,No,Yes,4,64,Yes
2566,53,Management,Married,Graduate,910778,696,177201,Yes,No,No,4,56,Yes
2567,55,Technician,Married,Not Graduate,660955,745,49530,No,No,Yes,3,58,No
2568,37,Admin,Single,Not Graduate,585031,636,0,Yes,Yes,No,4,1,No
2569,61,Entrepreneur,Married,Graduate,237414,580,0,Yes,No,Yes,3,82,No
2570,40,Student,Married,Graduate,458732,768,0,No,No,No,4,157,Yes
2571,34,Management,Divorced,Not Graduate,235028,536,0,Yes,Yes,Yes,3,3,No
2572,41,Entrepreneur,Single,Graduate,1845750,748,168056,No,No,Yes,7,115,Yes
2573,33,Entrepreneur,Single,Graduate,477535,688,162027,Yes,No,No,2,1,No
2574,23,Student,Married,Graduate,1012617,818,104889,No,No,Yes,1,41,Yes
2575,30,Self-Employed,Divorced,Graduate,316517,657,21019,No,No,Yes,5,20,No
2576,44,Student,Married,Graduate,553107,691,71648,Yes,No,No,1,47,Yes
2577,39,Entrepreneur,Married,Graduate,621902,797,2865,No,No,No,7,1,Yes
2578,30,Management,Divorced,Graduate,530016,797,179937,Yes,No,Yes,3,61,No
2579,56,Management,Married,Graduate,762598,631,0,Yes,No,No,3,51,No
2580,31,Self-Employed,Single,Not Graduate,825228,604,93172,Yes,No,No,6,124,No
2581,38,Entrepreneur,Single,Not Graduate,283573,671,19481,Yes,No,No,4,73,No
2582,47,Services,Married,Graduate,382584,672,0,No,No,No,5,135,No
2583,26,Entrepreneur,Single,Graduate,1082873,644,83471,Yes,Yes,No,4,66,No
2584,46,Entrepreneur,Single,Not Graduate,476742,720,7486,Yes,No,Yes,4,67,No
2585,44,Management,Married,Graduate,242573,808,0,Yes,No,Yes,2,107,Yes
2586,46,Self-Employed,Married,Graduate,834642,617,71559,No,No,Yes,4,73,Yes
2587,56,Entrepreneur,Divorced,Graduate,547277,736,197265,No,Yes,No,2,155,No
2588,18,Management,Married,Graduate,731297,670,0,Yes,No,No,3,37,No
2589,37,Admin,Married,Graduate,472832,850,86914,No,Yes,Yes,3,18,Yes
2590,52,Student,Single,Graduate,946845,519,34499,No,No,No,1,68,No
2591,35,Retired,Single,Not Graduate,1004942,710,83471,Yes,No,No,3,126,Yes
2592,35,Unemployed,Married,Graduate,240878,683,160357,Yes,No,No,3,56,No
2593,43,Unemployed,Married,Graduate,470101,638,6312,Yes,No,Yes,2,51,No
2594,55,Admin,Married,Not Graduate,326322,766,92062,Yes,No,No,3,43,Yes
2595,39,Management,Married,Graduate,534423,794,83471,No,No,Yes,3,121,Yes
2596,36,Technician,Married,Graduate,689921,531,0,No,No,Yes,5,58,No
2597,41,Entrepreneur,Divorced,Not Graduate,592354,757,174319,Yes,No,Yes,2,53,No
2598,19,Admin,Married,Graduate,797116,733,31947,No,No,Yes,5,1,Yes
2599,25,Entrepreneur,Married,Not Graduate,810120,724,139501,No,No,Yes,6,82,No
2600,46,Student,Divorced,Graduate,837508,740,0,Yes,No,No,4,67,No
2601,44,Admin,Married,Graduate,15000000,717,213467,No,No,No,2,115,Yes
2602,44,Entrepreneur,Married,Graduate,553107,689,253301,No,No,Yes,1,85,No
2603,42,Student,Married,Graduate,791406,674,15030,Yes,No,No,1,85,Yes
2604,29,Services,Single,Not Graduate,1084108,617,33861,No,No,No,3,114,No
2605,46,Self-Employed,Married,Graduate,269331,702,258267,No,No,No,4,117,No
2606,35,Technician,Married,Graduate,549508,626,116762,Yes,No,Yes,3,56,No
2607,29,Technician,Single,Not Graduate,717179,765,133091,Yes,No,Yes,4,123,Yes
2608,54,Retired,Married,Not Graduate,612016,670,62656,No,No,No,5,87,Yes
2609,43,Technician,Married,Graduate,242407,698,0,Yes,No,No,4,58,No
2610,52,Services,Married,Graduate,470158,762,111179,No,No,Yes,4,65,No
2611,34,Management,Single,Not Graduate,485293,724,115219,No,No,No,3,103,Yes
2612,59,Technician,Divorced,Not Graduate,208735,737,218880,Yes,No,No,3,59,No
2613,40,Admin,Divorced,Graduate,291991,714,113555,No,No,No,3,62,Yes
2614,44,Unemployed,Single,Graduate,348181,644,84594,Yes,Yes,No,5,39,No
2615,38,Admin,Married,Graduate,939430,685,241725,Yes,No,Yes,4,57,Yes
2616,33,Entrepreneur,Married,Graduate,1019552,714,109136,No,No,No,3,97,Yes
2617,43,Entrepreneur,Married,Graduate,609838,679,65537,No,No,Yes,1,8,No
2618,36,Student,Divorced,Graduate,154770,623,196969,No,No,No,3,48,No
2619,53,Technician,Married,Not Graduate,1006523,783,49534,Yes,Yes,No,1,88,Yes
2620,45,Retired,Married,Not Graduate,981665,609,175479,No,No,No,1,62,No
2621,39,Technician,Married,Graduate,349418,805,232189,No,No,Yes,4,82,Yes
2622,44,Student,Married,Graduate,614886,558,133318,No,No,Yes,2,158,No
2623,39,Self-Employed,Single,Not Graduate,633445,727,0,No,No,No,3,63,No
2624,43,Technician,Married,Graduate,620209,850,274147,No,No,No,2,40,Yes
2625,44,Entrepreneur,Married,Graduate,3620867,724,49400,No,No,No,3,117,No
2626,55,Services,Married,Not Graduate,674465,693,0,No,No,Yes,2,21,No
2627,29,Management,Divorced,Graduate,716724,717,143226,No,No,No,4,174,Yes
2628,26,Student,Married,Graduate,242392,759,127340,Yes,Yes,No,3,158,Yes
2629,39,Admin,Married,Graduate,930494,806,23478,No,Yes,No,3,1,Yes
2630,50,Admin,Married,Graduate,954496,738,81070,Yes,No,No,1,198,Yes
2631,48,Retired,Married,Not Graduate,379765,752,22882,No,No,No,2,73,Yes
2632,54,Technician,Married,Graduate,371903,644,84012,Yes,No,No,1,96,No
2633,50,Unemployed,Single,Graduate,435753,588,0,Yes,No,No,1,41,No
2634,40,Admin,Single,Graduate,1181792,755,197312,No,No,No,1,148,Yes
2635,49,Self-Employed,Married,Not Graduate,268611,724,0,No,No,No,2,73,No
2636,39,Technician,Single,Not Graduate,592033,796,34365,Yes,No,No,3,90,No
2637,39,Entrepreneur,Married,Graduate,2894232,773,87984,No,No,No,3,72,No
2638,48,Technician,Married,Not Graduate,886817,653,224898,No,No,No,3,109,Yes
2639,25,Admin,Married,Graduate,440434,779,0,No,No,No,5,94,No
2640,40,Student,Divorced,Not Graduate,168918,668,132948,No,No,No,3,80,No
2641,30,Management,Married,Graduate,280897,707,9506,No,No,No,3,4,No
2642,63,Self-Employed,Married,Not Graduate,824734,693,98879,No,No,No,3,29,No
2643,43,Retired,Married,Graduate,832432,592,269404,Yes,No,No,5,73,Yes
2644,34,Services,Single,Not Graduate,513480,610,356257,No,No,No,2,60,Yes
2645,27,Entrepreneur,Married,Graduate,885765,791,209771,No,No,No,4,3,No
2646,29,Admin,Divorced,Graduate,1647734,760,0,No,Yes,No,3,1,Yes
2647,44,Self-Employed,Married,Graduate,393486,688,0,No,No,No,5,39,No
2648,50,Admin,Married,Graduate,181029,800,312777,No,No,Yes,3,7,Yes
2649,41,Retired,Single,Graduate,446135,595,71991,Yes,No,No,2,124,No
2650,39,Student,Married,Not Graduate,448231,625,16431,No,No,Yes,3,73,No
2651,36,Technician,Married,Graduate,463840,669,0,No,Yes,No,4,84,No
2652,47,Unemployed,Single,Not Graduate,293273,760,219832,Yes,Yes,Yes,2,22,Yes
2653,34,Services,Divorced,Graduate,325642,586,226810,No,No,No,6,41,No
2654,39,Self-Employed,Married,Not Graduate,771020,709,0,No,No,No,4,153,Yes
2655,57,Retired,Married,Graduate,1534003,659,163416,Yes,No,No,3,1,Yes
2656,49,Services,Married,Not Graduate,526471,696,83471,Yes,No,No,2,142,No
2657,37,Student,Married,Not Graduate,202756,702,0,Yes,Yes,Yes,2,42,No
2658,36,Services,Married,Graduate,10000,742,0,No,No,Yes,5,136,Yes
2659,41,Entrepreneur,Divorced,Not Graduate,250960,595,146737,Yes,Yes,No,4,26,No
2660,18,Student,Divorced,Graduate,621610,730,163037,Yes,No,Yes,3,49,No
2661,21,Unemployed,Single,Graduate,367584,725,56193,No,No,No,3,38,Yes
2662,39,Technician,Married,Graduate,359260,683,118437,Yes,No,No,1,48,Yes
2663,31,Admin,Married,Not Graduate,613318,701,0,Yes,Yes,Yes,2,65,No
2664,43,Technician,Married,Graduate,563431,100,0,No,No,No,6,77,No
2665,32,Retired,Single,Not Graduate,1698444,630,162387,Yes,No,No,5,41,No
2666,48,Technician,Married,Graduate,926113,736,132353,No,No,No,3,69,No
2667,53,Services,Single,Graduate,774228,665,52825,Yes,No,No,3,1,No
2668,40,Unemployed,Single,Graduate,525784,750,102489,Yes,Yes,No,3,35,Yes
2669,41,Student,Divorced,Not Graduate,595295,611,163521,Yes,No,Yes,100,89,No
2670,22,Services,Married,Graduate,385216,811,139030,Yes,No,Yes,5,90,No
2671,34,Admin,Divorced,Graduate,702051,657,44718,No,No,Yes,5,45,No
2672,18,Admin,Single,Graduate,1438951,676,0,Yes,No,No,2,29,Yes
2673,57,Retired,Married,Graduate,809061,682,0,Yes,No,Yes,5,35,No
2674,23,Entrepreneur,Single,Graduate,618657,679,12700,No,No,No,6,56,Yes
2675,47,Self-Employed,Married,Graduate,2274046,737,234300,Yes,No,No,2,17,Yes
2676,42,Technician,Married,Graduate,700033,699,124444,Yes,No,No,2,1,No
2677,48,Services,Single,Not Graduate,187235,620,115303,Yes,Yes,No,3,92,No
2679,41,Student,Divorced,Graduate,634396,573,202831,No,No,No,3,46,No
2680,43,Student,Divorced,Not Graduate,797868,707,39434,Yes,No,Yes,4,131,No
2681,23,Retired,Married,Graduate,556534,688,78239,Yes,No,Yes,5,123,Yes
2682,31,Services,Single,Not Graduate,243564,730,8475,Yes,No,No,6,173,Yes
2683,39,Self-Employed,Married,Graduate,647450,589,0,Yes,No,No,4,45,No
2684,44,Student,Married,Not Graduate,479238,774,180356,Yes,No,No,3,60,Yes
2685,56,Services,Married,Graduate,683529,673,109563,Yes,No,No,3,2,No
2686,51,Technician,Married,Not Graduate,196263,704,0,No,No,No,1,1,No
2687,33,Admin,Married,Not Graduate,992542,745,181838,Yes,Yes,No,3,52,Yes
2688,45,Technician,Single,Not Graduate,606358,600,118150,Yes,No,No,1,76,No
2689,21,Entrepreneur,Divorced,Graduate,291618,670,255110,No,No,No,4,87,No
2690,25,Services,Single,Not Graduate,496784,663,71659,No,No,No,3,20,No
2691,47,Management,Single,Graduate,143383,677,90849,Yes,No,No,5,85,No
2692,49,Entrepreneur,Married,Graduate,661167,707,183410,No,No,No,3,19,No
2693,20,Admin,Single,Graduate,439087,590,125435,No,No,No,6,55,No
2694,46,Entrepreneur,Single,Graduate,609755,682,102357,Yes,No,No,7,65,No
2695,61,Technician,Married,Graduate,239409,680,113814,Yes,Yes,No,3,131,No
2696,28,Entrepreneur,Divorced,Graduate,499309,796,0,Yes,No,No,2,90,Yes
2697,52,Technician,Married,Graduate,775968,580,83471,No,No,No,5,1,No
2698,23,Self-Employed,Divorced,Not Graduate,1656146,743,0,No,Yes,No,4,73,No
2699,32,Admin,Married,Graduate,417155,703,29596,Yes,No,No,2,64,No
2700,37,Self-Employed,Divorced,Not Graduate,257814,741,83471,No,No,No,2,34,No
2701,33,Unemployed,Married,Graduate,443379,710,0,No,No,No,7,77,Yes
2702,51,Services,Married,Graduate,788321,579,109448,Yes,No,No,3,60,No
2703,48,Management,Married,Not Graduate,508255,594,97830,Yes,No,No,3,102,No
2704,24,Admin,Married,Not Graduate,231282,811,171248,No,No,No,4,81,No
2705,52,Entrepreneur,Married,Not Graduate,581018,664,77945,No,No,Yes,5,87,Yes
2706,40,Student,Divorced,Not Graduate,654635,598,0,Yes,No,Yes,3,74,No
2707,34,Self-Employed,Single,Graduate,395622,696,23405,No,No,No,4,130,No
2708,32,Admin,Single,Not Graduate,317299,814,53555,Yes,No,Yes,4,147,Yes
2709,50,Self-Employed,Married,Not Graduate,131596,533,62418,No,No,No,2,1,No
2710,50,Management,Single,Graduate,524013,711,91715,No,No,Yes,1,82,Yes
2711,36,Admin,Married,Graduate,553107,701,0,Yes,No,No,3,24,No
2712,42,Student,Single,Not Graduate,781015,744,43831,No,No,Yes,2,13,Yes
2713,30,Student,Single,Graduate,1655261,654,164125,Yes,No,Yes,4,13,Yes
2714,22,Self-Employed,Married,Not Graduate,569221,688,74915,No,No,No,2,1,No
2715,26,Self-Employed,Married,Graduate,553107,721,58178,No,No,Yes,3,76,Yes
2716,38,Services,Single,Graduate,356517,691,10866,Yes,No,Yes,5,1,No
2717,44,Unemployed,Single,Not Graduate,459538,693,0,No,No,Yes,5,73,No
2718,40,Self-Employed,Married,Not Graduate,572457,756,23170,No,No,No,3,22,Yes
2719,39,Management,Married,Not Graduate,1077964,611,94737,No,No,Yes,4,21,No
2720,48,Retired,Single,Not Graduate,486165,850,88166,Yes,Yes,No,5,47,No
2721,43,Management,Married,Graduate,415359,666,2091,Yes,No,No,1,57,No
2722,40,Admin,Married,Not Graduate,228375,732,0,No,No,No,4,123,No
2723,34,Entrepreneur,Single,Graduate,1139038,619,226525,Yes,No,No,4,92,No
2724,36,Technician,Married,Graduate,335992,502,154374,Yes,No,No,4,103,No
2725,59,Student,Single,Graduate,344761,563,80650,No,No,No,2,20,No
2726,18,Student,Married,Graduate,1297015,838,316778,No,No,Yes,7,83,Yes
2727,43,Services,Married,Not Graduate,272133,588,62329,No,No,No,4,80,No
2728,39,Management,Married,Graduate,401844,658,0,Yes,No,No,2,45,No
2729,34,Technician,Divorced,Not Graduate,883610,699,58571,Yes,No,No,2,54,Yes
2730,36,Unemployed,Single,Graduate,637902,762,155911,No,No,No,1,36,No
2731,28,Retired,Married,Not Graduate,524063,738,262691,Yes,No,Yes,2,85,No
2732,39,Admin,Married,Graduate,367708,726,87755,No,No,No,5,74,No
2733,29,Admin,Married,Graduate,505488,753,0,No,No,Yes,4,127,No
2734,22,Retired,Married,Graduate,394201,722,85568,No,No,Yes,5,27,No
2735,32,Self-Employed,Single,Not Graduate,751092,624,18831,Yes,Yes,No,5,88,No
2736,37,Management,Single,Not Graduate,456355,669,42749,No,No,No,1,12,Yes
2737,46,Unemployed,Single,Graduate,553107,640,117566,No,No,Yes,2,52,No
2738,41,Unemployed,Married,Graduate,652593,803,152216,No,No,Yes,3,77,No
2739,40,Management,Married,Graduate,740439,742,38044,Yes,No,Yes,3,14,Yes
2740,44,Technician,Divorced,Graduate,404113,728,81204,Yes,Yes,No,1,54,No
2741,36,Student,Married,Graduate,544682,705,0,Yes,No,No,2,46,No
2742,28,Student,Single,Graduate,425159,726,0,Yes,No,No,4,146,Yes
2743,18,Self-Employed,Divorced,Graduate,1740492,630,0,No,Yes,No,7,117,No
2744,29,Entrepreneur,Married,Not Graduate,618415,678,38077,Yes,Yes,Yes,2,121,Yes
2745,45,Management,Married,Graduate,186363,534,28970,Yes,Yes,No,4,1,No
2746,60,Technician,Single,Graduate,264864,731,109784,No,No,No,4,138,No
2747,41,Unemployed,Married,Graduate,371852,747,214073,No,No,No,3,60,Yes
2748,18,Admin,Married,Not Graduate,553107,637,92749,No,No,Yes,2,63,No
2749,43,Retired,Married,Graduate,241326,673,0,Yes,No,Yes,4,77,No
2750,28,Unemployed,Single,Graduate,411629,686,264247,No,No,Yes,2,1,No
2751,28,Student,Single,Not Graduate,389219,653,0,No,No,Yes,4,1,No
2752,36,Unemployed,Single,Not Graduate,476707,522,156778,Yes,No,Yes,4,16,No
2753,47,Services,Single,Graduate,152510,677,134470,Yes,No,No,2,23,No
2754,26,Retired,Divorced,Graduate,1616946,600,138535,Yes,No,No,3,70,No
2755,49,Retired,Married,Not Graduate,609323,601,74673,Yes,Yes,No,3,77,No
2756,33,Technician,Married,Graduate,518186,709,0,No,No,No,3,161,Yes
2757,38,Self-Employed,Single,Graduate,459392,717,150038,No,No,No,4,27,Yes
2758,44,Self-Employed,Married,Graduate,167130,769,20798,Yes,No,No,4,75,Yes
2759,56,Student,Married,Graduate,149064,819,112490,Yes,No,No,1,67,Yes
2760,41,Admin,Married,Graduate,499508,822,194641,No,No,No,3,64,Yes
2761,48,Management,Single,Graduate,508998,734,140276,Yes,No,No,9,1,Yes
2762,60,Services,Single,Graduate,1348340,770,11308,Yes,No,No,2,88,Yes
2763,45,Unemployed,Single,Not Graduate,557469,683,115365,No,Yes,No,6,174,No
2764,25,Unemployed,Married,Graduate,622357,749,0,No,No,No,4,86,Yes
2765,40,Technician,Single,Graduate,918231,729,48697,No,No,No,3,91,Yes
2766,34,Retired,Married,Not Graduate,729043,689,74914,No,No,No,5,54,No
2768,52,Admin,Married,Not Graduate,292198,790,67361,Yes,No,No,6,115,Yes
2769,38,Student,Married,Graduate,585889,707,246298,No,No,No,6,79,Yes
2770,54,Unemployed,Married,Graduate,494088,668,206090,No,Yes,No,3,206,No
2771,46,Student,Married,Graduate,503487,653,86543,No,No,No,1,141,Yes
2772,38,Admin,Single,Graduate,1141506,666,45456,No,No,Yes,2,24,Yes
2773,42,Technician,Single,Graduate,414616,601,53508,Yes,No,No,2,51,No
2774,18,Services,Married,Graduate,764278,559,0,No,No,No,3,61,No
2775,26,Self-Employed,Married,Not Graduate,309538,659,88165,Yes,No,Yes,7,95,Yes
2776,36,Entrepreneur,Single,Graduate,552929,740,122247,Yes,No,No,2,61,Yes
2777,50,Unemployed,Divorced,Graduate,412362,772,174058,No,Yes,Yes,5,85,No
2778,38,Services,Married,Graduate,286245,689,199644,Yes,Yes,No,5,11,Yes
2779,38,Self-Employed,Married,Not Graduate,1323616,567,54929,No,Yes,Yes,3,96,No
2780,23,Student,Married,Graduate,781850,719,86233,Yes,Yes,No,2,1,No
2781,30,Student,Married,Not Graduate,694818,714,75753,Yes,No,No,2,3,No
2782,23,Technician,Single,Graduate,562765,694,182892,No,No,No,2,140,No
2783,35,Unemployed,Married,Graduate,380825,659,0,Yes,No,No,3,29,No
2784,43,Services,Married,Not Graduate,655252,775,95290,No,No,No,3,15,No
2785,46,Services,Single,Graduate,538849,646,52058,Yes,No,No,3,92,No
2786,52,Admin,Divorced,Graduate,1201296,736,0,Yes,No,No,1,35,Yes
2787,39,Retired,Single,Graduate,848465,814,0,Yes,No,No,6,99,Yes
2788,47,Self-Employed,Divorced,Graduate,454566,714,10536,Yes,Yes,No,5,90,No
2789,40,Entrepreneur,Married,Graduate,415369,607,286513,Yes,No,Yes,5,133,No
2790,39,Student,Married,Graduate,591090,689,14606,No,No,No,4,39,No
2791,47,Unemployed,Single,Graduate,508334,772,0,No,No,No,4,87,Yes
2792,38,Self-Employed,Divorced,Graduate,799115,682,12921,Yes,No,No,3,97,Yes
2793,37,Management,Married,Graduate,351294,679,0,No,No,Yes,2,23,No
2794,25,Entrepreneur,Married,Not Graduate,486148,770,95549,No,No,Yes,4,85,No
2795,30,Management,Married,Graduate,382532,673,230611,No,No,No,1,11,No
2796,61,Services,Single,Graduate,506895,607,0,No,No,No,3,111,No
2797,35,Retired,Married,Not Graduate,469735,648,193577,No,Yes,Yes,3,39,No
2798,52,Student,Married,Graduate,480369,770,188825,Yes,No,No,4,103,Yes
2799,42,Retired,Single,Graduate,300712,785,75554,No,No,No,3,157,No
2800,33,Technician,Single,Not Graduate,563347,769,124577,No,Yes,No,2,80,Yes
2801,47,Entrepreneur,Married,Graduate,607404,678,27269,No,No,No,4,35,No
2802,39,Unemployed,Married,Graduate,607474,756,128681,No,No,No,2,107,Yes
2803,41,Unemployed,Married,Graduate,278531,663,29378,No,No,No,4,1,No
2804,48,Retired,Single,Graduate,626631,725,31139,Yes,No,No,4,70,Yes
2805,39,Unemployed,Single,Not Graduate,320700,740,0,No,No,No,2,74,No
2806,19,Technician,Single,Graduate,512623,728,62430,Yes,No,No,4,84,No
2807,56,Self-Employed,Married,Graduate,418872,651,136462,Yes,No,Yes,4,55,No
2808,18,Admin,Married,Graduate,1075939,567,110036,Yes,No,No,3,47,No
2809,40,Self-Employed,Single,Graduate,787396,618,163171,No,No,No,6,47,Yes
2810,35,Retired,Single,Graduate,507860,633,113487,No,Yes,No,2,18,No
2811,34,Entrepreneur,Married,Graduate,528917,685,70618,No,No,No,4,22,Yes
2812,46,Retired,Single,Graduate,1014354,666,285909,No,No,No,4,85,Yes
2813,36,Admin,Married,Graduate,686478,656,49391,Yes,No,No,3,53,Yes
2814,32,Technician,Married,Graduate,541571,646,155533,No,No,No,3,54,No
2815,32,Retired,Single,Graduate,1171371,635,0,Yes,No,Yes,2,86,Yes
2816,54,Entrepreneur,Married,Graduate,388000,653,150934,No,No,No,1,112,Yes
2817,47,Retired,Married,Graduate,556078,651,102466,No,No,No,2,79,No
2818,45,Unemployed,Married,Graduate,886865,776,233417,No,No,Yes,2,14,Yes
2819,36,Entrepreneur,Married,Graduate,262970,686,1051,No,No,No,4,50,No
2820,56,Services,Married,Not Graduate,553107,782,68814,Yes,No,No,3,64,Yes
2821,28,Student,Married,Not Graduate,1272227,762,48739,Yes,No,No,2,1,Yes
2822,31,Retired,Single,Graduate,204884,810,128889,No,No,No,2,102,Yes
2823,53,Self-Employed,Married,Graduate,964650,757,200072,No,No,No,6,25,No
2824,47,Admin,Married,Graduate,458706,619,56338,No,No,Yes,2,67,No
2825,37,Self-Employed,Married,Graduate,402375,780,83471,No,No,No,3,25,No
2826,30,Unemployed,Married,Graduate,1460295,734,206215,No,No,Yes,3,41,No
2827,39,Technician,Married,Not Graduate,212985,648,0,Yes,No,No,2,32,Yes
2828,32,Student,Married,Graduate,199870,729,145733,No,Yes,Yes,7,109,No
2829,32,Admin,Single,Graduate,734598,709,49396,No,No,No,4,44,No
2830,62,Admin,Married,Graduate,826952,689,105561,No,No,Yes,4,63,No
2831,60,Entrepreneur,Single,Not Graduate,382682,700,0,No,No,No,3,161,No
2832,44,Self-Employed,Single,Not Graduate,558794,719,0,Yes,No,Yes,1,133,No
2833,29,Entrepreneur,Married,Graduate,220168,783,205273,Yes,No,No,1,98,Yes
2834,37,Admin,Single,Graduate,396417,788,18097,No,No,Yes,2,106,Yes
2835,54,Student,Divorced,Not Graduate,650756,733,103643,Yes,No,Yes,3,11,Yes
2836,50,Services,Married,Graduate,829160,795,99094,No,No,No,3,37,Yes
2837,45,Services,Married,Graduate,505284,654,101422,Yes,No,No,5,30,No
2838,32,Entrepreneur,Married,Not Graduate,829071,773,13924,No,No,No,4,78,No
2839,24,Self-Employed,Married,Graduate,363315,632,174149,No,No,No,2,101,No
2840,43,Self-Employed,Single,Not Graduate,405104,586,113389,Yes,No,No,4,168,No
2841,25,Self-Employed,Married,Graduate,384497,728,0,No,No,No,6,75,Yes
2842,58,Management,Married,Not Graduate,396321,734,0,No,No,Yes,2,37,No
2843,27,Student,Married,Graduate,351368,626,2278,Yes,No,No,3,73,No
2844,23,Unemployed,Married,Graduate,750401,745,109106,Yes,No,Yes,6,57,Yes
2845,34,Self-Employed,Married,Graduate,919639,701,0,Yes,No,No,5,66,No
2846,53,Admin,Married,Not Graduate,346221,772,145963,No,Yes,No,1,47,Yes
2847,21,Retired,Married,Graduate,553107,711,0,Yes,No,No,4,164,No
2848,18,Services,Married,Not Graduate,641820,796,120675,Yes,No,No,6,1,No
2849,25,Unemployed,Divorced,Graduate,273111,679,293751,No,No,Yes,2,134,No
2850,59,Technician,Married,Graduate,338842,578,18354,No,Yes,No,6,46,No
2851,39,Management,Divorced,Graduate,636607,584,0,No,No,Yes,4,28,No
2852,66,Management,Married,Graduate,1568417,696,131895,Yes,No,No,7,112,No
2853,61,Entrepreneur,Married,Graduate,330398,683,133130,Yes,No,No,3,160,No
2854,42,Entrepreneur,Married,Not Graduate,484400,673,269780,Yes,No,No,3,37,No
2855,34,Entrepreneur,Married,Graduate,327844,722,149777,No,No,Yes,5,1,No
2856,36,Entrepreneur,Divorced,Graduate,713587,698,76628,Yes,No,No,7,50,Yes
2857,30,Retired,Single,Not Graduate,325431,594,364577,No,Yes,No,3,47,Yes
2858,39,Self-Employed,Married,Not Graduate,378546,785,92228,No,No,No,2,89,Yes
2859,21,Services,Married,Graduate,565309,593,56741,Yes,No,Yes,2,32,Yes
2860,28,Management,Married,Not Graduate,726205,648,46456,Yes,Yes,Yes,2,20,No
2861,29,Management,Married,Graduate,313525,643,283000,Yes,No,No,1,1,No
2862,38,Self-Employed,Married,Graduate,717904,786,130644,Yes,Yes,No,2,79,Yes
2863,32,Unemployed,Married,Graduate,777209,628,35757,Yes,No,Yes,2,148,No
2864,35,Unemployed,Single,Graduate,827027,607,9357,Yes,No,Yes,3,24,Yes
2865,51,Services,Divorced,Not Graduate,403141,727,75658,No,No,Yes,2,100,No
2866,54,Services,Married,Graduate,383860,507,0,Yes,No,No,2,1,No
2867,41,Unemployed,Single,Graduate,548352,515,217593,No,Yes,No,2,10,No
2868,55,Unemployed,Single,Graduate,553107,716,71072,Yes,No,No,6,65,Yes
2869,49,Entrepreneur,Married,Not Graduate,694741,661,70361,No,No,No,3,1,No
2870,48,Self-Employed,Single,Graduate,662749,689,54103,No,Yes,No,3,113,Yes
2871,45,Entrepreneur,Single,Graduate,320951,732,73221,Yes,No,Yes,5,111,No
2872,40,Admin,Single,Graduate,1128724,734,66054,Yes,No,No,2,142,Yes
2873,52,Technician,Married,Not Graduate,624699,704,124836,Yes,Yes,Yes,6,1,Yes
2874,34,Admin,Married,Not Graduate,553107,652,0,No,No,No,5,76,No
2875,61,Retired,Married,Not Graduate,546611,671,85055,Yes,Yes,No,2,1,No
2876,38,Entrepreneur,Married,Graduate,635172,804,71614,No,No,Yes,2,37,No
2877,28,Management,Married,Graduate,1092857,652,83471,No,No,Yes,4,47,No
2878,44,Retired,Single,Not Graduate,995055,666,249570,No,Yes,No,8,107,No
2879,34,Management,Married,Not Graduate,418609,717,193221,Yes,No,Yes,4,95,No
2880,18,Technician,Married,Graduate,746176,791,16455,No,No,No,3,3,Yes
2881,53,Student,Divorced,Graduate,339139,669,52162,No,No,No,2,1,No
2882,29,Technician,Married,Graduate,547839,794,0,Yes,Yes,No,6,103,No
2883,36,Unemployed,Single,Graduate,498744,727,59334,Yes,No,No,3,73,No
2884,43,Entrepreneur,Single,Graduate,270354,710,82119,No,No,No,4,32,No
2885,44,Services,Single,Graduate,670179,705,146569,No,No,Yes,2,79,No
2886,61,Technician,Single,Not Graduate,507630,776,0,Yes,No,No,7,163,Yes
2887,28,Student,Single,Not Graduate,750314,641,0,No,Yes,No,0,56,No
2888,19,Self-Employed,Married,Graduate,292832,555,209098,No,No,No,6,92,No
2889,21,Services,Married,Not Graduate,526571,616,177617,Yes,No,No,5,53,No
2890,37,Student,Married,Not Graduate,1142982,722,56582,Yes,No,Yes,3,57,No
2891,31,Entrepreneur,Divorced,Graduate,165263,548,0,No,No,No,4,90,No
2892,51,Entrepreneur,Single,Graduate,310996,596,0,Yes,Yes,Yes,3,39,No
2893,39,Technician,Married,Graduate,1367080,684,83688,Yes,No,No,4,111,Yes
2894,47,Self-Employed,Married,Graduate,327838,718,61880,Yes,Yes,No,4,120,Yes
2895,39,Unemployed,Single,Graduate,565497,595,167757,No,No,No,3,110,Yes
2896,32,Admin,Single,Not Graduate,247808,652,84213,Yes,No,No,4,74,No
2897,40,Retired,Married,Not Graduate,775202,683,84222,Yes,No,No,5,122,No
2898,44,Services,Married,Graduate,619158,637,100357,No,No,Yes,2,89,No
2899,42,Retired,Married,Graduate,325285,668,83471,No,No,No,3,48,Yes
2900,39,Admin,Married,Graduate,341906,742,82988,No,Yes,No,1,1,Yes
2901,38,Management,Single,Graduate,732597,623,70461,No,No,Yes,2,96,No
2902,49,Unemployed,Married,Not Graduate,425024,676,0,No,Yes,Yes,2,67,No
2903,32,Management,Married,Graduate,871477,757,205906,Yes,Yes,No,4,96,No
2905,40,Entrepreneur,Single,Graduate,778001,782,148114,Yes,Yes,Yes,3,81,Yes
2906,36,Management,Married,Graduate,630752,658,225288,Yes,No,Yes,2,55,Yes
2907,42,Admin,Married,Graduate,1269625,793,0,Yes,No,Yes,4,40,No
2908,36,Technician,Married,Graduate,485426,589,10330,No,No,Yes,4,90,No
2909,35,Retired,Single,Graduate,161574,768,120741,Yes,No,Yes,2,78,No
2910,41,Student,Married,Graduate,556676,642,172448,Yes,No,No,4,72,No
2911,33,Admin,Divorced,Graduate,449382,600,7120,No,No,No,3,117,No
2912,44,Self-Employed,Single,Graduate,227407,648,93899,No,No,No,5,40,No
2913,34,Services,Single,Not Graduate,351387,621,48099,Yes,No,No,1,63,No
2914,46,Technician,Married,Graduate,449274,698,0,Yes,No,Yes,2,6,No
2915,49,Technician,Single,Not Graduate,500719,622,275400,No,No,No,4,19,No
2916,39,Self-Employed,Divorced,Graduate,295716,703,230629,Yes,Yes,Yes,4,91,No
2917,45,Services,Married,Not Graduate,637445,660,167818,Yes,No,No,7,76,No
2918,48,Student,Married,Not Graduate,230320,719,0,No,No,No,4,52,No
2919,30,Self-Employed,Married,Graduate,290103,504,86846,Yes,Yes,Yes,3,105,No
2920,48,Retired,Married,Not Graduate,522505,676,83471,Yes,No,No,2,32,No
2921,46,Technician,Married,Graduate,324169,717,196331,No,Yes,No,1,35,Yes
2922,53,Retired,Married,Not Graduate,653042,713,62174,No,No,No,4,83,No
2923,46,Services,Single,Not Graduate,450651,773,0,No,No,No,1,22,Yes
2924,28,Entrepreneur,Married,Graduate,1433472,726,28360,No,No,No,3,69,No
2925,52,Entrepreneur,Married,Graduate,532059,740,82459,Yes,No,No,3,101,Yes
2926,39,Admin,Married,Not Graduate,496004,847,130949,Yes,Yes,No,1,115,Yes
2927,28,Services,Single,Graduate,250503,624,0,No,No,No,2,79,No
2928,37,Services,Married,Graduate,378447,636,50898,Yes,No,Yes,2,91,No
2929,40,Student,Married,Graduate,1168209,740,177799,Yes,No,Yes,5,40,Yes
2930,51,Technician,Married,Graduate,328717,850,0,No,Yes,No,4,1,Yes
2931,40,Technician,Married,Graduate,973032,668,18258,No,No,No,3,36,No
2932,37,Self-Employed,Divorced,Graduate,512029,620,141212,Yes,No,No,5,1,Yes
2933,39,Management,Single,Graduate,434160,717,36112,Yes,No,No,3,38,No
2934,42,Technician,Single,Graduate,553107,639,32059,Yes,No,Yes,3,157,Yes
2935,46,Unemployed,Married,Graduate,787606,629,282400,No,No,No,4,93,No
2936,40,Retired,Married,Graduate,201906,714,0,No,No,Yes,5,133,No
2937,56,Management,Married,Not Graduate,530735,673,55365,No,No,Yes,2,29,No
2938,39,Management,Single,Graduate,427997,631,210375,Yes,No,No,3,29,Yes
2939,51,Management,Married,Not Graduate,485291,611,0,No,No,No,1,113,Yes
2940,32,Unemployed,Married,Not Graduate,425400,692,227430,No,No,Yes,6,1,No
2941,36,Retired,Single,Not Graduate,345235,642,36860,Yes,No,Yes,2,49,Yes
2942,53,Retired,Married,Not Graduate,172986,605,33500,No,No,No,1,104,No
2943,35,Services,Married,Graduate,751115,688,188784,No,No,Yes,5,148,No
2944,46,Admin,Divorced,Not Graduate,553107,641,105974,No,Yes,No,1,39,No
2945,42,Technician,Single,Graduate,348436,708,69019,Yes,Yes,Yes,2,91,No
2946,18,Management,Single,Graduate,1300000,659,35286,Yes,No,No,2,57,Yes
2947,47,Student,Married,Graduate,1911792,630,110927,Yes,No,No,7,70,No
2948,32,Student,Married,Not Graduate,291385,754,92611,Yes,No,Yes,2,18,No
2949,37,Unemployed,Married,Not Graduate,1600601,517,0,No,No,No,3,141,No
2950,43,Entrepreneur,Married,Graduate,568523,699,153070,No,No,No,4,114,No
2951,47,Self-Employed,Married,Graduate,336865,617,228469,Yes,No,No,3,115,Yes
2952,52,Entrepreneur,Single,Graduate,313212,749,237640,Yes,No,No,3,11,Yes
2953,34,Unemployed,Single,Graduate,609182,761,8214,Yes,No,Yes,5,1,Yes
2954,40,Unemployed,Married,Graduate,339895,774,59733,Yes,No,Yes,3,103,Yes
2955,34,Technician,Married,Graduate,182516,736,0,No,Yes,No,2,103,No
2956,47,Admin,Single,Graduate,368047,691,133500,Yes,No,No,4,69,No
2957,38,Admin,Divorced,Graduate,398842,625,89744,No,No,No,2,66,No
2958,39,Entrepreneur,Married,Graduate,720541,663,85760,Yes,No,No,4,28,No
2959,43,Self-Employed,Married,Not Graduate,678621,748,56274,No,No,Yes,3,73,Yes
2960,57,Admin,Married,Graduate,604680,740,119687,No,No,No,6,115,No
2961,28,Entrepreneur,Married,Graduate,1311345,950,0,No,No,No,5,1,Yes
2962,33,Student,Married,Not Graduate,562843,662,163739,Yes,No,No,3,68,Yes
2963,37,Admin,Single,Graduate,445381,588,0,No,No,No,3,109,No
2964,59,Unemployed,Single,Not Graduate,957102,784,52760,Yes,No,No,6,68,Yes
2965,37,Retired,Divorced,Graduate,705575,698,30347,Yes,No,No,1,51,No
2966,21,Unemployed,Single,Not Graduate,417343,567,0,No,No,Yes,2,25,No
2967,41,Management,Single,Not Graduate,480068,820,65185,Yes,No,No,1,137,Yes
2968,35,Self-Employed,Married,Not Graduate,425551,715,194105,Yes,No,No,2,38,No
2969,49,Retired,Divorced,Not Graduate,443054,732,0,Yes,No,Yes,3,111,Yes
2970,33,Services,Single,Graduate,442560,679,120808,Yes,No,No,9,111,No
2971,33,Student,Married,Not Graduate,1083901,744,23361,Yes,Yes,No,5,26,No
2972,38,Student,Married,Graduate,689294,572,40110,Yes,No,Yes,2,84,Yes
2973,55,Self-Employed,Married,Not Graduate,850502,631,98574,Yes,No,No,1,75,No
2974,42,Management,Married,Not Graduate,408672,720,220477,Yes,No,No,5,113,Yes
2975,39,Student,Married,Not Graduate,362531,736,125541,Yes,No,Yes,4,101,No
2976,32,Services,Married,Not Graduate,504537,684,0,No,No,No,5,1,No
2977,51,Technician,Married,Graduate,506548,677,95179,Yes,No,No,3,51,No
2978,30,Entrepreneur,Married,Graduate,215654,655,225854,Yes,No,Yes,6,42,Yes
2979,35,Entrepreneur,Married,Not Graduate,470147,799,185250,Yes,Yes,No,3,98,No
2980,46,Services,Single,Graduate,676439,730,71393,No,Yes,Yes,4,1,No
2981,47,Entrepreneur,Married,Graduate,336067,747,9065,No,Yes,No,3,33,No
2982,31,Retired,Married,Graduate,480196,696,0,No,No,Yes,4,140,Yes
2983,43,Services,Single,Graduate,663313,700,85702,Yes,No,No,3,33,Yes
2984,49,Self-Employed,Single,Not Graduate,670436,682,83471,No,No,No,5,88,Yes
2985,46,Entrepreneur,Single,Graduate,454586,766,27682,Yes,No,Yes,2,85,Yes
2986,39,Admin,Single,Graduate,502985,578,0,No,No,No,3,13,No
2987,63,Retired,Married,Not Graduate,409627,686,857,No,No,No,4,108,No
2988,37,Management,Single,Not Graduate,906130,684,0,No,No,No,3,71,No
2989,32,Unemployed,Married,Graduate,572902,698,190479,No,No,No,2,70,Yes
2990,31,Retired,Married,Not Graduate,926275,729,63809,No,No,No,2,17,Yes
2991,28,Self-Employed,Married,Graduate,627261,660,189554,No,Yes,No,1,102,No
2992,39,Admin,Divorced,Not Graduate,291680,683,0,No,Yes,Yes,3,1,Yes
2993,37,Unemployed,Married,Not Graduate,418108,817,57532,No,Yes,No,2,121,No
2994,52,Services,Married,Not Graduate,571994,821,89374,Yes,No,Yes,3,70,Yes
2995,23,Management,Single,Graduate,969024,731,0,Yes,Yes,No,4,126,No
2996,53,Management,Single,Graduate,461238,702,29137,No,No,Yes,1,81,No
2997,48,Technician,Divorced,Graduate,1007708,751,87714,Yes,Yes,No,2,29,No
2998,40,Admin,Single,Graduate,697739,658,97161,No,No,No,5,130,No
2999,39,Unemployed,Married,Graduate,831505,735,26560,Yes,No,No,4,94,Yes
3000,33,Retired,Married,Not Graduate,417954,653,73529,No,No,No,6,28,Yes
3001,31,Technician,Divorced,Graduate,1984316,707,23149,Yes,No,No,3,132,Yes
3002,58,Services,Divorced,Not Graduate,855581,666,145922,Yes,No,No,3,89,No
3003,20,Admin,Married,Graduate,210443,570,121305,No,No,Yes,2,11,Yes
3004,48,Retired,Single,Not Graduate,859119,803,0,Yes,Yes,Yes,3,137,No
3005,34,Management,Married,Graduate,592864,657,55550,No,Yes,Yes,3,89,Yes
3006,33,Technician,Married,Not Graduate,544538,715,236654,No,No,No,5,127,Yes
3007,38,Services,Married,Not Graduate,1035780,682,0,No,No,No,3,133,No
3008,27,Management,Married,Graduate,684743,610,149921,No,No,Yes,3,5,No
3009,24,Management,Married,Not Graduate,977135,638,49875,No,No,No,3,30,No
3010,43,Entrepreneur,Married,Not Graduate,1519419,598,0,Yes,No,Yes,3,91,Yes
3011,39,Management,Divorced,Graduate,376415,702,291592,Yes,No,No,2,76,Yes
3012,41,Admin,Married,Not Graduate,567868,775,75633,No,No,No,2,154,No
3013,33,Technician,Divorced,Graduate,591536,625,0,No,No,No,2,100,No
3014,38,Admin,Married,Not Graduate,279228,850,104406,No,No,No,2,136,Yes
3015,33,Student,Married,Graduate,863852,682,0,No,No,No,4,125,No
3016,61,Admin,Single,Not Graduate,357507,676,37856,No,No,No,3,15,No
3017,38,Retired,Married,Not Graduate,159376,783,0,Yes,No,Yes,2,1,No
3018,39,Unemployed,Married,Not Graduate,1025874,585,39855,Yes,No,No,3,195,No
3019,21,Retired,Married,Graduate,1160633,723,49509,Yes,No,No,5,155,No
3020,50,Admin,Single,Not Graduate,914926,717,203678,No,No,No,3,64,Yes
3021,49,Student,Married,Graduate,294058,774,182348,No,No,No,3,83,Yes
3022,38,Technician,Married,Graduate,618886,659,0,Yes,No,No,6,1,No
3023,27,Management,Married,Graduate,327534,648,195613,No,No,No,3,9,Yes
3024,54,Entrepreneur,Married,Not Graduate,134051,682,122118,Yes,No,Yes,2,148,Yes
3025,20,Admin,Divorced,Not Graduate,439074,850,5000000,No,No,No,4,51,No
3026,39,Admin,Married,Not Graduate,597300,781,90006,No,No,No,3,131,No
3027,44,Services,Married,Not Graduate,776046,704,29156,Yes,No,No,3,1,Yes
3028,38,Services,Single,Graduate,448313,711,91014,No,No,No,4,52,Yes
3029,46,Entrepreneur,Divorced,Graduate,1134252,801,28865,Yes,No,Yes,2,18,Yes
3030,18,Self-Employed,Married,Graduate,1237212,536,64998,No,No,Yes,5,11,No
3031,37,Services,Married,Graduate,1620271,648,36931,No,No,No,8,103,Yes
3032,33,Services,Divorced,Graduate,526891,714,5267,No,No,No,4,110,No
3033,38,Technician,Divorced,Graduate,174877,635,0,No,No,No,2,1,No
3034,36,Entrepreneur,Single,Graduate,306356,774,86079,No,No,No,3,21,No
3035,42,Technician,Single,Graduate,614184,741,231898,No,No,No,3,31,No
3036,28,Student,Married,Not Graduate,694884,707,0,Yes,Yes,No,5,6,No
3037,54,Entrepreneur,Married,Graduate,553107,620,79139,No,No,No,3,160,No
3038,59,Unemployed,Married,Graduate,2598413,670,62150,No,No,No,5,78,No
3039,30,Self-Employed,Married,Not Graduate,335124,721,121434,No,Yes,No,4,39,Yes
3040,43,Services,Single,Graduate,833430,752,167259,No,No,Yes,2,122,Yes
3041,40,Services,Married,Graduate,496820,638,2220,Yes,No,Yes,3,40,No
3042,39,Student,Single,Graduate,1115465,618,304018,No,No,Yes,1,73,Yes
3043,53,Retired,Married,Graduate,437106,747,0,Yes,No,No,1,93,Yes
3044,28,Technician,Single,Graduate,998677,728,0,Yes,No,No,3,13,Yes
3046,55,Management,Single,Graduate,368073,615,113840,No,No,No,6,51,No
3047,43,Management,Married,Graduate,309173,680,192506,No,Yes,No,3,26,No
3048,39,Admin,Divorced,Graduate,359874,595,42401,Yes,No,Yes,5,1,No
3049,49,Management,Single,Not Graduate,467858,835,104552,Yes,No,No,6,43,No
3050,26,Entrepreneur,Married,Not Graduate,1094937,682,81472,No,No,Yes,5,73,No
3051,34,Student,Married,Not Graduate,514759,644,103385,No,Yes,No,5,85,No
3052,55,Entrepreneur,Single,Graduate,495202,731,0,No,No,No,4,42,Yes
3053,52,Admin,Married,Graduate,443785,785,0,No,Yes,No,2,130,No
3054,27,Self-Employed,Married,Graduate,203082,746,200208,No,No,No,3,62,Yes
3055,30,Self-Employed,Married,Graduate,638320,607,11512,Yes,No,No,1,64,No
3056,38,Admin,Married,Graduate,487201,645,178038,Yes,Yes,No,4,3,No
3057,49,Unemployed,Married,Graduate,217100,650,179919,Yes,No,No,2,94,No
3058,34,Retired,Married,Not Graduate,1379049,702,128780,Yes,No,Yes,4,140,Yes
3059,34,Retired,Married,Not Graduate,380660,708,281628,No,Yes,Yes,2,101,Yes
3060,37,Entrepreneur,Married,Graduate,950294,628,26835,No,No,Yes,2,35,No
3061,27,Technician,Single,Not Graduate,489585,709,93043,Yes,No,No,1,121,No
3062,28,Technician,Married,Graduate,255371,607,175210,No,No,Yes,3,123,No
3063,35,Student,Married,Not Graduate,257307,675,230500,Yes,No,Yes,2,1,Yes
3064,39,Retired,Single,Not Graduate,690283,654,0,Yes,No,No,2,116,No
3065,43,Unemployed,Single,Graduate,172515,630,87172,No,No,No,2,138,No
3066,50,Entrepreneur,Married,Graduate,266824,681,259941,Yes,Yes,No,3,39,No
3067,50,Self-Employed,Married,Graduate,685563,620,24990,No,No,No,5,73,No
3068,52,Management,Single,Not Graduate,369352,676,144613,No,No,Yes,3,136,No
3069,39,Self-Employed,Married,Graduate,498749,769,136203,No,No,No,2,113,No
3070,27,Retired,Married,Graduate,674390,529,195584,Yes,No,Yes,5,23,No
3071,34,Admin,Single,Graduate,702524,658,57275,Yes,Yes,No,3,134,Yes
3072,54,Retired,Single,Graduate,1169038,668,132944,No,No,Yes,2,81,No
3073,27,Technician,Single,Graduate,1117995,638,84665,No,No,No,3,167,No
3074,35,Entrepreneur,Married,Graduate,304777,680,93931,No,No,Yes,3,69,No
3075,40,Management,Married,Not Graduate,233170,729,225863,Yes,No,No,4,16,No
3076,38,Services,Married,Graduate,185212,642,176660,No,Yes,No,4,67,No
3077,41,Admin,Married,Graduate,155945,599,168840,No,No,No,1,135,No
3078,24,Services,Married,Graduate,279932,637,188468,No,No,Yes,3,111,No
3079,38,Retired,Divorced,Graduate,265978,701,129675,No,No,No,3,144,No
3080,36,Technician,Single,Graduate,363307,737,97896,No,No,No,5,159,No
3081,40,Services,Married,Graduate,491015,632,0,Yes,No,No,1,33,No
3082,18,Unemployed,Single,Graduate,374768,707,127668,No,Yes,Yes,2,65,No
3083,36,Technician,Married,Graduate,1075205,552,64681,No,No,No,2,32,No
3084,54,Admin,Married,Not Graduate,560607,633,37622,Yes,No,No,2,73,No
3085,36,Entrepreneur,Single,Not Graduate,278888,689,124557,Yes,No,No,3,102,Yes
3086,33,Unemployed,Single,Graduate,820785,608,119616,Yes,No,No,5,108,No
3087,49,Technician,Married,Graduate,1492951,669,0,No,No,No,4,1,Yes
3088,23,Management,Married,Graduate,477147,747,84111,Yes,Yes,No,3,30,No
3089,35,Retired,Married,Graduate,742332,763,65268,Yes,Yes,Yes,2,102,No
3090,45,Services,Married,Not Graduate,642298,706,122280,No,No,Yes,8,103,Yes
3091,53,Self-Employed,Married,Graduate,1526668,733,159663,No,No,Yes,2,95,Yes
3092,66,Services,Single,Graduate,553107,652,217976,Yes,No,Yes,6,56,No
3093,47,Admin,Single,Graduate,887531,628,190311,Yes,No,Yes,1,49,No
3094,25,Unemployed,Divorced,Graduate,477136,639,104334,No,No,No,5,93,No
3095,35,Self-Employed,Married,Not Graduate,309169,789,311801,No,No,Yes,7,81,Yes
3096,39,Entrepreneur,Married,Graduate,686066,661,0,No,No,No,2,90,Yes
3097,22,Self-Employed,Married,Not Graduate,553107,722,0,Yes,No,No,3,118,Yes
3098,34,Technician,Married,Graduate,551284,689,186776,No,No,No,5,109,No
3099,19,Admin,Single,Graduate,499824,717,105461,No,No,No,2,50,Yes
3100,39,Entrepreneur,Married,Graduate,556967,681,0,No,No,No,3,135,Yes
3101,55,Entrepreneur,Married,Graduate,720517,726,68359,No,No,No,1,45,Yes
3102,38,Services,Single,Not Graduate,500637,683,72204,Yes,No,No,3,87,No
3103,52,Technician,Married,Graduate,699830,678,40094,No,No,Yes,4,118,No
3104,45,Self-Employed,Married,Graduate,847673,667,77833,No,No,Yes,4,120,No
3105,57,Entrepreneur,Divorced,Not Graduate,264587,781,198799,Yes,No,Yes,3,13,Yes
3106,42,Entrepreneur,Married,Not Graduate,675354,529,110990,No,No,No,2,70,No
3107,37,Admin,Married,Graduate,984169,686,86228,Yes,No,No,3,97,No
3108,36,Student,Single,Not Graduate,1566197,816,224569,Yes,No,No,3,100,Yes
3109,18,Admin,Married,Not Graduate,592722,689,73845,Yes,No,Yes,7,46,No
3110,28,Self-Employed,Single,Graduate,409508,652,83471,Yes,No,Yes,2,53,No
3111,37,Services,Divorced,Graduate,320870,689,171037,No,No,Yes,5,22,No
3112,42,Entrepreneur,Single,Not Graduate,553107,650,30620,Yes,No,No,6,47,No
3113,53,Unemployed,Married,Graduate,587608,678,7015,No,No,No,3,30,Yes
3114,52,Admin,Single,Not Graduate,1371360,739,0,No,No,No,4,68,Yes
3115,28,Self-Employed,Single,Not Graduate,816251,686,130621,No,No,No,3,82,No
3116,37,Admin,Single,Not Graduate,481391,670,60842,No,No,Yes,2,103,No
3117,39,Admin,Married,Not Graduate,553107,693,0,No,Yes,Yes,8,1,No
3118,30,Management,Married,Graduate,640330,732,20614,Yes,No,No,6,41,No
3120,45,Services,Divorced,Graduate,995202,701,20525,Yes,No,Yes,5,33,No
3121,32,Management,Single,Not Graduate,464259,730,0,No,No,No,3,15,Yes
3122,48,Self-Employed,Single,Graduate,362367,608,147052,No,Yes,No,2,91,No
3123,35,Services,Single,Graduate,736042,660,0,No,No,No,7,89,No
3124,39,Retired,Married,Graduate,1270522,674,37157,Yes,No,Yes,3,54,Yes
3125,46,Unemployed,Single,Graduate,566323,733,0,Yes,No,No,3,72,Yes
3126,40,Entrepreneur,Married,Graduate,303375,679,150011,No,No,No,1,71,Yes
3127,26,Admin,Married,Not Graduate,427092,626,132043,No,No,Yes,6,91,No
3128,42,Services,Single,Graduate,576830,738,197436,Yes,Yes,No,2,21,No
3129,26,Student,Married,Graduate,443796,713,193327,No,No,No,4,62,Yes
3130,39,Unemployed,Divorced,Not Graduate,704017,718,150150,Yes,Yes,No,2,113,No
3131,18,Services,Married,Graduate,338139,658,55615,No,No,Yes,3,63,No
3132,50,Services,Married,Graduate,666150,741,32196,Yes,Yes,No,4,137,No
3133,40,Unemployed,Single,Not Graduate,1429983,625,3822,No,No,No,1,77,No
3134,57,Entrepreneur,Married,Graduate,605062,742,144506,Yes,No,No,2,35,Yes
3135,33,Admin,Married,Not Graduate,177869,791,136088,No,No,No,3,49,No
3136,45,Self-Employed,Divorced,Not Graduate,246532,779,158116,No,No,Yes,6,95,Yes
3137,53,Entrepreneur,Single,Not Graduate,597838,660,186026,No,No,No,5,10,No
3138,34,Admin,Married,Graduate,469632,730,59511,Yes,No,No,1,62,No
3139,46,Retired,Single,Graduate,887924,653,144477,No,No,No,4,46,Yes
3140,38,Admin,Single,Graduate,553107,738,129392,No,No,No,2,97,No
3141,39,Management,Divorced,Graduate,362466,722,9477,No,No,No,2,104,No
3142,53,Entrepreneur,Married,Graduate,947696,807,202674,Yes,No,No,1,164,No
3143,21,Admin,Married,Not Graduate,388875,575,112246,No,No,Yes,3,102,No
3144,35,Technician,Single,Graduate,553107,711,94040,No,No,No,4,21,Yes
3145,41,Student,Divorced,Graduate,290192,675,0,Yes,No,No,5,96,No
3146,34,Self-Employed,Married,Graduate,733214,682,98158,No,No,No,2,1,Yes
3147,41,Entrepreneur,Married,Graduate,1411756,733,261074,Yes,No,No,3,101,No
3148,71,Entrepreneur,Divorced,Graduate,319150,766,140080,Yes,No,Yes,6,128,Yes
3149,41,Services,Single,Not Graduate,563298,744,171475,No,No,Yes,2,1,No
3150,31,Services,Divorced,Not Graduate,214096,695,0,No,Yes,No,3,52,Yes
3151,69,Student,Married,Graduate,658943,752,203849,No,No,No,5,97,No
3152,30,Self-Employed,Single,Not Graduate,610138,784,312545,Yes,No,No,3,11,No
3153,47,Management,Married,Not Graduate,371618,760,0,Yes,No,No,5,47,No
3154,32,Services,Married,Graduate,842548,715,102596,Yes,No,No,2,52,Yes
3155,27,Self-Employed,Married,Not Graduate,325141,669,61192,No,No,Yes,5,36,No
3156,40,Unemployed,Married,Graduate,195709,607,0,Yes,No,Yes,4,79,No
3157,50,Services,Married,Graduate,570060,707,0,No,Yes,No,7,90,No
3158,34,Student,Single,Not Graduate,324247,772,6052,Yes,No,No,2,96,No
3159,55,Management,Single,Graduate,336278,766,25929,Yes,Yes,No,2,82,No
3160,18,Admin,Single,Graduate,553107,659,0,Yes,No,No,4,126,No
3161,38,Retired,Married,Graduate,190859,774,26280,No,No,No,7,73,No
3162,53,Management,Single,Graduate,563016,835,83471,No,No,No,3,77,Yes
3163,47,Services,Married,Graduate,352807,609,220171,Yes,No,Yes,1,87,Yes
3164,31,Retired,Single,Graduate,280394,679,167018,No,No,Yes,5,144,No
3165,33,Entrepreneur,Married,Graduate,375744,634,83471,Yes,No,No,5,90,No
3166,35,Technician,Single,Graduate,660991,680,77150,No,No,Yes,6,139,No
3167,36,Self-Employed,Single,Graduate,543440,586,177188,Yes,Yes,No,4,61,No
3168,37,Retired,Single,Graduate,159796,721,66876,No,No,No,3,65,Yes
3169,33,Unemployed,Single,Graduate,682467,798,56311,Yes,Yes,Yes,3,158,Yes
3170,46,Student,Married,Graduate,1206875,690,110228,No,No,No,2,1,No
3171,29,Services,Married,Not Graduate,423941,663,25478,Yes,No,No,3,54,No
3172,30,Services,Divorced,Graduate,907311,778,134026,No,No,No,6,2,No
3173,38,Admin,Married,Not Graduate,265704,709,2871,Yes,Yes,Yes,2,51,Yes
3174,27,Retired,Married,Graduate,120000,762,4442,No,No,No,7,84,No
3175,35,Management,Married,Not Graduate,756028,689,0,Yes,No,Yes,4,65,Yes
3176,47,Self-Employed,Single,Graduate,910091,675,40866,No,No,No,3,114,No
3177,25,Entrepreneur,Single,Graduate,1265029,662,84424,Yes,No,Yes,4,128,No
3178,39,Self-Employed,Single,Graduate,553107,725,142240,No,Yes,Yes,2,87,No
3179,64,Management,Married,Not Graduate,350327,686,123048,No,No,Yes,6,116,Yes
3180,46,Student,Married,Graduate,284878,774,0,Yes,No,Yes,2,80,No
3181,43,Technician,Married,Graduate,534262,688,195228,No,No,No,8,58,No
3182,19,Unemployed,Married,Graduate,167385,636,33917,Yes,No,No,2,73,No
3183,18,Management,Married,Graduate,205467,664,0,No,No,No,1,79,No
3184,42,Admin,Single,Not Graduate,508011,638,0,No,No,No,3,110,No
3185,47,Admin,Single,Graduate,887389,681,0,Yes,No,Yes,4,162,No
3186,19,Technician,Married,Not Graduate,1071805,849,0,No,No,No,2,80,Yes
3187,40,Management,Married,Not Graduate,649917,681,77268,Yes,No,No,3,115,No
3188,18,Student,Married,Graduate,433789,644,236615,Yes,No,No,4,73,Yes
3189,32,Admin,Divorced,Graduate,875686,659,186858,No,No,Yes,4,57,Yes
3190,32,Services,Single,Graduate,772863,689,113107,No,No,No,3,17,No
3191,19,Retired,Married,Graduate,954573,754,87074,No,No,Yes,2,101,Yes
3192,43,Management,Married,Graduate,753851,758,0,Yes,No,No,5,118,No
3193,45,Management,Single,Not Graduate,553107,616,0,No,No,No,3,184,Yes
3194,41,Services,Single,Graduate,1222494,689,176996,Yes,No,Yes,3,116,No
3195,31,Management,Married,Graduate,744942,719,66069,Yes,No,Yes,3,97,Yes
3196,39,Entrepreneur,Married,Graduate,579370,689,0,Yes,No,No,5,112,No
3197,49,Services,Single,Graduate,228933,712,58472,Yes,Yes,Yes,3,34,Yes
3198,60,Unemployed,Single,Not Graduate,401671,809,53139,No,Yes,No,3,133,No
3199,42,Student,Married,Graduate,611640,668,83471,Yes,No,No,4,41,No
3200,50,Self-Employed,Married,Not Graduate,277332,703,116662,Yes,No,Yes,3,78,No
3201,27,Student,Married,Graduate,897708,669,39439,Yes,No,No,3,91,No
3202,56,Admin,Divorced,Graduate,1195110,804,15924,Yes,Yes,Yes,3,134,Yes
3203,56,Management,Single,Not Graduate,611996,787,77117,No,No,No,5,101,Yes
3204,37,Admin,Married,Graduate,659748,780,220496,No,No,No,4,112,No
3205,39,Technician,Single,Graduate,709053,806,109873,Yes,No,No,1,164,Yes
3206,47,Services,Married,Graduate,446631,591,67381,Yes,No,No,2,1,No
3207,54,Admin,Married,Graduate,176472,795,223399,Yes,No,No,4,43,No
3208,21,Self-Employed,Married,Graduate,340127,663,174024,Yes,Yes,Yes,5,96,No
3209,18,Student,Single,Not Graduate,395379,567,0,Yes,No,Yes,3,61,No
3210,42,Technician,Single,Graduate,591203,802,66272,No,No,No,3,87,Yes
3211,55,Unemployed,Married,Graduate,223635,850,253716,No,No,No,5,132,Yes
3212,49,Self-Employed,Single,Graduate,812922,636,83471,No,No,No,8,156,Yes
3213,41,Admin,Married,Graduate,820276,643,77110,No,No,No,1,62,No
3214,46,Student,Married,Graduate,1073696,760,144862,No,No,Yes,2,28,No
3215,22,Self-Employed,Married,Graduate,708544,764,39209,Yes,No,Yes,2,60,Yes
3216,35,Student,Married,Not Graduate,822919,633,240889,Yes,No,No,3,73,No
3217,62,Student,Single,Graduate,351102,713,81184,Yes,No,Yes,3,60,Yes
3218,50,Technician,Single,Graduate,803410,675,43565,No,No,No,4,119,No
3219,45,Services,Married,Graduate,886918,623,161566,Yes,Yes,Yes,3,101,No
3220,53,Unemployed,Single,Not Graduate,349689,587,12987,Yes,No,Yes,4,55,Yes
3221,44,Student,Single,Graduate,434728,739,229385,No,No,Yes,5,107,Yes
3222,36,Admin,Married,Not Graduate,567629,754,200412,No,No,No,5,117,Yes
3223,44,Unemployed,Married,Graduate,276712,610,241348,Yes,No,No,5,48,No
3224,18,Unemployed,Married,Graduate,2519927,706,28843,Yes,No,No,2,84,Yes
3225,28,Admin,Single,Graduate,342689,739,117693,No,No,Yes,5,94,No
3226,27,Student,Married,Graduate,464505,721,57200,Yes,No,No,4,102,Yes
3227,43,Admin,Married,Graduate,753306,809,0,No,No,No,3,102,Yes
3228,39,Technician,Single,Not Graduate,492715,651,0,No,Yes,Yes,4,44,No
3230,57,Student,Married,Not Graduate,653798,569,149293,Yes,No,Yes,3,1,No
3231,42,Technician,Divorced,Not Graduate,332902,749,139023,Yes,No,Yes,6,91,No
3232,43,Entrepreneur,Single,Graduate,569537,850,29094,Yes,No,No,4,1,Yes
3233,38,Entrepreneur,Married,Graduate,388505,815,84787,No,No,No,2,52,No
3234,35,Retired,Divorced,Graduate,586082,578,0,No,Yes,Yes,5,52,No
3235,33,Unemployed,Married,Not Graduate,328654,729,191735,No,No,No,3,8,Yes
3236,41,Retired,Married,Graduate,713728,767,0,Yes,No,No,6,118,No
3237,61,Unemployed,Married,Not Graduate,1217741,741,146939,No,No,No,4,138,No
3238,39,Self-Employed,Married,Not Graduate,553107,709,0,No,No,Yes,4,39,No
3239,36,Technician,Single,Graduate,316559,660,76052,Yes,No,No,4,168,No
3240,31,Admin,Married,Graduate,762920,615,212875,No,No,No,1,64,Yes
3241,53,Technician,Married,Not Graduate,1138161,689,0,Yes,No,Yes,3,120,No
3242,50,Management,Single,Graduate,1439037,681,83471,No,Yes,No,3,66,No
3243,24,Admin,Single,Graduate,794201,701,114691,No,No,No,2,43,No
3244,39,Technician,Single,Graduate,463890,717,0,Yes,No,Yes,2,127,No
3245,42,Services,Single,Graduate,460368,634,100991,Yes,No,No,3,108,No
3246,38,Management,Married,Graduate,225210,749,0,No,No,No,1,96,Yes
3247,22,Unemployed,Single,Graduate,339591,568,266510,Yes,No,No,5,116,Yes
3248,44,Technician,Married,Graduate,719116,657,67979,Yes,No,No,2,19,No
3249,49,Management,Married,Graduate,501825,710,247280,Yes,No,Yes,3,64,Yes
3250,41,Services,Married,Graduate,553107,805,158034,Yes,No,No,2,1,Yes
3251,26,Admin,Divorced,Graduate,466819,850,0,No,No,Yes,2,1,Yes
3252,38,Self-Employed,Single,Not Graduate,522596,712,0,Yes,No,No,5,71,No
3253,42,Admin,Married,Not Graduate,243116,749,83471,Yes,No,No,2,147,Yes
3254,49,Services,Married,Graduate,1116590,647,257985,No,No,No,4,23,No
3255,51,Technician,Divorced,Not Graduate,553107,848,0,Yes,No,Yes,6,6,Yes
3256,37,Student,Single,Graduate,326553,630,108319,Yes,No,No,2,43,No
3257,55,Technician,Married,Graduate,974267,730,0,No,No,No,5,18,No
3258,50,Technician,Married,Graduate,853878,702,70970,No,Yes,No,3,120,No
3259,49,Entrepreneur,Single,Not Graduate,559118,667,174663,Yes,No,No,3,70,No
3260,39,Technician,Married,Not Graduate,590885,631,54814,Yes,No,No,5,56,No
3261,25,Student,Divorced,Graduate,1786690,755,251511,No,Yes,No,2,60,Yes
3262,32,Student,Married,Not Graduate,436480,618,0,No,No,No,3,64,No
3263,39,Unemployed,Single,Graduate,1370356,709,1735,Yes,No,No,4,16,Yes
3264,27,Management,Divorced,Not Graduate,1017868,772,8423,Yes,No,No,2,123,No
3265,20,Unemployed,Single,Graduate,538868,757,195404,Yes,No,Yes,4,73,Yes
3266,55,Unemployed,Single,Not Graduate,324133,804,223242,Yes,No,Yes,1,129,Yes
3267,45,Entrepreneur,Divorced,Not Graduate,490247,636,215219,No,Yes,No,3,39,No
3268,32,Unemployed,Single,Graduate,248171,688,62114,No,No,No,7,36,Yes
3269,33,Management,Divorced,Graduate,523379,465,182685,Yes,No,No,3,64,No
3270,65,Services,Single,Graduate,1487463,648,0,Yes,No,No,5,82,No
3271,67,Retired,Married,Graduate,748343,586,15799,No,No,Yes,5,76,No
3272,32,Retired,Single,Graduate,259158,738,98337,No,No,No,2,22,Yes
3273,44,Retired,Married,Graduate,2110886,696,72184,No,No,No,5,51,Yes
3274,48,Student,Single,Graduate,647971,682,243008,Yes,No,No,3,6,Yes
3275,39,Self-Employed,Married,Graduate,255351,696,182550,No,Yes,No,4,36,No
3276,35,Admin,Single,Graduate,453472,673,104423,Yes,No,No,3,1,Yes
3277,36,Management,Married,Graduate,291036,617,252478,No,No,Yes,7,140,Yes
3278,45,Admin,Married,Graduate,1210931,680,196835,Yes,No,No,3,66,No
3279,41,Management,Married,Graduate,951912,771,101071,Yes,No,No,4,68,No
3280,41,Self-Employed,Married,Graduate,300838,785,123945,No,No,Yes,3,107,Yes
3281,38,Technician,Married,Graduate,364264,746,203947,No,No,No,4,1,No
3282,29,Services,Married,Not Graduate,571809,676,276751,No,Yes,No,3,63,No
3283,18,Management,Single,Graduate,812586,574,6246,No,No,No,1,111,No
3284,38,Student,Single,Graduate,953577,769,164699,Yes,No,No,2,79,Yes
3285,35,Services,Married,Not Graduate,585276,674,301103,Yes,No,No,4,113,Yes
3286,36,Entrepreneur,Married,Graduate,403699,848,161303,Yes,No,No,7,57,No
3287,40,Retired,Married,Not Graduate,316947,628,59924,Yes,No,Yes,3,79,Yes
3288,54,Student,Single,Graduate,662485,734,55035,No,No,No,1,61,No
3289,45,Unemployed,Divorced,Graduate,919957,619,108556,No,Yes,Yes,5,47,No
3290,32,Services,Married,Not Graduate,765378,673,27162,No,No,No,4,91,No
3291,46,Self-Employed,Single,Not Graduate,574103,572,150441,No,No,No,4,159,Yes
3292,24,Admin,Married,Graduate,389789,687,52922,No,No,No,2,64,No
3293,33,Management,Married,Graduate,815786,621,18979,Yes,No,No,5,22,No
3294,52,Retired,Married,Graduate,755580,621,0,No,No,No,5,152,No
3295,27,Unemployed,Married,Graduate,802599,748,0,No,No,No,4,131,No
3296,45,Entrepreneur,Married,Not Graduate,372545,657,244403,No,No,No,3,65,No
3297,24,Technician,Married,Graduate,242750,621,87002,No,No,Yes,3,118,No
3298,32,Student,Married,Graduate,365821,706,86801,Yes,No,No,3,6,Yes
3299,34,Entrepreneur,Married,Graduate,246260,730,0,Yes,Yes,No,2,23,No
3300,26,Services,Married,Graduate,1322357,662,83471,No,No,Yes,4,60,Yes
3301,39,Self-Employed,Married,Graduate,248721,670,0,No,No,No,4,85,Yes
3302,28,Management,Divorced,Not Graduate,1400387,590,0,Yes,No,No,3,93,No
3303,34,Admin,Married,Graduate,553107,643,58357,Yes,No,Yes,4,43,No
3304,27,Self-Employed,Single,Graduate,700804,845,0,Yes,No,No,5,86,No
3305,40,Management,Married,Graduate,762724,791,58208,Yes,No,No,2,107,Yes
3306,43,Admin,Married,Graduate,617645,613,58382,No,Yes,No,4,50,No
3307,45,Management,Married,Graduate,263312,669,9663,No,No,Yes,5,2,Yes
3308,24,Services,Single,Graduate,368931,601,6339,No,No,Yes,4,87,No
3309,41,Entrepreneur,Divorced,Graduate,920384,713,206052,No,No,No,2,80,No
3310,35,Entrepreneur,Married,Not Graduate,472772,633,68593,Yes,No,No,2,17,No
3311,21,Unemployed,Married,Graduate,508286,699,3214,Yes,No,Yes,1,58,No
3312,40,Technician,Married,Graduate,697174,689,64159,Yes,No,No,2,145,No
3313,22,Entrepreneur,Married,Graduate,417215,752,0,Yes,No,No,3,1,No
3314,25,Services,Married,Graduate,635964,663,0,Yes,No,No,4,127,No
3315,59,Self-Employed,Married,Not Graduate,769270,705,33250,Yes,No,Yes,4,22,No
3316,37,Self-Employed,Married,Graduate,572284,747,180702,No,No,Yes,3,99,Yes
3317,30,Retired,Single,Graduate,553107,781,22234,Yes,No,No,1,81,Yes
3318,47,Entrepreneur,Married,Not Graduate,196251,741,82543,Yes,No,No,4,109,No
3319,42,Technician,Single,Graduate,543519,647,132707,Yes,Yes,No,5,96,No
3320,51,Unemployed,Single,Not Graduate,553107,644,0,Yes,No,No,1,33,No
3321,44,Retired,Married,Not Graduate,618036,576,140106,No,No,Yes,3,46,No
3322,36,Retired,Married,Graduate,499908,679,0,No,No,No,5,73,No
3323,48,Services,Married,Not Graduate,767473,689,218284,No,No,No,4,138,Yes
3324,21,Student,Married,Not Graduate,259079,661,39441,Yes,No,Yes,2,91,No
3325,35,Retired,Single,Not Graduate,252510,751,11843,No,No,No,1,153,No
3326,18,Entrepreneur,Married,Graduate,509030,615,0,Yes,No,No,2,29,No
3327,45,Retired,Married,Not Graduate,655349,603,87433,Yes,No,No,4,51,No
3328,27,Self-Employed,Married,Graduate,426539,634,5834,Yes,No,No,3,132,Yes
3329,39,Entrepreneur,Single,Graduate,743801,669,89403,Yes,No,No,5,66,No
3330,63,Services,Married,Not Graduate,122825,733,144389,Yes,No,No,1,6,Yes
3331,21,Entrepreneur,Divorced,Graduate,696042,621,72866,Yes,No,No,3,46,No
3332,44,Admin,Married,Graduate,958596,671,75627,Yes,No,No,5,117,No
3333,46,Unemployed,Married,Graduate,257010,645,85901,No,No,No,2,1,No
3334,38,Technician,Single,Graduate,562814,769,0,No,No,No,2,58,Yes
3335,48,Technician,Single,Not Graduate,1415859,737,101534,Yes,No,Yes,3,1,Yes
3336,35,Technician,Single,Graduate,685638,734,0,Yes,No,No,4,147,Yes
3337,44,Student,Married,Not Graduate,1135440,654,163875,No,No,No,4,45,No
3338,39,Self-Employed,Single,Graduate,734550,681,232576,Yes,No,No,5,69,No
3339,42,Self-Employed,Single,Not Graduate,553107,746,202237,No,No,No,4,39,No
3340,43,Admin,Married,Not Graduate,575128,826,132240,No,No,No,4,85,Yes
3341,40,Retired,Married,Graduate,352546,679,124106,Yes,No,No,7,24,No
3342,24,Student,Single,Graduate,283361,675,80748,Yes,No,Yes,3,26,No
3343,40,Unemployed,Single,Not Graduate,256403,582,20972,Yes,No,No,2,87,No
3344,36,Services,Single,Not Graduate,224978,752,29852,No,No,Yes,2,107,No
3345,52,Self-Employed,Married,Graduate,379888,632,0,Yes,No,No,4,64,No
3346,37,Retired,Married,Not Graduate,580959,625,16706,Yes,No,No,4,100,No
3347,42,Unemployed,Single,Not Graduate,1123840,675,92416,Yes,No,No,5,73,No
3348,52,Services,Married,Graduate,395245,665,0,No,No,Yes,6,20,Yes
3349,54,Unemployed,Married,Graduate,450080,628,22967,Yes,No,No,4,68,No
3350,39,Management,Single,Not Graduate,374759,749,76217,Yes,No,Yes,4,89,Yes
3351,48,Unemployed,Married,Not Graduate,659447,704,29993,No,No,No,4,13,No
3352,47,Technician,Married,Not Graduate,593375,718,111983,Yes,No,Yes,1,82,No
3353,39,Unemployed,Married,Graduate,1264660,813,0,No,No,No,2,144,No
3354,46,Admin,Single,Not Graduate,2145108,706,70904,No,No,No,3,84,Yes
3355,36,Services,Married,Graduate,577614,701,0,Yes,Yes,No,1,30,No
3356,41,Entrepreneur,Single,Graduate,916973,778,99890,Yes,No,Yes,3,36,No
3357,29,Technician,Single,Not Graduate,225917,791,11721,Yes,No,Yes,1,12,No
3358,29,Services,Single,Not Graduate,738921,717,0,Yes,No,No,5,165,Yes
3359,29,Student,Married,Graduate,425235,615,0,No,No,Yes,2,89,Yes
3360,25,Management,Single,Graduate,228676,726,112051,No,No,No,2,34,No
3361,33,Technician,Married,Not Graduate,784382,768,172234,No,No,Yes,3,127,No
3362,30,Student,Married,Graduate,283971,648,143612,No,No,No,5,146,No
3363,23,Admin,Divorced,Graduate,331311,678,256339,No,No,No,5,51,No
3364,45,Student,Married,Graduate,599722,689,123464,No,No,No,3,41,No
3365,59,Management,Married,Not Graduate,519783,776,0,Yes,No,Yes,4,92,Yes
3366,48,Technician,Married,Not Graduate,236122,756,8814,No,No,No,6,97,No
3367,39,Entrepreneur,Divorced,Graduate,841667,746,0,Yes,No,No,1,95,No
3368,26,Services,Single,Graduate,790569,732,54727,Yes,No,No,2,56,Yes
3369,44,Management,Married,Graduate,553107,645,60291,Yes,No,No,6,80,No
3370,38,Student,Single,Not Graduate,553107,647,0,Yes,No,Yes,3,91,No
3371,60,Management,Single,Graduate,568629,840,104231,Yes,No,No,2,40,Yes
3372,45,Entrepreneur,Married,Not Graduate,676467,693,235079,Yes,No,No,3,41,Yes
3373,33,Entrepreneur,Married,Graduate,738243,708,14831,Yes,No,Yes,4,93,Yes
3374,28,Student,Divorced,Graduate,522446,712,207299,No,No,No,2,83,Yes
3375,28,Entrepreneur,Married,Not Graduate,726301,722,100781,Yes,No,No,4,79,No
3376,40,Services,Married,Not Graduate,641272,625,117956,Yes,No,Yes,1,32,No
3377,29,Admin,Divorced,Graduate,566872,646,175021,No,No,No,4,17,No
3378,41,Student,Divorced,Graduate,426655,749,0,No,No,No,1,84,No
3379,53,Technician,Single,Not Graduate,773301,815,95822,No,No,No,2,80,Yes
3380,35,Retired,Single,Not Graduate,274225,679,165504,Yes,No,No,1,19,No
3381,42,Self-Employed,Single,Graduate,601223,678,0,No,No,Yes,3,52,Yes
3382,24,Retired,Single,Not Graduate,1164052,774,200585,Yes,Yes,Yes,2,36,Yes
3383,33,Self-Employed,Married,Graduate,728385,689,140137,Yes,Yes,No,1,127,No
3384,43,Self-Employed,Divorced,Not Graduate,898695,685,123001,No,No,Yes,3,87,No
3385,50,Retired,Single,Not Graduate,485372,754,271480,No,No,No,5,35,No
3386,33,Technician,Divorced,Graduate,387942,672,92607,No,No,No,1,69,Yes
3387,47,Unemployed,Single,Graduate,1902273,701,165106,No,No,No,3,60,Yes
3388,40,Unemployed,Single,Graduate,639004,693,48638,No,No,No,4,82,No
3389,72,Services,Single,Not Graduate,307743,704,0,No,No,No,2,69,No
3390,57,Technician,Married,Graduate,448773,668,245801,No,No,No,2,48,No
3391,53,Services,Married,Not Graduate,250434,630,60199,No,No,Yes,5,147,Yes
3392,21,Retired,Married,Graduate,806980,690,162283,No,No,No,4,110,Yes
3393,38,Admin,Married,Graduate,784252,665,26497,Yes,No,No,3,60,No
3394,56,Technician,Single,Not Graduate,675623,753,173245,Yes,Yes,No,1,50,No
3395,51,Retired,Married,Not Graduate,409387,811,38521,No,No,No,2,45,Yes
3396,43,Unemployed,Single,Not Graduate,306762,530,100599,Yes,No,Yes,3,119,No
3397,31,Student,Single,Graduate,325165,743,92440,No,No,No,1,89,No
3398,41,Retired,Married,Not Graduate,642655,595,123596,No,Yes,No,3,58,No
3399,21,Technician,Married,Not Graduate,640045,742,17704,Yes,No,Yes,3,40,No
3400,42,Student,Married,Not Graduate,1582354,695,67907,No,No,No,4,57,Yes
3401,34,Self-Employed,Single,Graduate,950485,724,98751,No,No,No,4,48,Yes
3402,50,Entrepreneur,Single,Graduate,731612,638,83471,Yes,No,No,3,86,Yes
3403,45,Services,Single,Not Graduate,1652049,803,0,No,No,No,2,92,Yes
3404,29,Retired,Married,Not Graduate,1007305,717,89584,No,No,No,1,27,Yes
3405,66,Retired,Married,Graduate,1026204,765,83471,Yes,No,Yes,2,78,Yes
3406,24,Retired,Single,Graduate,270580,689,82724,No,No,No,1,84,Yes
3407,40,Retired,Single,Graduate,578196,618,60302,Yes,No,No,2,77,Yes
3408,35,Admin,Married,Graduate,801013,649,132156,No,No,No,4,17,No
3409,43,Unemployed,Single,Not Graduate,643383,584,169073,Yes,No,Yes,4,106,No
3410,30,Services,Married,Not Graduate,472960,748,91529,No,No,Yes,2,9,No
3411,45,Entrepreneur,Married,Graduate,463997,601,96734,No,No,No,2,33,Yes
3412,37,Unemployed,Married,Not Graduate,605388,739,58731,Yes,No,No,3,60,Yes
3413,18,Admin,Married,Graduate,1464200,753,45369,No,Yes,No,6,43,Yes
3414,45,Student,Married,Graduate,199093,750,140276,No,Yes,No,3,66,Yes
3415,43,Unemployed,Single,Graduate,1481146,689,127319,No,No,Yes,1,95,No
3416,32,Student,Married,Graduate,811028,614,84071,No,Yes,No,5,133,Yes
3417,27,Student,Married,Not Graduate,463746,788,179491,No,No,No,1,103,Yes
3418,34,Admin,Single,Graduate,384920,804,0,No,No,No,4,81,No
3419,48,Student,Married,Graduate,296256,742,83829,No,No,No,3,59,Yes
3420,45,Services,Married,Graduate,646980,689,0,Yes,No,No,3,62,No
3421,35,Services,Married,Not Graduate,1082496,467,0,Yes,Yes,No,1,90,No
3422,36,Retired,Married,Graduate,829666,632,15889,No,No,Yes,4,41,No
3423,35,Admin,Married,Graduate,1040735,634,192129,Yes,No,No,7,1,No
3424,47,Entrepreneur,Single,Graduate,438016,701,200521,Yes,Yes,Yes,4,1,Yes
3425,35,Entrepreneur,Married,Not Graduate,785599,701,0,No,No,No,4,154,No
3426,53,Management,Married,Graduate,682608,731,63461,No,No,No,4,113,No
3427,33,Retired,Married,Graduate,946587,553,8814,No,No,No,5,94,No
3428,37,Services,Single,Graduate,902745,783,83471,No,No,Yes,4,91,No
3429,46,Admin,Married,Graduate,475565,631,60583,No,No,No,4,92,No
3430,42,Student,Married,Graduate,421374,548,74046,Yes,No,No,1,88,No
3431,54,Technician,Single,Not Graduate,981754,689,102121,No,No,No,2,113,Yes
3432,25,Retired,Single,Graduate,513445,691,114842,No,No,Yes,3,29,No
3433,20,Management,Single,Graduate,649795,644,0,No,Yes,No,3,133,Yes
3434,38,Self-Employed,Married,Graduate,503467,814,24999,No,No,No,6,70,Yes
3435,56,Entrepreneur,Married,Not Graduate,735780,735,188125,No,No,No,6,141,No
3436,50,Student,Married,Not Graduate,382815,836,196276,No,No,Yes,5,73,No
3437,22,Technician,Single,Not Graduate,1380473,628,173267,No,No,Yes,4,1,No
3438,51,Services,Single,Not Graduate,321555,672,83471,Yes,No,No,5,108,Yes
3439,40,Student,Single,Not Graduate,1355315,774,14802,Yes,No,Yes,3,11,No
3440,45,Services,Married,Graduate,553107,710,199156,No,Yes,No,3,21,No
3441,24,Self-Employed,Divorced,Not Graduate,595479,492,115102,Yes,No,No,4,92,No
3442,32,Management,Married,Graduate,315784,735,83471,Yes,No,Yes,4,102,Yes
3443,20,Self-Employed,Single,Graduate,600208,661,19875,Yes,No,No,3,84,No
3444,36,Unemployed,Married,Graduate,368028,649,0,Yes,No,No,4,88,No
3445,37,Admin,Married,Not Graduate,685589,754,0,No,Yes,Yes,3,57,Yes
3446,22,Management,Married,Not Graduate,363365,791,0,Yes,No,Yes,4,20,Yes
3447,58,Student,Married,Graduate,380037,718,61837,Yes,No,No,2,76,No
3448,51,Student,Divorced,Graduate,919280,657,243821,No,No,No,4,134,No
3449,44,Self-Employed,Married,Not Graduate,855240,797,26360,No,No,No,3,7,Yes
3450,18,Student,Married,Graduate,1196066,713,116983,Yes,No,No,2,63,No
3451,45,Technician,Married,Graduate,346397,690,188302,Yes,No,No,7,136,No
3452,40,Services,Married,Not Graduate,708423,620,52831,No,No,Yes,4,144,No
3453,27,Unemployed,Married,Graduate,1712895,642,43060,Yes,No,No,5,82,No
3454,27,Self-Employed,Divorced,Not Graduate,790005,768,126238,No,No,No,6,152,No
3455,30,Admin,Married,Graduate,861987,580,324534,No,Yes,Yes,3,72,Yes
3456,52,Admin,Married,Graduate,261787,823,0,No,No,No,2,167,No
3457,25,Services,Married,Graduate,332318,663,60031,No,No,No,1,89,No
3458,47,Services,Single,Graduate,1241641,681,0,Yes,No,No,2,3,No
3459,47,Retired,Married,Graduate,781318,793,706,No,Yes,No,4,18,No
3460,50,Admin,Married,Not Graduate,834056,785,4103,No,No,Yes,3,1,No
3461,39,Student,Married,Graduate,481567,767,123135,No,No,Yes,2,53,Yes
3462,22,Entrepreneur,Married,Not Graduate,262876,528,116679,Yes,No,No,4,85,No
3463,30,Retired,Married,Graduate,343775,671,5159,No,Yes,Yes,6,139,No
3464,40,Self-Employed,Married,Graduate,243159,689,111299,No,No,No,1,67,Yes
3465,29,Management,Married,Not Graduate,727832,720,0,Yes,No,No,4,92,No
3466,29,Retired,Single,Graduate,576567,555,55837,No,No,No,4,121,No
3467,24,Admin,Married,Graduate,530449,709,0,No,No,No,4,24,No
3468,27,Management,Single,Graduate,249111,845,191593,Yes,No,No,1,89,Yes
3469,25,Self-Employed,Married,Graduate,361235,580,44604,No,Yes,Yes,2,125,No
3470,41,Technician,Divorced,Graduate,553107,684,89846,Yes,No,Yes,2,41,No
3472,36,Self-Employed,Married,Graduate,657909,638,135508,No,No,No,3,105,No
3473,37,Technician,Single,Graduate,248273,831,103557,No,Yes,No,8,64,Yes
3474,37,Entrepreneur,Married,Graduate,1811419,642,287625,Yes,No,No,3,60,No
3475,60,Retired,Divorced,Graduate,421631,637,0,Yes,No,No,2,73,No
3476,39,Admin,Married,Graduate,400252,595,0,Yes,Yes,No,1,113,No
3477,35,Entrepreneur,Single,Not Graduate,304756,676,72376,No,No,No,2,131,No
3478,35,Student,Married,Graduate,1017135,745,83471,Yes,No,No,3,41,No
3479,40,Entrepreneur,Married,Graduate,485020,623,0,No,No,No,5,154,No
3480,39,Admin,Married,Graduate,259170,672,0,Yes,No,Yes,2,75,No
3481,53,Student,Married,Graduate,2822557,718,181885,No,No,No,2,183,No
3482,55,Entrepreneur,Single,Not Graduate,608913,608,195002,No,No,Yes,1,67,No
3483,34,Admin,Married,Graduate,257741,571,198862,No,No,No,3,86,No
3484,19,Unemployed,Single,Graduate,401902,551,26427,No,No,No,3,151,No
3485,37,Services,Married,Graduate,687515,580,158249,Yes,No,Yes,2,161,Yes
3486,40,Technician,Married,Graduate,548242,605,77748,No,No,No,4,92,No
3487,25,Technician,Single,Graduate,304125,681,23644,Yes,Yes,No,5,49,Yes
3488,38,Technician,Married,Graduate,627382,752,95530,Yes,Yes,No,5,131,No
3489,25,Services,Married,Graduate,402847,687,185251,Yes,No,No,5,87,No
3490,20,Entrepreneur,Married,Not Graduate,756013,571,91125,Yes,No,Yes,4,1,No
3491,19,Management,Married,Graduate,739644,651,204948,Yes,No,Yes,4,93,Yes
3492,23,Unemployed,Divorced,Not Graduate,377669,521,54081,No,No,Yes,2,182,No
3493,57,Management,Single,Graduate,907789,719,310933,Yes,No,Yes,6,130,No
3494,48,Services,Married,Graduate,147346,548,120582,No,No,No,3,123,No
3495,31,Self-Employed,Single,Graduate,282800,513,646,Yes,No,No,2,112,No
3496,26,Retired,Married,Not Graduate,735103,600,119298,Yes,No,Yes,3,1,No
3497,44,Admin,Single,Not Graduate,618362,777,0,No,No,No,6,46,No
3498,31,Entrepreneur,Divorced,Graduate,484537,725,50843,Yes,No,No,3,87,No
3499,45,Technician,Married,Graduate,319448,742,0,Yes,No,No,2,63,Yes
3500,52,Services,Married,Not Graduate,1646481,679,0,No,No,No,2,139,No
3501,35,Retired,Married,Graduate,288987,785,2628,No,No,Yes,3,123,Yes
3502,31,Admin,Married,Not Graduate,533660,733,102683,No,No,No,1,23,No
3503,33,Management,Married,Not Graduate,1621815,691,0,No,No,Yes,3,189,Yes
3504,47,Services,Married,Not Graduate,380192,749,0,No,No,No,2,43,No
3505,55,Student,Married,Graduate,299032,679,68662,No,No,No,1,54,No
3506,40,Technician,Married,Graduate,505068,653,135578,Yes,No,Yes,7,44,Yes
3507,42,Entrepreneur,Single,Not Graduate,432310,761,0,No,Yes,No,5,1,No
3508,47,Management,Married,Graduate,402112,714,630,Yes,No,No,4,16,Yes
3509,58,Technician,Single,Graduate,708791,746,137011,No,No,No,4,108,No
3510,46,Student,Married,Graduate,684744,642,109813,Yes,No,No,6,1,Yes
3511,41,Technician,Single,Graduate,1050628,680,0,Yes,No,No,1,1,No
3512,40,Self-Employed,Married,Not Graduate,992468,707,154963,No,Yes,No,5,104,Yes
3513,28,Retired,Single,Graduate,541305,690,83375,No,No,No,3,9,No
3514,44,Services,Divorced,Not Graduate,792558,593,47834,Yes,Yes,Yes,2,90,No
3515,40,Management,Married,Graduate,176793,683,93180,Yes,No,No,3,1,No
3516,42,Entrepreneur,Single,Graduate,2057362,655,0,Yes,No,Yes,3,71,Yes
3517,26,Entrepreneur,Married,Graduate,1591906,751,52111,Yes,Yes,No,3,51,No
3518,35,Services,Divorced,Not Graduate,709028,762,0,No,No,No,4,40,Yes
3519,51,Management,Married,Graduate,498358,769,153467,Yes,No,No,1,113,Yes
3520,57,Technician,Single,Graduate,756968,681,56708,Yes,No,No,4,26,Yes
3521,33,Management,Single,Graduate,624000,611,0,Yes,No,No,7,104,No
3522,39,Retired,Married,Graduate,524757,654,18733,No,Yes,No,4,24,No
3523,18,Retired,Married,Graduate,769233,689,146929,No,No,No,2,44,Yes
3524,41,Management,Married,Graduate,512609,633,256321,Yes,No,Yes,2,18,Yes
3525,50,Retired,Married,Not Graduate,993501,757,72836,No,No,No,4,17,No
3526,36,Services,Married,Graduate,1858156,701,34164,No,No,No,3,200,Yes
3527,30,Unemployed,Single,Not Graduate,639106,642,11022,No,Yes,No,2,67,No
3528,38,Unemployed,Married,Graduate,685780,618,0,Yes,No,No,4,76,Yes
3529,35,Student,Single,Graduate,1120953,682,143558,Yes,No,No,2,73,No
3530,46,Retired,Divorced,Not Graduate,433052,647,270814,No,No,No,2,142,Yes
3531,22,Retired,Married,Graduate,696248,627,0,No,No,No,6,1,No
3532,33,Unemployed,Married,Graduate,484112,620,89660,Yes,No,No,1,73,No
3533,66,Technician,Divorced,Graduate,520061,548,100485,No,No,No,5,1,No
3534,35,Self-Employed,Married,Graduate,279218,655,0,Yes,No,Yes,3,134,No
3535,35,Entrepreneur,Divorced,Graduate,586546,684,51540,Yes,No,No,3,51,No
3536,41,Unemployed,Married,Graduate,288094,719,87325,No,No,No,3,61,No
3537,30,Services,Married,Not Graduate,865431,809,83471,Yes,Yes,No,3,103,Yes
3538,42,Self-Employed,Married,Graduate,507341,663,102161,No,Yes,No,5,101,No
3539,34,Admin,Married,Graduate,789932,724,0,Yes,No,Yes,3,115,No
3540,39,Retired,Divorced,Not Graduate,626373,841,20282,Yes,No,No,4,107,No
3541,18,Retired,Married,Graduate,698710,705,162033,Yes,No,No,2,87,Yes
3542,62,Entrepreneur,Married,Graduate,364612,628,127707,No,No,No,4,30,No
3543,31,Admin,Married,Graduate,821104,741,215334,No,No,Yes,2,78,Yes
3544,30,Technician,Married,Graduate,1273520,722,0,No,No,Yes,2,31,No
3545,42,Self-Employed,Single,Graduate,268348,787,58621,Yes,Yes,No,7,98,No
3546,41,Entrepreneur,Single,Graduate,239308,625,111109,No,No,No,8,54,No
3547,45,Management,Single,Graduate,447868,497,142909,No,No,No,2,117,No
3548,37,Retired,Married,Graduate,436116,680,0,Yes,No,Yes,2,1,No
3549,43,Retired,Married,Graduate,978783,545,72552,Yes,No,Yes,5,55,Yes
3550,60,Services,Single,Graduate,799999,641,106318,No,No,No,2,41,No
3551,29,Admin,Single,Graduate,570957,697,0,No,No,No,2,69,No
3552,40,Services,Single,Not Graduate,2127082,638,0,No,No,No,4,111,No
3553,28,Admin,Married,Not Graduate,221458,742,65131,Yes,No,Yes,4,73,No
3554,25,Unemployed,Married,Not Graduate,298985,683,161001,No,No,No,3,55,Yes
3555,35,Services,Married,Graduate,841212,612,15612,No,No,No,1,128,No
3556,37,Retired,Married,Graduate,643641,597,185792,Yes,Yes,No,4,81,No
3557,45,Student,Married,Graduate,564298,637,98666,Yes,No,Yes,6,24,No
3558,39,Technician,Married,Graduate,591395,680,0,Yes,No,No,5,79,No
3559,47,Unemployed,Single,Graduate,618551,730,16438,Yes,No,No,3,163,No
3560,46,Entrepreneur,Married,Graduate,787239,643,0,No,No,No,6,31,Yes
3561,40,Unemployed,Single,Graduate,707644,647,0,No,Yes,No,1,38,No
3562,56,Entrepreneur,Married,Graduate,847871,621,47918,No,No,No,1,112,No
3563,28,Student,Single,Graduate,787743,651,58233,No,No,Yes,3,33,No
3564,46,Services,Single,Graduate,959694,604,126052,No,No,No,5,6,Yes
3565,39,Services,Married,Graduate,671165,662,61203,Yes,No,No,5,45,No
3566,39,Management,Single,Not Graduate,374710,780,71374,Yes,Yes,No,2,94,No
3567,57,Retired,Single,Graduate,711380,682,32252,Yes,No,No,5,63,No
3568,21,Self-Employed,Married,Graduate,836652,683,73860,Yes,No,No,4,91,No
3569,39,Entrepreneur,Divorced,Graduate,251881,695,137262,No,No,No,3,91,No
3570,47,Admin,Single,Not Graduate,413136,775,53314,No,No,Yes,5,78,Yes
3571,33,Retired,Married,Graduate,376120,554,160425,No,No,Yes,3,20,No
3572,48,Self-Employed,Married,Graduate,232851,660,186030,No,No,No,3,16,No
3573,38,Student,Single,Graduate,273491,802,80738,No,No,No,2,141,Yes
3574,58,Technician,Married,Graduate,553107,676,45352,No,No,No,3,99,No
3575,51,Entrepreneur,Single,Not Graduate,553107,768,41962,Yes,No,No,4,52,Yes
3576,21,Retired,Married,Graduate,365818,736,127404,No,No,No,5,97,Yes
3577,41,Entrepreneur,Married,Graduate,149045,743,0,Yes,No,No,5,45,Yes
3578,38,Self-Employed,Single,Graduate,298719,680,147583,Yes,No,Yes,2,73,No
3579,44,Management,Married,Graduate,801013,630,148601,No,No,No,1,10,No
3580,48,Unemployed,Married,Graduate,1416109,595,52470,Yes,No,No,2,96,No
3581,35,Services,Single,Graduate,583348,528,83469,No,No,No,4,95,No
3582,34,Student,Single,Not Graduate,737612,712,53374,No,No,No,6,129,No
3583,41,Retired,Married,Not Graduate,479176,624,186018,Yes,No,Yes,1,109,Yes
3584,49,Entrepreneur,Married,Graduate,1021150,668,246248,Yes,No,No,7,94,Yes
3585,52,Admin,Married,Graduate,382353,609,140132,Yes,No,Yes,5,90,No
3586,53,Unemployed,Married,Graduate,168325,710,7772,Yes,No,No,3,38,No
3587,33,Management,Divorced,Graduate,150732,715,94958,No,No,Yes,4,63,Yes
3588,35,Admin,Married,Not Graduate,457810,751,139995,Yes,No,No,5,134,No
3589,43,Student,Single,Graduate,530520,696,62220,Yes,No,No,4,131,No
3590,19,Retired,Married,Graduate,856572,636,171428,No,Yes,No,5,141,Yes
3591,50,Admin,Single,Not Graduate,727101,743,25722,Yes,No,No,3,37,Yes
3592,53,Unemployed,Married,Graduate,373642,701,57439,Yes,No,Yes,4,68,No
3593,41,Technician,Single,Graduate,716649,850,25302,No,No,No,4,84,No
3594,47,Unemployed,Married,Not Graduate,497892,656,0,Yes,No,No,2,73,No
3595,46,Services,Married,Graduate,311739,617,285962,No,No,No,6,113,No
3596,25,Technician,Single,Graduate,3184130,682,83471,Yes,No,No,1,118,Yes
3597,33,Services,Married,Graduate,421826,621,114350,Yes,No,No,1,158,No
3598,55,Entrepreneur,Single,Graduate,424653,805,226010,Yes,No,No,2,96,Yes
3599,33,Self-Employed,Married,Graduate,553107,836,7567,No,No,Yes,2,103,No
3600,42,Admin,Married,Graduate,586781,563,140367,No,No,No,4,183,No
3601,33,Admin,Single,Graduate,357210,550,190185,No,No,No,5,110,No
3602,40,Self-Employed,Married,Graduate,818326,652,284551,No,No,Yes,1,148,Yes
3603,33,Technician,Married,Graduate,553107,580,204221,No,No,Yes,3,1,No
3604,35,Services,Married,Graduate,885591,641,0,No,No,Yes,4,79,No
3605,41,Admin,Single,Graduate,351867,744,85568,No,No,No,4,52,No
3606,42,Unemployed,Single,Graduate,646352,845,12243,No,No,No,2,136,Yes
3607,39,Retired,Married,Graduate,522025,749,57820,No,No,No,4,132,No
3608,46,Entrepreneur,Single,Graduate,302346,660,245948,No,No,No,1,45,Yes
3609,39,Retired,Single,Graduate,243248,685,163166,Yes,No,Yes,4,65,Yes
3610,40,Management,Single,Not Graduate,300520,654,41503,No,No,No,6,32,Yes
3611,18,Services,Single,Graduate,519033,655,83471,No,No,No,2,96,Yes
3612,48,Unemployed,Married,Graduate,1093602,612,1292,No,No,Yes,2,70,Yes
3613,23,Unemployed,Divorced,Graduate,836059,684,83471,No,No,No,3,11,No
3614,56,Self-Employed,Divorced,Not Graduate,553107,589,76311,No,No,No,2,37,No
3615,24,Entrepreneur,Married,Graduate,168829,709,83471,No,No,No,6,1,No
3616,39,Technician,Married,Graduate,338252,622,59488,Yes,No,No,4,72,No
3617,58,Retired,Married,Not Graduate,466426,689,101332,Yes,No,No,4,161,No
3618,46,Student,Single,Graduate,350006,643,52860,Yes,No,Yes,5,56,No
3619,39,Self-Employed,Married,Graduate,577983,580,31992,Yes,Yes,Yes,2,40,No
3620,24,Student,Married,Graduate,545003,714,0,No,No,Yes,1,1,Yes
3621,47,Admin,Single,Graduate,643231,560,101377,Yes,No,No,2,97,No
3622,37,Unemployed,Married,Graduate,613125,689,74487,No,Yes,Yes,4,72,No
3623,21,Management,Single,Not Graduate,1660472,696,124557,Yes,No,No,1,68,No
3624,45,Retired,Divorced,Graduate,431868,689,800,Yes,Yes,No,5,127,No
3625,44,Services,Married,Not Graduate,442935,680,126872,No,Yes,No,3,24,No
3626,50,Self-Employed,Single,Not Graduate,554512,659,0,No,No,No,3,151,No
3627,54,Self-Employed,Married,Not Graduate,417282,696,0,No,No,No,6,58,Yes
3628,50,Technician,Single,Graduate,545095,584,80525,No,No,Yes,3,53,No
3629,57,Admin,Married,Graduate,661849,566,92438,No,No,No,6,39,No
3630,37,Self-Employed,Single,Not Graduate,889556,705,16360,Yes,No,No,5,76,No
3631,39,Student,Married,Not Graduate,716010,615,0,No,No,Yes,3,81,No
3632,22,Admin,Married,Graduate,302665,747,194304,No,No,No,1,84,Yes
3633,47,Student,Married,Graduate,235094,767,109270,No,No,Yes,2,78,Yes
3634,61,Entrepreneur,Married,Not Graduate,1598069,639,0,No,Yes,No,4,72,No
3635,47,Unemployed,Married,Graduate,758973,684,82235,No,No,No,3,128,No
3636,39,Admin,Married,Graduate,706113,759,117194,No,Yes,No,5,197,Yes
3637,32,Retired,Married,Not Graduate,986438,689,24577,No,Yes,No,1,108,No
3638,46,Unemployed,Single,Graduate,759437,739,198062,Yes,No,Yes,6,90,Yes
3639,45,Student,Single,Graduate,667139,682,128798,Yes,No,No,3,46,No
3640,55,Unemployed,Single,Graduate,570581,617,0,Yes,No,Yes,3,68,No
3641,33,Unemployed,Married,Not Graduate,589781,585,61436,No,No,No,4,96,No
3642,43,Entrepreneur,Single,Graduate,237122,533,233799,No,No,Yes,1,102,No
3643,58,Self-Employed,Married,Graduate,697210,671,167613,No,No,Yes,3,37,No
3644,27,Technician,Married,Not Graduate,362478,695,81379,No,No,No,1,103,No
3645,53,Student,Married,Not Graduate,694351,664,59966,Yes,No,No,5,67,No
3646,34,Entrepreneur,Married,Graduate,1147580,689,57450,Yes,Yes,Yes,2,48,Yes
3647,58,Entrepreneur,Divorced,Graduate,635897,664,75849,No,No,Yes,4,98,Yes
3648,48,Entrepreneur,Single,Not Graduate,481614,661,63324,Yes,No,Yes,2,17,No
3649,35,Unemployed,Married,Graduate,658261,769,91374,No,Yes,No,3,101,No
3650,38,Services,Married,Graduate,910844,736,95346,Yes,No,Yes,2,98,No
3651,32,Services,Married,Graduate,971541,624,114594,Yes,No,Yes,1,105,No
3652,28,Student,Married,Graduate,623962,663,0,Yes,Yes,No,1,41,No
3653,40,Retired,Married,Not Graduate,989308,700,17302,No,No,Yes,5,47,Yes
3654,36,Admin,Married,Not Graduate,434810,668,179001,No,Yes,No,3,134,No
3655,65,Admin,Single,Not Graduate,168899,553,920,Yes,Yes,No,2,69,No
3656,18,Services,Married,Graduate,430884,815,97609,No,No,No,4,81,Yes
3657,59,Admin,Single,Graduate,265178,699,177599,Yes,No,No,5,53,Yes
3658,41,Retired,Married,Graduate,324663,621,192111,Yes,No,Yes,3,58,Yes
3659,54,Technician,Single,Not Graduate,1177638,681,27326,No,No,Yes,2,37,No
3660,55,Unemployed,Married,Not Graduate,632432,604,86335,Yes,No,No,3,50,No
3661,47,Technician,Married,Graduate,618565,593,183768,Yes,No,No,4,142,No
3662,34,Technician,Married,Not Graduate,322742,839,144134,Yes,No,No,1,69,Yes
3663,61,Unemployed,Divorced,Graduate,389306,735,178750,No,No,Yes,3,66,No
3664,39,Unemployed,Married,Graduate,497728,704,358513,No,Yes,Yes,3,126,Yes
3665,52,Unemployed,Married,Graduate,473868,772,0,Yes,No,No,1,103,Yes
3666,30,Management,Married,Graduate,930547,691,253596,Yes,No,No,3,98,No
3667,39,Unemployed,Married,Graduate,363567,765,191236,No,No,No,3,88,No
3668,26,Services,Married,Graduate,791050,661,44306,Yes,No,Yes,1,74,No
3669,27,Self-Employed,Single,Graduate,523971,699,167087,No,No,No,6,56,No
3670,29,Management,Single,Not Graduate,367222,665,238146,Yes,No,Yes,3,68,Yes
3671,26,Admin,Single,Graduate,619166,709,93308,No,No,No,4,79,No
3672,43,Unemployed,Married,Not Graduate,399675,763,104728,Yes,No,No,3,53,Yes
3673,43,Services,Single,Graduate,706234,554,77857,Yes,No,Yes,3,7,No
3674,28,Services,Married,Not Graduate,370662,710,129828,Yes,No,Yes,3,83,No
3675,37,Services,Married,Graduate,877703,682,0,No,No,No,1,82,Yes
3676,44,Self-Employed,Married,Graduate,433977,659,90683,Yes,No,No,3,50,Yes
3677,62,Retired,Married,Not Graduate,880871,563,37182,Yes,No,No,3,17,No
3678,42,Retired,Married,Graduate,831006,647,0,No,No,Yes,3,35,Yes
3679,47,Student,Divorced,Not Graduate,219557,710,83471,No,Yes,No,1,73,No
3680,42,Retired,Single,Graduate,602339,607,27228,Yes,No,Yes,2,23,No
3681,45,Services,Married,Graduate,1088823,641,0,Yes,Yes,No,5,82,No
3682,18,Management,Married,Graduate,501299,669,0,Yes,No,No,3,38,No
3683,34,Technician,Married,Graduate,490788,714,13018,Yes,No,Yes,2,61,No
3684,31,Student,Married,Not Graduate,248779,759,0,Yes,No,No,3,26,No
3685,35,Entrepreneur,Single,Not Graduate,620579,739,123001,No,No,No,3,57,No
3686,34,Retired,Single,Not Graduate,588840,618,104289,No,No,No,3,105,Yes
3687,32,Unemployed,Married,Graduate,330917,624,31839,No,No,No,3,102,No
3688,40,Self-Employed,Married,Graduate,340358,650,0,No,No,No,3,124,No
3689,66,Student,Married,Not Graduate,514340,706,0,No,No,Yes,3,85,Yes
3690,32,Self-Employed,Single,Graduate,2121519,638,254333,No,No,No,2,72,Yes
3691,18,Technician,Married,Graduate,751187,504,0,No,No,No,5,6,No
3692,26,Self-Employed,Married,Graduate,1524614,747,136985,Yes,Yes,No,2,99,Yes
3693,48,Student,Married,Not Graduate,347577,679,40023,Yes,No,No,7,23,No
3694,48,Student,Married,Not Graduate,517795,710,41539,No,No,No,4,1,No
3695,50,Technician,Divorced,Graduate,748027,708,136973,Yes,No,No,3,17,Yes
3696,27,Management,Married,Graduate,1170113,733,24903,Yes,No,Yes,3,174,Yes
3697,40,Student,Single,Graduate,263919,761,83471,Yes,Yes,No,1,94,Yes
3698,54,Management,Married,Graduate,359060,689,132946,Yes,No,Yes,2,95,No
3699,29,Self-Employed,Single,Not Graduate,1188784,691,122152,No,No,Yes,4,136,No
3701,39,Technician,Married,Not Graduate,593376,625,54441,Yes,No,Yes,2,38,No
3702,45,Entrepreneur,Divorced,Not Graduate,553107,697,219097,Yes,No,Yes,2,46,Yes
3703,39,Management,Single,Not Graduate,552942,647,3076,No,No,No,2,42,Yes
3704,26,Retired,Divorced,Graduate,938294,703,0,No,No,Yes,3,163,Yes
3705,26,Retired,Married,Graduate,671044,657,13337,Yes,No,Yes,3,85,No
3706,30,Unemployed,Single,Graduate,624272,674,278770,Yes,No,No,2,18,Yes
3707,39,Student,Single,Not Graduate,941205,748,21823,Yes,No,Yes,3,121,No
3708,42,Management,Married,Graduate,802394,726,60006,No,No,No,2,59,No
3709,44,Unemployed,Married,Graduate,210072,744,46249,No,No,Yes,3,28,Yes
3710,42,Services,Divorced,Not Graduate,419598,659,53984,Yes,No,No,2,1,No
3711,35,Retired,Married,Graduate,638231,703,161826,Yes,No,No,3,70,No
3712,45,Services,Married,Graduate,357509,631,0,Yes,No,No,2,105,Yes
3713,37,Entrepreneur,Married,Not Graduate,285836,730,0,No,No,Yes,4,109,No
3714,52,Admin,Married,Graduate,131332,643,250962,Yes,No,No,2,13,Yes
3715,32,Retired,Married,Graduate,336985,699,70694,No,No,No,2,56,No
3716,28,Services,Married,Graduate,587112,681,61735,Yes,Yes,No,4,111,No
3717,39,Entrepreneur,Single,Graduate,1124894,622,0,Yes,No,No,2,34,No
3718,29,Services,Married,Graduate,748722,741,66381,No,No,Yes,1,73,No
3719,21,Student,Divorced,Graduate,338402,793,197685,Yes,No,No,7,66,No
3720,57,Technician,Married,Not Graduate,326346,755,0,Yes,No,Yes,3,41,No
3721,51,Unemployed,Married,Graduate,198985,791,0,No,No,No,3,20,No
3722,41,Entrepreneur,Single,Not Graduate,308698,585,293495,Yes,No,No,4,96,No
3723,68,Management,Married,Graduate,544622,631,0,No,No,Yes,2,79,No
3724,50,Admin,Married,Graduate,1010047,850,135591,Yes,No,Yes,5,118,Yes
3725,39,Technician,Married,Not Graduate,377606,699,119370,No,No,Yes,5,98,No
3726,38,Unemployed,Married,Not Graduate,365776,601,70835,No,No,No,5,109,No
3727,30,Retired,Married,Graduate,284631,634,290661,Yes,No,No,4,75,No
3728,56,Entrepreneur,Single,Not Graduate,380695,766,145602,Yes,No,No,2,53,Yes
3729,36,Self-Employed,Divorced,Not Graduate,263111,637,45315,No,Yes,No,3,9,No
3730,45,Admin,Single,Graduate,1194743,556,117090,No,No,Yes,5,148,No
3731,37,Admin,Divorced,Graduate,553107,731,99253,Yes,Yes,Yes,2,112,No
3732,41,Management,Single,Not Graduate,397384,644,78916,Yes,No,No,4,120,No
3733,45,Management,Married,Not Graduate,471868,843,148066,No,No,No,6,51,No
3734,57,Entrepreneur,Married,Graduate,722573,726,311114,No,No,Yes,2,69,No
3735,39,Entrepreneur,Single,Graduate,487356,625,202165,No,Yes,No,4,34,No
3736,41,Self-Employed,Married,Not Graduate,594262,775,216934,No,No,No,5,91,Yes
3737,41,Services,Married,Not Graduate,829663,766,29122,Yes,No,Yes,3,58,No
3738,40,Management,Married,Graduate,497691,702,26616,Yes,Yes,No,1,139,Yes
3739,43,Self-Employed,Married,Graduate,335152,742,243608,No,No,No,2,1,Yes
3740,26,Entrepreneur,Single,Not Graduate,628861,665,145324,Yes,No,No,4,1,Yes
3741,39,Unemployed,Married,Graduate,1257646,689,135213,No,No,No,3,40,Yes
3742,30,Admin,Divorced,Graduate,315342,662,98554,No,No,No,3,11,No
3743,51,Technician,Married,Graduate,654825,649,100796,No,No,Yes,1,125,No
3744,35,Student,Married,Graduate,288470,639,142155,No,No,Yes,6,59,No
3745,24,Services,Married,Not Graduate,232702,738,119341,No,No,Yes,4,103,No
3746,35,Retired,Divorced,Graduate,161853,714,83471,No,No,Yes,4,17,No
3747,25,Self-Employed,Married,Not Graduate,355191,641,213424,No,No,No,3,44,No
3748,36,Retired,Single,Graduate,1244305,688,112694,No,No,No,2,27,Yes
3749,51,Self-Employed,Married,Graduate,1289077,751,131265,No,No,No,2,1,No
3750,31,Technician,Single,Not Graduate,739957,734,142327,Yes,No,No,1,76,Yes
3751,46,Self-Employed,Divorced,Not Graduate,696890,649,0,No,No,No,6,66,Yes
3752,69,Entrepreneur,Married,Not Graduate,253396,588,32047,No,No,No,4,44,No
3753,41,Student,Single,Graduate,553107,709,35149,No,Yes,Yes,5,17,No
3754,33,Technician,Married,Graduate,402691,702,40454,No,No,No,2,133,Yes
3755,30,Entrepreneur,Married,Graduate,635472,766,48251,Yes,No,No,6,80,No
3756,56,Admin,Single,Graduate,408159,717,0,No,No,Yes,3,100,No
3757,35,Technician,Married,Graduate,1974227,674,92796,Yes,Yes,Yes,3,73,Yes
3758,40,Admin,Married,Graduate,760588,691,17791,No,No,Yes,3,24,No
3759,39,Services,Married,Graduate,508277,747,146307,Yes,No,Yes,1,50,Yes
3760,36,Management,Single,Graduate,1320598,534,157815,Yes,Yes,No,3,84,No
3761,56,Management,Married,Graduate,514950,709,17394,No,No,No,2,1,No
3762,45,Self-Employed,Divorced,Graduate,363675,719,75461,Yes,No,No,4,50,Yes
3763,29,Admin,Single,Not Graduate,878487,630,125721,No,No,Yes,4,63,No
3764,36,Retired,Married,Graduate,359028,724,187869,No,No,No,3,1,No
3765,53,Self-Employed,Married,Not Graduate,1033541,560,179776,Yes,No,Yes,3,85,No
3766,59,Entrepreneur,Single,Not Graduate,442079,705,0,No,No,No,3,1,No
3767,59,Admin,Single,Graduate,1146569,689,194699,No,No,No,3,50,No
3768,43,Admin,Married,Graduate,171487,632,152055,No,No,No,3,40,No
3769,32,Student,Married,Not Graduate,296362,699,278191,No,No,No,4,60,No
3770,40,Management,Single,Graduate,2941543,777,128093,Yes,No,Yes,4,121,Yes
3771,47,Entrepreneur,Divorced,Graduate,729255,656,0,Yes,No,Yes,6,22,No
3772,27,Self-Employed,Married,Not Graduate,900701,676,0,Yes,No,No,3,168,No
3773,26,Unemployed,Married,Not Graduate,622996,784,125372,Yes,No,Yes,3,1,No
3774,39,Entrepreneur,Married,Graduate,1382601,758,254405,Yes,Yes,No,3,142,Yes
3776,29,Student,Married,Graduate,1038496,788,0,No,No,No,2,90,Yes
3777,20,Unemployed,Married,Graduate,445637,612,79278,No,Yes,No,6,82,No
3778,28,Retired,Married,Graduate,1395102,724,0,No,No,No,2,1,No
3779,30,Student,Single,Graduate,851913,626,74587,Yes,No,Yes,3,126,No
3780,40,Unemployed,Single,Graduate,547106,618,108342,No,No,No,3,4,No
3781,31,Entrepreneur,Single,Not Graduate,197935,668,0,Yes,No,No,3,41,No
3782,39,Admin,Single,Graduate,689684,644,96512,No,No,No,2,57,No
3783,39,Entrepreneur,Divorced,Graduate,816068,720,0,Yes,No,Yes,7,13,Yes
3784,30,Admin,Divorced,Graduate,418236,620,129783,Yes,No,No,4,110,No
3785,49,Retired,Single,Graduate,609253,782,274484,No,No,No,3,86,Yes
3786,32,Admin,Married,Graduate,1073006,683,5845,No,No,No,3,78,Yes
3787,43,Self-Employed,Married,Graduate,300287,788,120529,No,No,No,1,45,Yes
3788,27,Self-Employed,Married,Not Graduate,513922,678,0,Yes,No,No,5,79,No
3789,25,Admin,Married,Graduate,871370,637,80994,No,Yes,No,2,91,No
3790,18,Technician,Married,Graduate,815318,598,83258,No,Yes,No,2,165,No
3791,39,Entrepreneur,Married,Graduate,183690,748,85094,Yes,No,No,3,73,Yes
3792,24,Admin,Single,Graduate,540034,793,56325,No,No,No,4,1,Yes
3793,33,Management,Married,Graduate,799268,719,125712,Yes,No,No,2,41,Yes
3794,30,Technician,Married,Graduate,508761,676,255745,No,No,No,2,15,No
3795,43,Retired,Married,Not Graduate,618672,592,25382,Yes,No,Yes,5,127,No
3796,55,Retired,Married,Not Graduate,546267,679,122587,No,No,No,5,123,No
3797,47,Unemployed,Married,Graduate,576985,689,85533,No,No,No,7,127,No
3798,26,Technician,Single,Graduate,678884,716,104574,Yes,No,No,2,71,Yes
3799,20,Admin,Married,Graduate,409619,596,220609,No,No,Yes,4,49,No
3800,34,Student,Married,Graduate,455675,771,195646,No,No,Yes,4,74,Yes
3801,32,Student,Married,Not Graduate,395237,648,73920,No,No,Yes,3,1,No
3802,56,Admin,Divorced,Not Graduate,469096,738,125302,Yes,No,No,2,33,Yes
3803,25,Unemployed,Divorced,Graduate,517306,585,62023,Yes,No,No,4,17,No
3804,47,Entrepreneur,Divorced,Not Graduate,286715,669,86302,Yes,No,Yes,7,1,No
3805,31,Admin,Married,Graduate,511616,715,16754,No,Yes,No,2,56,No
3806,32,Student,Single,Graduate,862832,731,40289,Yes,No,No,3,124,No
3807,48,Admin,Single,Graduate,565869,786,255623,Yes,No,No,5,123,No
3808,30,Technician,Married,Graduate,220880,650,83471,Yes,No,No,5,118,No
3809,45,Self-Employed,Married,Graduate,895400,718,141394,No,No,No,4,98,Yes
3810,28,Retired,Married,Graduate,1036940,629,0,No,No,Yes,2,1,Yes
3811,26,Services,Married,Not Graduate,457335,806,83166,No,No,Yes,3,65,No
3812,45,Technician,Married,Graduate,455029,643,96167,No,No,No,1,43,Yes
3813,39,Management,Divorced,Graduate,1063975,767,50933,No,Yes,Yes,5,83,Yes
3814,23,Student,Married,Not Graduate,553107,714,16977,Yes,No,No,4,165,Yes
3815,41,Admin,Married,Graduate,295472,745,107390,No,No,No,1,61,Yes
3816,34,Unemployed,Single,Graduate,902857,743,25266,No,No,No,3,73,Yes
3817,69,Unemployed,Single,Graduate,530873,618,0,Yes,Yes,No,4,10,No
3819,56,Entrepreneur,Married,Not Graduate,564273,685,0,Yes,No,No,2,74,No
3821,46,Retired,Married,Not Graduate,2957540,623,76501,Yes,Yes,No,5,37,No
3822,40,Entrepreneur,Married,Graduate,278553,662,139970,No,No,Yes,2,1,No
3823,37,Student,Married,Graduate,400707,596,97984,Yes,No,No,5,73,No
3824,36,Student,Married,Graduate,232110,627,0,Yes,No,Yes,3,1,Yes
3825,43,Services,Married,Not Graduate,455378,640,197525,No,No,No,4,31,Yes
3826,47,Technician,Divorced,Not Graduate,595464,716,78772,Yes,No,Yes,2,11,No
3827,31,Self-Employed,Married,Graduate,985760,649,29747,No,No,No,4,89,No
3828,37,Admin,Married,Graduate,266378,668,175223,Yes,No,No,9,100,Yes
3829,43,Retired,Single,Graduate,849080,709,0,No,Yes,Yes,4,22,No
3830,30,Management,Married,Graduate,599444,491,44291,Yes,No,No,2,131,No
3831,28,Unemployed,Married,Not Graduate,1315642,657,80381,Yes,No,No,1,1,No
3832,32,Management,Married,Graduate,707387,691,132499,Yes,No,No,5,16,No
3833,24,Services,Married,Not Graduate,1005446,641,0,Yes,Yes,No,6,40,No
3834,37,Self-Employed,Married,Graduate,513608,702,129630,No,No,No,3,63,No
3835,44,Self-Employed,Single,Graduate,241081,689,158823,Yes,No,No,7,99,No
3836,43,Management,Married,Not Graduate,286873,740,65006,No,Yes,No,2,94,Yes
3837,28,Self-Employed,Married,Not Graduate,232632,675,0,Yes,Yes,No,5,73,No
3838,40,Technician,Married,Graduate,383626,704,0,Yes,No,Yes,2,132,No
3839,51,Services,Married,Graduate,840219,559,151861,Yes,No,No,2,135,No
3840,32,Retired,Married,Graduate,416086,769,169072,No,No,No,5,73,Yes
3841,62,Entrepreneur,Single,Graduate,327024,761,107194,No,No,Yes,3,94,No
3842,35,Services,Married,Graduate,445609,642,0,Yes,No,No,5,85,No
3843,32,Management,Married,Graduate,296483,675,0,No,No,No,3,62,No
3844,26,Technician,Single,Graduate,449112,784,34430,No,No,No,2,12,No
3845,38,Management,Single,Graduate,545625,779,0,No,No,Yes,4,57,Yes
3846,54,Retired,Married,Graduate,703648,775,64425,No,No,No,4,181,Yes
3847,56,Student,Married,Graduate,523742,671,77757,No,No,No,1,62,No
3848,65,Technician,Married,Graduate,736082,664,0,Yes,No,No,5,132,Yes
3849,47,Services,Married,Not Graduate,532509,577,16739,No,No,No,2,73,No
3850,42,Services,Married,Not Graduate,727871,629,72650,No,No,Yes,5,111,No
3851,29,Retired,Divorced,Not Graduate,1272588,577,115162,No,No,Yes,3,72,No
3852,27,Retired,Married,Graduate,1009900,660,0,Yes,Yes,No,6,49,No
3853,32,Management,Married,Graduate,668691,816,5267,Yes,No,No,3,1,No
3854,39,Admin,Married,Graduate,120000,587,0,Yes,No,Yes,2,10,No
3855,31,Admin,Married,Graduate,670400,791,153029,Yes,No,No,2,21,Yes
3856,50,Entrepreneur,Married,Not Graduate,595116,656,136311,Yes,No,No,6,10,No
3857,42,Admin,Single,Graduate,484953,797,66264,Yes,No,No,2,125,Yes
3858,58,Retired,Married,Not Graduate,351701,657,4642,No,No,No,4,87,No
3859,36,Retired,Married,Graduate,581404,642,132048,No,No,No,5,92,No
3860,22,Entrepreneur,Divorced,Not Graduate,411106,587,105007,Yes,No,No,3,75,No
3861,40,Admin,Married,Not Graduate,802762,615,0,No,No,Yes,2,58,No
3862,54,Student,Married,Graduate,342115,678,83471,Yes,No,No,2,44,No
3863,24,Admin,Single,Graduate,145554,732,154574,No,No,No,1,54,Yes
3864,59,Self-Employed,Married,Graduate,606014,793,179557,Yes,Yes,No,3,1,Yes
3865,50,Unemployed,Married,Graduate,664665,720,0,No,No,No,3,143,Yes
3866,35,Admin,Married,Graduate,553107,677,64892,No,No,No,5,112,No
3867,38,Admin,Married,Graduate,203794,724,133836,Yes,No,No,5,84,No
3868,37,Technician,Divorced,Graduate,498341,723,172996,Yes,Yes,Yes,1,3,No
3869,39,Services,Single,Graduate,330455,770,149879,Yes,No,No,3,65,Yes
3870,39,Admin,Married,Not Graduate,693493,750,100121,No,No,No,3,84,Yes
3871,36,Admin,Married,Graduate,438749,578,59128,No,Yes,No,3,5,No
3872,29,Management,Married,Not Graduate,577150,725,106827,No,No,No,6,88,Yes
3873,50,Entrepreneur,Married,Graduate,602579,769,40255,No,No,No,5,43,No
3874,39,Services,Married,Graduate,347060,637,169771,Yes,Yes,Yes,2,59,No
3875,36,Management,Single,Graduate,596329,742,15482,Yes,No,No,5,64,No
3876,38,Entrepreneur,Divorced,Not Graduate,960319,678,163535,No,Yes,No,4,32,No
3877,28,Technician,Married,Not Graduate,463115,728,60657,Yes,No,No,4,95,No
3878,39,Self-Employed,Married,Not Graduate,634721,769,34411,No,No,No,2,176,Yes
3879,40,Management,Married,Graduate,486034,706,27155,Yes,No,No,2,64,No
3880,36,Management,Married,Not Graduate,478279,642,83471,Yes,Yes,Yes,3,38,No
3881,38,Management,Single,Graduate,1293222,722,124843,No,Yes,No,4,129,No
3882,39,Management,Single,Graduate,364368,726,165359,No,No,No,4,73,Yes
3883,53,Admin,Married,Graduate,401423,753,44638,Yes,Yes,No,2,1,No
3884,49,Retired,Married,Not Graduate,920149,733,44703,No,No,No,4,49,No
3885,38,Admin,Married,Not Graduate,722709,677,0,Yes,No,No,3,26,Yes
3886,35,Technician,Single,Graduate,438339,637,0,No,No,No,3,154,No
3887,31,Services,Single,Graduate,518969,736,116291,No,Yes,No,5,37,No
3888,31,Entrepreneur,Divorced,Not Graduate,699718,720,198956,No,No,No,4,61,Yes
3889,26,Unemployed,Married,Graduate,291081,560,22386,Yes,No,Yes,4,49,No
3890,56,Management,Married,Graduate,334987,736,121729,No,No,Yes,5,73,Yes
3891,50,Management,Married,Not Graduate,584391,573,0,Yes,No,Yes,6,115,No
3892,47,Student,Married,Graduate,355826,680,94065,Yes,No,No,1,135,No
3893,53,Technician,Married,Graduate,1848285,655,0,Yes,No,No,7,57,Yes
3894,46,Services,Single,Not Graduate,856700,742,202688,No,No,No,5,100,No
3895,31,Student,Single,Graduate,639895,723,145145,No,No,Yes,3,88,Yes
3896,21,Services,Married,Graduate,434107,680,34808,No,No,No,5,49,No
3897,46,Self-Employed,Single,Graduate,553107,667,0,Yes,No,Yes,4,85,No
3898,39,Unemployed,Married,Graduate,1105389,693,50273,Yes,No,Yes,6,119,Yes
3899,69,Student,Married,Not Graduate,501936,669,185918,No,No,Yes,4,112,No
3900,56,Services,Single,Graduate,448600,666,0,No,No,No,1,70,No
3901,40,Admin,Married,Not Graduate,628207,750,68236,No,Yes,No,3,126,Yes
3902,34,Management,Married,Not Graduate,775752,551,54546,Yes,No,Yes,4,78,No
3903,46,Admin,Divorced,Graduate,1008003,798,51552,No,No,Yes,7,149,No
3904,43,Self-Employed,Single,Not Graduate,933252,678,74423,Yes,No,Yes,6,71,No
3905,51,Student,Married,Not Graduate,500960,715,18136,No,No,No,2,101,No
3906,31,Management,Married,Graduate,158104,643,12693,No,No,No,2,19,Yes
3907,18,Self-Employed,Married,Graduate,780269,802,120816,No,No,No,1,3,No
3908,22,Self-Employed,Married,Graduate,386482,691,168298,No,No,Yes,7,136,No
3909,43,Services,Married,Graduate,694414,689,0,No,No,No,2,40,Yes
3910,39,Entrepreneur,Single,Graduate,480495,742,8183,No,No,No,3,21,No
3911,38,Retired,Married,Graduate,729077,721,220083,No,No,No,2,121,Yes
3912,45,Technician,Married,Graduate,477952,850,27295,Yes,No,No,3,100,Yes
3913,46,Student,Married,Graduate,482729,675,23486,No,Yes,Yes,4,98,No
3914,31,Technician,Married,Graduate,522997,585,0,Yes,No,Yes,2,87,No
3915,39,Unemployed,Single,Graduate,421716,637,55620,No,Yes,No,2,74,No
3916,61,Management,Married,Graduate,249968,634,167720,No,No,Yes,3,72,Yes
3917,49,Services,Married,Graduate,365896,669,44975,No,No,Yes,1,79,No
3918,38,Entrepreneur,Married,Not Graduate,1330336,621,98460,No,No,Yes,2,82,No
3919,44,Entrepreneur,Single,Graduate,202415,850,237696,Yes,No,Yes,4,78,Yes
3920,26,Services,Divorced,Not Graduate,640081,630,0,No,Yes,No,2,124,No
3921,41,Admin,Single,Not Graduate,273730,620,83471,No,No,No,1,46,No
3922,29,Technician,Married,Not Graduate,646308,663,39195,Yes,No,No,3,115,No
3923,53,Entrepreneur,Single,Graduate,424382,665,140242,No,No,No,2,131,No
3924,57,Entrepreneur,Married,Graduate,827674,749,0,Yes,No,No,5,1,Yes
3925,27,Entrepreneur,Married,Not Graduate,291260,755,116636,Yes,No,No,5,103,No
3926,41,Entrepreneur,Married,Graduate,571886,657,86248,Yes,No,Yes,2,60,No
3927,47,Admin,Single,Not Graduate,341310,688,172005,No,No,No,2,3,Yes
3928,35,Management,Divorced,Graduate,425161,684,213824,No,No,No,6,52,No
3929,54,Retired,Married,Graduate,139380,678,161006,No,No,No,1,1,Yes
3930,53,Admin,Single,Graduate,754669,678,45180,Yes,No,No,3,86,No
3931,50,Management,Married,Graduate,1616878,654,84226,No,Yes,No,5,64,No
3932,54,Unemployed,Married,Graduate,411545,702,92906,Yes,No,No,5,120,No
3933,51,Technician,Single,Graduate,499518,734,94428,Yes,No,Yes,3,91,Yes
3935,27,Management,Married,Not Graduate,779496,749,42705,No,Yes,No,2,66,Yes
3936,46,Self-Employed,Single,Not Graduate,448202,591,47297,No,Yes,No,3,1,No
3937,50,Admin,Married,Graduate,553107,671,0,Yes,Yes,No,5,118,No
3938,20,Admin,Married,Not Graduate,409135,710,101339,No,Yes,No,5,82,No
3939,42,Technician,Married,Graduate,662262,562,80591,Yes,No,No,2,62,No
3940,57,Services,Married,Graduate,440063,663,30799,Yes,No,No,2,20,Yes
3941,39,Self-Employed,Married,Graduate,189270,686,140022,Yes,No,Yes,2,91,No
3942,46,Management,Married,Graduate,438907,660,78285,Yes,No,No,3,34,No
3943,25,Self-Employed,Single,Graduate,419582,724,111130,No,Yes,No,2,80,Yes
3944,45,Retired,Single,Not Graduate,421018,712,108005,No,Yes,Yes,3,37,No
3945,39,Entrepreneur,Divorced,Graduate,329907,641,0,Yes,No,No,2,45,Yes
3946,32,Student,Single,Not Graduate,496766,616,79415,Yes,No,Yes,2,124,No
3947,22,Entrepreneur,Married,Not Graduate,262647,717,186310,Yes,No,Yes,4,72,No
3948,36,Entrepreneur,Divorced,Graduate,300023,662,0,Yes,No,No,3,39,No
3949,51,Management,Married,Graduate,530733,681,223843,Yes,Yes,No,4,50,No
3950,33,Admin,Single,Graduate,362935,594,197745,No,Yes,No,5,37,No
3951,40,Services,Married,Not Graduate,531323,649,218252,No,No,No,3,103,No
3952,45,Self-Employed,Married,Not Graduate,714548,540,0,No,No,No,6,117,No
3953,51,Unemployed,Single,Not Graduate,486647,552,273130,No,No,Yes,4,60,No
3954,45,Retired,Single,Not Graduate,793505,789,135246,No,No,No,4,73,Yes
3955,48,Technician,Single,Not Graduate,592770,617,82114,No,No,No,4,48,No
3957,41,Self-Employed,Married,Graduate,683405,523,77827,Yes,Yes,No,2,1,No
3958,38,Student,Married,Not Graduate,1117461,806,0,Yes,Yes,No,3,68,No
3959,50,Admin,Married,Graduate,489334,612,147508,No,No,No,4,37,No
3960,37,Student,Divorced,Graduate,522924,733,83471,Yes,No,No,1,102,No
3961,30,Management,Married,Graduate,1297881,689,164553,No,No,No,4,85,Yes
3962,44,Retired,Divorced,Graduate,427370,717,0,Yes,No,No,2,194,No
3963,51,Unemployed,Married,Graduate,1653364,679,278803,No,No,No,6,63,No
3964,54,Admin,Married,Graduate,425532,623,208266,No,No,No,2,81,No
3965,41,Entrepreneur,Married,Graduate,1395189,730,83471,No,No,No,2,49,No
3966,37,Unemployed,Divorced,Graduate,152010,682,25300,No,No,No,2,157,No
3967,25,Self-Employed,Single,Graduate,1307231,679,105935,No,No,No,3,86,Yes
3968,27,Self-Employed,Married,Graduate,494389,781,0,No,No,No,2,12,No
3969,32,Technician,Married,Graduate,752843,748,221958,Yes,No,No,4,43,No
3970,23,Entrepreneur,Single,Graduate,218735,736,150763,Yes,No,Yes,5,43,No
3971,38,Self-Employed,Divorced,Not Graduate,906858,687,67910,No,No,No,3,73,No
3972,31,Entrepreneur,Married,Graduate,241718,743,0,Yes,No,No,2,205,Yes
3973,54,Technician,Divorced,Graduate,296792,765,35529,No,No,No,4,112,Yes
3974,56,Services,Married,Not Graduate,820202,605,0,Yes,No,No,4,103,No
3975,35,Self-Employed,Married,Graduate,555700,746,0,Yes,No,No,3,12,No
3976,46,Admin,Single,Graduate,341770,703,123447,Yes,No,No,2,103,No
3978,54,Retired,Married,Not Graduate,870853,689,76702,No,Yes,Yes,9,41,No
3979,43,Unemployed,Married,Not Graduate,624517,624,32108,No,No,No,4,99,No
3980,25,Services,Single,Not Graduate,386413,502,0,Yes,No,Yes,2,143,No
3981,47,Entrepreneur,Married,Not Graduate,359725,628,68628,No,No,No,1,104,No
3983,34,Management,Married,Graduate,557223,778,179872,No,No,No,4,1,No
3984,23,Self-Employed,Married,Graduate,1489598,780,207424,Yes,No,No,2,35,Yes
3985,49,Management,Married,Graduate,1133428,579,0,Yes,No,No,3,61,No
3986,37,Admin,Married,Graduate,853501,747,120790,No,No,No,3,102,Yes
3987,40,Management,Single,Graduate,467054,693,4607,No,No,No,1,153,No
3988,26,Self-Employed,Married,Graduate,740405,808,35774,Yes,No,No,3,128,Yes
3989,40,Admin,Divorced,Graduate,959312,679,27760,Yes,No,No,5,96,No
3990,18,Technician,Married,Graduate,1778972,608,51227,Yes,No,Yes,3,27,No
3991,34,Unemployed,Married,Not Graduate,423490,760,60619,No,Yes,No,4,62,No
3992,41,Technician,Single,Not Graduate,578901,726,141296,No,No,No,2,70,No
3993,34,Technician,Married,Graduate,555649,622,138922,Yes,No,No,1,52,No
3994,18,Technician,Single,Not Graduate,426142,648,52515,No,No,Yes,4,61,No
3995,55,Unemployed,Divorced,Not Graduate,521615,760,313568,No,No,No,3,95,No
3996,34,Management,Married,Graduate,326753,653,198399,Yes,No,No,2,46,Yes
3997,28,Entrepreneur,Married,Graduate,666485,722,52234,No,No,No,6,1,Yes
3998,26,Admin,Married,Graduate,363729,796,39326,Yes,No,No,3,156,No
3999,56,Management,Married,Graduate,201450,748,38967,No,No,Yes,4,112,No
4000,43,Self-Employed,Married,Graduate,351210,656,165049,No,No,No,2,111,Yes
4001,18,Services,Married,Graduate,305074,835,123762,Yes,No,No,2,32,No
4002,37,Technician,Married,Not Graduate,1380712,694,0,No,No,No,2,114,No
4003,44,Self-Employed,Single,Not Graduate,275701,705,91510,No,No,No,3,151,No
4004,52,Retired,Single,Graduate,825444,720,297810,Yes,No,No,3,50,Yes
4005,36,Technician,Single,Graduate,719797,626,77491,Yes,No,No,2,92,Yes
4006,21,Technician,Married,Graduate,713444,726,31162,No,No,No,6,150,No
4007,26,Admin,Divorced,Graduate,183784,776,47428,Yes,No,No,3,112,Yes
4008,60,Technician,Married,Graduate,558496,771,497,No,No,Yes,7,7,No
4009,59,Management,Single,Graduate,2674750,604,140750,No,No,Yes,4,77,No
4010,39,Self-Employed,Married,Graduate,819595,850,83471,No,Yes,No,6,15,No
4011,41,Student,Married,Graduate,362977,642,0,Yes,No,No,2,84,No
4012,35,Management,Divorced,Graduate,669156,658,264439,No,No,Yes,2,159,No
4013,56,Admin,Married,Not Graduate,294523,634,355403,No,No,No,2,103,No
4014,27,Retired,Divorced,Graduate,352449,782,54494,No,No,No,3,15,Yes
4015,36,Services,Married,Graduate,773629,609,117748,Yes,No,No,5,136,Yes
4016,40,Admin,Married,Graduate,759491,802,21907,No,No,No,5,136,Yes
4017,30,Student,Married,Graduate,465689,805,0,No,No,Yes,4,154,Yes
4018,42,Self-Employed,Married,Graduate,1095713,798,62155,No,No,No,3,107,No
4019,39,Services,Married,Not Graduate,1715497,737,114133,Yes,No,Yes,3,167,Yes
4020,63,Services,Married,Graduate,1784485,736,33608,No,No,Yes,3,1,Yes
4021,38,Admin,Married,Not Graduate,321945,541,15961,Yes,No,Yes,2,74,No
4022,48,Services,Married,Graduate,641406,728,241249,No,No,Yes,3,28,Yes
4023,43,Self-Employed,Divorced,Not Graduate,571703,674,45857,Yes,Yes,Yes,4,97,No
4024,35,Technician,Married,Graduate,437608,665,262990,No,No,Yes,5,19,No
4025,23,Admin,Single,Graduate,467217,764,155187,Yes,No,No,4,1,Yes
4026,34,Self-Employed,Married,Graduate,806649,629,59280,No,No,No,5,63,No
4027,47,Student,Married,Graduate,528792,713,160219,Yes,No,Yes,1,66,No
4028,40,Retired,Married,Graduate,186350,693,40396,Yes,No,No,3,25,No
4029,41,Management,Married,Graduate,581856,693,145382,Yes,No,No,3,1,No
4030,24,Retired,Single,Not Graduate,661319,769,119898,Yes,Yes,Yes,2,73,Yes
4031,53,Retired,Divorced,Not Graduate,796165,663,0,Yes,No,Yes,3,87,Yes
4032,18,Student,Married,Graduate,470198,767,95639,No,No,No,2,95,No
4033,46,Admin,Single,Not Graduate,315385,817,194545,No,No,No,2,90,Yes
4034,50,Retired,Married,Graduate,819968,618,83471,No,No,No,6,154,Yes
4035,37,Services,Single,Graduate,442886,703,235295,No,No,No,1,11,Yes
4036,50,Technician,Married,Not Graduate,986704,678,199168,No,No,No,5,51,No
4037,42,Entrepreneur,Married,Graduate,688604,664,177461,Yes,No,No,2,126,No
4038,61,Student,Married,Not Graduate,312718,644,65841,No,No,No,2,68,No
4039,42,Student,Married,Graduate,1270718,780,83471,No,No,Yes,3,47,Yes
4040,24,Services,Married,Not Graduate,320996,608,39076,No,No,No,1,14,No
4041,61,Admin,Married,Graduate,594174,583,96540,Yes,No,No,1,79,No
4042,34,Student,Single,Graduate,535876,703,100669,No,No,No,8,53,No
4043,20,Entrepreneur,Married,Not Graduate,977559,672,229494,No,No,Yes,4,73,No
4044,38,Retired,Married,Graduate,984501,673,95529,No,Yes,Yes,3,62,No
4045,35,Technician,Married,Graduate,226552,809,29228,No,No,Yes,5,162,Yes
4046,39,Admin,Married,Not Graduate,253458,677,51383,No,Yes,No,2,65,No
4047,39,Admin,Married,Graduate,554975,702,163787,No,No,No,1,63,Yes
4048,25,Admin,Single,Not Graduate,1730019,737,31745,Yes,No,No,2,31,Yes
4049,47,Self-Employed,Married,Graduate,294834,740,54784,Yes,No,No,2,115,No
4050,18,Student,Single,Graduate,1191607,595,196114,Yes,Yes,No,4,143,No
4051,30,Unemployed,Married,Graduate,730887,647,136693,Yes,No,No,3,48,No
4052,31,Entrepreneur,Married,Graduate,487030,582,58178,No,Yes,No,6,73,No
4053,32,Management,Married,Graduate,176157,669,83471,No,No,Yes,2,48,No
4054,53,Self-Employed,Single,Graduate,468037,737,20489,Yes,No,No,1,118,No
4055,28,Entrepreneur,Single,Not Graduate,444361,728,0,Yes,No,No,4,60,No
4056,33,Technician,Single,Graduate,505097,709,0,Yes,No,No,4,59,Yes
4057,39,Unemployed,Divorced,Graduate,621130,663,71014,No,No,Yes,3,74,Yes
4058,47,Entrepreneur,Single,Graduate,882245,637,126875,Yes,No,Yes,2,85,No
4059,51,Self-Employed,Married,Graduate,553107,770,64107,No,No,No,3,1,No
4060,40,Entrepreneur,Single,Not Graduate,150425,645,0,No,No,Yes,2,59,No
4061,44,Retired,Married,Graduate,666052,580,43079,Yes,No,No,4,80,No
4062,36,Retired,Married,Not Graduate,850588,814,121394,No,Yes,No,1,48,Yes
4063,32,Entrepreneur,Married,Not Graduate,616858,604,0,No,No,Yes,5,137,No
4064,33,Student,Married,Not Graduate,2075430,690,100448,No,No,No,3,121,No
4065,39,Entrepreneur,Single,Graduate,312835,614,267746,No,No,No,2,105,No
4066,46,Entrepreneur,Married,Graduate,572428,695,92553,Yes,No,No,5,36,No
4067,21,Admin,Married,Graduate,373715,689,44691,Yes,No,Yes,4,56,No
4068,46,Retired,Single,Graduate,409707,592,96761,No,No,No,4,73,Yes
4069,39,Management,Divorced,Graduate,293133,752,154634,Yes,Yes,Yes,3,83,Yes
4070,32,Self-Employed,Single,Graduate,660864,563,227143,No,No,Yes,3,45,No
4071,43,Technician,Single,Not Graduate,439753,620,66433,No,No,No,4,88,No
4072,21,Unemployed,Divorced,Not Graduate,553107,708,0,Yes,Yes,No,2,103,No
4073,29,Services,Single,Graduate,634241,725,41001,No,No,No,4,1,No
4074,56,Self-Employed,Single,Not Graduate,458409,588,105988,No,No,No,4,73,No
4075,61,Unemployed,Single,Graduate,250768,818,124162,Yes,No,Yes,5,75,No
4076,44,Technician,Single,Not Graduate,1891207,679,113044,No,No,No,3,70,Yes
4077,18,Unemployed,Single,Graduate,296753,548,88102,Yes,No,No,1,88,No
4078,35,Retired,Married,Graduate,518981,652,0,Yes,No,No,3,96,Yes
4079,37,Admin,Married,Graduate,1114475,728,97322,No,No,Yes,2,69,Yes
4080,31,Management,Married,Graduate,288448,649,72551,No,No,Yes,5,93,No
4081,38,Services,Married,Graduate,298835,750,0,Yes,No,No,1,93,No
4082,28,Retired,Married,Graduate,365649,677,107652,Yes,No,No,2,68,Yes
4083,55,Management,Divorced,Graduate,362536,698,221450,No,No,Yes,1,89,Yes
4084,27,Management,Single,Graduate,647320,721,25253,Yes,No,Yes,5,95,Yes
4085,39,Technician,Single,Graduate,867112,700,101061,No,No,No,4,56,No
4086,48,Admin,Married,Not Graduate,791962,689,137896,Yes,No,Yes,3,153,No
4087,59,Student,Married,Graduate,253494,617,115856,No,Yes,Yes,6,54,No
4088,53,Technician,Married,Graduate,479563,652,169574,No,No,No,5,103,No
4089,30,Student,Married,Graduate,193279,639,121257,No,No,No,4,119,No
4090,33,Entrepreneur,Single,Graduate,191861,810,84168,No,No,No,2,82,Yes
4091,55,Technician,Married,Graduate,367129,624,0,No,No,No,4,97,No
4092,55,Retired,Single,Graduate,600185,777,146069,No,No,Yes,5,141,Yes
4093,50,Admin,Married,Graduate,882234,721,140419,Yes,Yes,No,3,6,Yes
4094,34,Unemployed,Married,Not Graduate,869475,757,85607,Yes,No,Yes,6,134,No
4095,36,Technician,Married,Graduate,521522,697,236071,No,No,Yes,4,145,Yes
4096,64,Technician,Married,Graduate,391624,661,105644,Yes,No,No,3,32,No
4097,46,Entrepreneur,Married,Graduate,1178441,788,61444,Yes,No,No,3,38,Yes
4098,39,Management,Divorced,Graduate,1028685,691,87517,Yes,No,No,5,162,No
4099,24,Admin,Married,Graduate,457486,669,0,Yes,Yes,No,1,7,No
4100,24,Services,Divorced,Graduate,413063,784,53045,No,No,No,4,77,Yes
4101,30,Entrepreneur,Married,Graduate,1567299,660,121902,No,Yes,No,3,74,No
4102,29,Self-Employed,Married,Graduate,374220,775,170388,No,No,Yes,2,166,Yes
4103,43,Admin,Married,Not Graduate,201968,770,98223,No,No,No,3,109,No
4104,25,Management,Single,Graduate,419426,779,96789,No,No,No,3,142,Yes
4105,29,Services,Married,Not Graduate,809224,544,75474,Yes,No,No,3,133,No
4106,43,Unemployed,Married,Not Graduate,1172575,814,76896,No,No,No,1,130,Yes
4107,48,Retired,Married,Graduate,551683,731,27869,Yes,No,Yes,2,166,No
4108,44,Student,Single,Graduate,589735,683,147202,Yes,No,No,3,122,No
4109,45,Self-Employed,Married,Graduate,460869,599,104072,No,Yes,Yes,3,112,No
4111,50,Student,Single,Not Graduate,575752,724,47078,No,No,Yes,2,35,No
4112,50,Student,Single,Not Graduate,540400,669,15180,No,No,No,3,125,No
4113,57,Self-Employed,Single,Graduate,647508,762,83471,Yes,No,No,3,89,No
4114,41,Retired,Married,Not Graduate,408687,630,74839,No,No,Yes,2,14,Yes
4115,37,Student,Divorced,Not Graduate,416930,837,21787,No,No,No,3,30,Yes
4116,36,Self-Employed,Married,Graduate,1398442,778,0,Yes,No,No,2,35,No
4117,48,Entrepreneur,Married,Graduate,495248,850,81763,Yes,No,No,4,1,Yes
4118,36,Retired,Single,Graduate,363646,564,0,No,No,No,1,13,No
4119,24,Management,Divorced,Graduate,334142,737,204333,No,No,No,6,112,No
4120,22,Retired,Single,Not Graduate,1477918,513,80571,Yes,Yes,No,3,87,No
4121,31,Management,Married,Not Graduate,2129220,630,304762,No,No,No,3,104,Yes
4122,33,Admin,Married,Graduate,534310,691,26205,Yes,No,Yes,4,86,No
4123,39,Self-Employed,Divorced,Not Graduate,218697,786,132138,Yes,No,No,4,51,Yes
4124,28,Student,Married,Not Graduate,537453,630,0,Yes,No,Yes,1,93,No
4125,54,Unemployed,Divorced,Graduate,2238651,621,220479,No,No,No,3,153,Yes
4126,45,Technician,Married,Graduate,442620,634,182042,Yes,No,No,4,1,No
4127,39,Self-Employed,Married,Not Graduate,546307,698,83471,Yes,No,No,4,73,No
4128,53,Self-Employed,Single,Graduate,662297,745,0,Yes,No,No,2,174,No
4129,36,Admin,Married,Graduate,285139,664,95709,Yes,No,No,4,74,Yes
4130,48,Unemployed,Married,Not Graduate,746953,714,104528,No,No,Yes,5,129,No
4131,39,Admin,Married,Not Graduate,1121477,488,32077,No,No,Yes,3,164,No
4132,37,Technician,Married,Graduate,428496,825,237938,Yes,Yes,No,3,83,Yes
4133,41,Unemployed,Married,Graduate,821634,602,92915,No,No,No,4,1,No
4134,35,Retired,Married,Graduate,1137444,671,0,Yes,No,Yes,3,25,No
4135,47,Unemployed,Married,Graduate,533073,606,64187,No,No,No,2,171,No
4136,36,Unemployed,Single,Not Graduate,495064,703,53131,Yes,No,Yes,2,4,No
4137,39,Student,Single,Graduate,357436,661,3113,Yes,No,Yes,1,1,No
4138,51,Management,Married,Not Graduate,557151,710,79494,No,No,No,4,174,Yes
4139,31,Self-Employed,Married,Graduate,1234073,551,312984,Yes,Yes,No,2,27,No
4140,29,Technician,Single,Not Graduate,463355,673,177437,No,No,No,4,133,Yes
4141,41,Retired,Married,Graduate,1791546,660,193477,No,No,No,3,78,Yes
4142,50,Technician,Married,Not Graduate,1013735,580,0,Yes,Yes,Yes,4,1,No
4143,36,Technician,Married,Not Graduate,1134719,626,64246,No,Yes,Yes,3,106,No
4144,62,Services,Married,Graduate,1117594,730,98569,No,Yes,Yes,5,111,Yes
4145,32,Services,Single,Graduate,243651,719,136595,No,No,No,4,125,Yes
4146,49,Admin,Single,Graduate,1100558,741,218638,No,No,No,4,58,No
4147,29,Management,Single,Graduate,660874,777,0,Yes,No,Yes,2,81,No
4148,54,Self-Employed,Single,Graduate,1235573,645,148902,No,Yes,No,5,37,Yes
4149,45,Unemployed,Single,Not Graduate,547786,664,72358,No,No,No,3,140,Yes
4151,25,Services,Married,Graduate,316814,835,169878,No,No,No,4,86,Yes
4152,28,Student,Married,Graduate,1080569,789,0,Yes,No,No,7,98,No
4153,55,Entrepreneur,Single,Graduate,1338767,603,267348,Yes,No,Yes,4,91,No
4154,33,Retired,Single,Not Graduate,460075,771,0,No,No,Yes,5,142,No
4155,31,Services,Single,Graduate,249413,797,48067,No,No,No,2,54,Yes
4156,46,Student,Divorced,Not Graduate,290456,712,69556,Yes,No,Yes,1,73,No
4157,49,Technician,Married,Not Graduate,394542,714,0,No,No,No,3,38,Yes
4158,45,Services,Married,Graduate,1656060,553,140124,No,No,Yes,3,92,No
4159,35,Unemployed,Single,Graduate,446581,650,88229,Yes,No,No,4,70,Yes
4160,41,Unemployed,Married,Not Graduate,433521,684,63454,Yes,Yes,No,2,108,Yes
4161,52,Services,Married,Graduate,739593,735,0,Yes,No,No,3,77,No
4162,38,Self-Employed,Married,Not Graduate,559055,704,81498,No,No,No,4,18,No
4163,37,Entrepreneur,Single,Graduate,2603602,719,164238,No,No,No,4,96,Yes
4164,52,Management,Married,Not Graduate,388769,692,64145,No,No,No,6,87,Yes
4165,24,Self-Employed,Single,Graduate,1418163,746,81144,Yes,No,No,1,52,Yes
4166,45,Admin,Single,Graduate,852994,730,0,No,Yes,No,1,204,No
4167,34,Admin,Married,Not Graduate,194596,706,82920,No,No,No,2,98,No
4168,41,Unemployed,Married,Not Graduate,464872,622,137771,No,Yes,No,4,51,No
4169,50,Entrepreneur,Single,Not Graduate,1576448,683,149888,No,Yes,No,6,73,No
4170,34,Unemployed,Married,Not Graduate,267252,600,119986,Yes,Yes,No,6,141,No
4171,47,Unemployed,Married,Graduate,1062248,707,9583,Yes,No,No,6,65,No
4172,34,Management,Single,Graduate,641165,605,31241,Yes,No,No,1,73,No
4173,55,Services,Single,Graduate,473737,697,0,Yes,No,No,3,4,No
4174,35,Student,Married,Not Graduate,423182,586,173723,Yes,No,No,1,143,No
4175,36,Entrepreneur,Married,Not Graduate,532240,675,22628,No,No,Yes,3,43,Yes
4176,35,Self-Employed,Married,Graduate,368910,733,20589,No,No,No,2,89,No
4177,47,Retired,Married,Graduate,911115,711,0,Yes,No,No,8,32,No
4178,26,Retired,Married,Not Graduate,629998,746,4989,Yes,No,Yes,2,126,No
4179,38,Entrepreneur,Married,Graduate,269176,623,0,No,No,No,3,80,No
4180,39,Retired,Married,Not Graduate,661597,671,101268,No,Yes,No,4,103,No
4181,32,Student,Married,Not Graduate,377019,675,27361,No,No,Yes,4,59,No
4182,22,Management,Single,Not Graduate,526441,790,0,No,No,Yes,1,15,Yes
4183,34,Services,Married,Graduate,447164,747,118667,No,Yes,No,3,133,No
4184,26,Entrepreneur,Single,Graduate,421911,598,114587,Yes,No,Yes,1,55,No
4185,21,Services,Single,Graduate,249929,752,175841,No,No,No,2,32,Yes
4186,35,Admin,Married,Graduate,553107,685,44361,No,No,No,3,84,No
4187,40,Management,Single,Graduate,1244987,790,179625,No,No,No,11,1,No
4188,64,Management,Married,Graduate,276654,739,133653,No,Yes,Yes,1,8,No
4189,55,Self-Employed,Single,Graduate,427271,800,95609,No,No,No,5,93,Yes
4190,46,Retired,Married,Graduate,1444499,848,223287,Yes,No,Yes,2,103,Yes
4191,25,Technician,Married,Graduate,1009258,648,0,Yes,No,Yes,2,17,No
4192,41,Retired,Married,Graduate,1024315,655,98012,No,No,Yes,5,106,No
4193,31,Student,Married,Not Graduate,728802,850,84291,No,No,No,2,94,No
4194,33,Student,Married,Graduate,942289,621,91623,No,No,No,5,72,No
4195,52,Self-Employed,Married,Graduate,748659,821,0,Yes,No,No,4,63,No
4196,56,Admin,Single,Graduate,417506,823,141101,Yes,Yes,No,4,70,No
4197,30,Services,Married,Graduate,530410,630,0,Yes,Yes,No,4,29,No
4198,63,Management,Married,Graduate,384024,671,190936,No,No,No,3,18,Yes
4199,38,Self-Employed,Married,Not Graduate,730821,597,0,Yes,No,Yes,4,53,No
4200,47,Student,Single,Graduate,814057,737,71756,No,No,No,5,41,Yes
4201,22,Management,Married,Graduate,360240,704,149951,Yes,No,No,2,116,Yes
4202,51,Technician,Single,Graduate,801647,781,146752,Yes,No,Yes,2,130,Yes
4203,22,Unemployed,Married,Not Graduate,655723,587,71745,No,No,No,4,48,No
4204,34,Unemployed,Single,Not Graduate,1006817,696,161812,No,No,No,3,111,No
4205,27,Unemployed,Married,Not Graduate,553107,850,0,Yes,No,No,4,151,No
4206,40,Entrepreneur,Married,Graduate,747321,724,0,Yes,No,Yes,6,16,No
4207,35,Technician,Married,Not Graduate,553107,712,0,No,No,Yes,5,52,No
4208,49,Retired,Single,Graduate,313898,763,57615,Yes,No,Yes,2,1,No
4209,45,Management,Married,Graduate,1146718,710,83471,Yes,Yes,No,3,0,No
4210,49,Retired,Married,Graduate,659166,552,0,No,No,Yes,5,31,No
4211,31,Unemployed,Married,Graduate,281514,707,0,Yes,No,No,3,162,Yes
4212,31,Entrepreneur,Single,Graduate,346413,740,11859,Yes,Yes,Yes,4,170,No
4213,48,Student,Married,Graduate,482846,702,146168,No,No,Yes,5,73,Yes
4214,30,Retired,Single,Not Graduate,638221,701,43423,Yes,No,No,3,29,No
4215,48,Admin,Married,Graduate,1136929,738,193877,Yes,Yes,No,4,94,No
4216,31,Admin,Married,Graduate,884709,730,0,Yes,No,No,4,61,No
4217,25,Self-Employed,Divorced,Graduate,505281,632,259380,Yes,No,No,2,79,Yes
4218,41,Self-Employed,Married,Graduate,1713187,712,38418,No,No,No,5,54,No
4219,32,Retired,Single,Graduate,490995,606,90763,Yes,No,No,1,73,Yes
4220,44,Retired,Married,Not Graduate,261199,755,190899,Yes,No,No,5,134,No
4221,47,Admin,Single,Not Graduate,427859,689,0,No,No,No,2,77,Yes
4222,21,Unemployed,Single,Graduate,494605,746,210025,Yes,No,No,8,114,Yes
4223,26,Entrepreneur,Married,Graduate,164551,681,154490,No,No,No,5,75,No
4224,39,Management,Married,Not Graduate,1045645,764,156535,No,No,Yes,2,167,Yes
4225,29,Technician,Single,Not Graduate,928094,670,83471,Yes,No,No,1,73,No
4226,32,Technician,Divorced,Graduate,166874,600,56231,No,No,No,2,99,No
4227,39,Retired,Married,Graduate,673767,582,66555,Yes,No,No,2,80,No
4228,25,Management,Married,Graduate,443666,695,0,Yes,Yes,No,5,103,No
4229,54,Technician,Married,Graduate,784755,706,0,Yes,No,No,5,11,No
4230,40,Self-Employed,Married,Not Graduate,367419,676,144527,Yes,No,No,6,21,No
4231,47,Admin,Married,Not Graduate,1075214,804,0,Yes,No,No,5,70,Yes
4232,18,Entrepreneur,Married,Graduate,402926,628,105064,Yes,No,No,2,98,No
4233,54,Unemployed,Married,Graduate,569457,702,177539,No,No,No,2,73,Yes
4234,31,Services,Married,Graduate,407069,655,0,Yes,No,No,1,22,Yes
4235,24,Management,Married,Not Graduate,456296,708,110619,No,No,No,3,36,No
4236,36,Student,Married,Not Graduate,417400,673,200331,Yes,Yes,No,4,148,Yes
4237,32,Admin,Married,Graduate,737069,689,4013,Yes,No,No,2,92,No
4238,46,Unemployed,Married,Graduate,386122,619,42645,No,Yes,No,3,80,No
4239,39,Management,Married,Graduate,299765,666,0,No,No,Yes,2,73,No
4240,35,Services,Married,Graduate,513597,800,89106,No,No,No,2,73,Yes
4241,18,Self-Employed,Married,Not Graduate,461172,789,100468,Yes,No,No,3,126,Yes
4242,41,Management,Married,Not Graduate,316543,630,0,Yes,No,No,3,115,No
4243,35,Unemployed,Married,Not Graduate,1475665,674,90185,Yes,No,No,3,107,No
4244,47,Student,Married,Not Graduate,2492853,675,56301,No,No,No,6,96,No
4245,18,Technician,Married,Graduate,685662,718,229483,No,No,No,2,30,Yes
4246,43,Admin,Single,Graduate,268302,620,11999,No,No,No,3,22,No
4247,50,Admin,Single,Not Graduate,161130,699,266696,Yes,Yes,No,4,40,No
4248,48,Entrepreneur,Married,Graduate,1106957,588,77149,No,No,Yes,7,49,No
4249,35,Student,Married,Graduate,472609,790,65012,Yes,No,No,2,27,No
4250,39,Admin,Single,Graduate,981176,745,118473,Yes,No,Yes,3,22,Yes
4251,28,Technician,Married,Graduate,470548,629,70243,Yes,No,No,6,73,No
4252,43,Self-Employed,Married,Graduate,191527,619,157698,No,No,Yes,7,84,Yes
4253,55,Services,Married,Graduate,706669,671,112784,No,Yes,No,2,86,No
4254,40,Admin,Single,Graduate,1024722,767,28366,Yes,No,No,2,90,Yes
4255,46,Retired,Married,Not Graduate,425449,676,41903,No,No,No,4,91,No
4256,50,Services,Married,Graduate,370557,631,10136,No,No,No,2,126,No
4257,46,Student,Single,Graduate,370334,654,0,No,No,No,3,50,No
4258,36,Admin,Married,Graduate,1126456,722,4194,Yes,No,No,4,89,Yes
4259,32,Self-Employed,Single,Not Graduate,383646,734,124493,No,No,No,4,37,Yes
4260,39,Admin,Single,Graduate,318238,647,144271,Yes,Yes,No,2,1,Yes
4262,25,Management,Married,Graduate,566748,699,106111,Yes,Yes,Yes,3,60,No
4263,41,Student,Married,Graduate,741590,683,10088,Yes,No,No,2,77,No
4264,40,Self-Employed,Single,Graduate,603490,697,210382,Yes,No,No,3,59,No
4265,39,Unemployed,Married,Graduate,285023,780,83471,No,No,Yes,1,130,Yes
4266,36,Self-Employed,Single,Graduate,710980,777,8180,Yes,Yes,No,3,24,No
4267,47,Retired,Single,Graduate,715996,621,145707,No,No,No,4,75,No
4268,41,Technician,Married,Not Graduate,664144,717,106621,No,No,No,5,101,No
4269,51,Retired,Married,Graduate,607431,645,46297,No,No,No,2,66,No
4270,59,Unemployed,Married,Graduate,329422,733,6111,No,Yes,No,2,1,No
4271,43,Unemployed,Single,Not Graduate,550322,608,119851,Yes,No,Yes,6,1,No
4272,51,Technician,Married,Graduate,650135,682,31159,No,Yes,Yes,3,88,No
4273,44,Technician,Married,Graduate,783384,681,209400,No,No,No,4,92,No
4274,54,Unemployed,Married,Graduate,887481,710,91263,Yes,No,Yes,1,37,Yes
4275,39,Technician,Married,Not Graduate,632916,749,269691,Yes,No,No,4,115,No
4276,51,Technician,Married,Graduate,410880,669,170540,Yes,No,Yes,1,108,No
4277,36,Unemployed,Single,Graduate,336206,723,185504,No,Yes,Yes,1,55,No
4278,42,Management,Married,Graduate,591466,800,0,No,No,No,3,75,No
4279,22,Services,Single,Not Graduate,935482,689,259194,Yes,No,Yes,3,56,No
4280,42,Services,Single,Graduate,394079,636,0,Yes,No,No,4,123,No
4281,41,Technician,Married,Graduate,544603,764,60177,No,No,Yes,2,66,No
4282,29,Admin,Married,Graduate,1507525,558,92101,No,No,No,2,65,Yes
4283,43,Technician,Married,Graduate,732731,819,57813,Yes,No,No,6,98,No
4284,54,Retired,Married,Not Graduate,543541,696,142784,Yes,No,No,2,59,Yes
4285,33,Admin,Married,Graduate,444984,707,0,Yes,No,Yes,4,1,No
4286,44,Admin,Divorced,Graduate,438222,679,34590,Yes,Yes,No,5,73,No
4287,40,Self-Employed,Married,Graduate,274588,667,1621,No,No,No,2,113,No
4288,37,Self-Employed,Married,Graduate,302578,661,94617,Yes,No,No,3,48,No
4289,49,Technician,Married,Graduate,513935,614,0,Yes,No,No,2,41,No
4290,50,Self-Employed,Single,Graduate,525039,623,89078,No,Yes,Yes,2,1,No
4291,46,Self-Employed,Divorced,Graduate,766635,606,113909,No,No,No,4,81,No
4292,45,Admin,Divorced,Not Graduate,285531,755,139515,Yes,No,No,1,118,No
4293,27,Retired,Divorced,Graduate,981797,839,0,Yes,No,No,6,139,Yes
4294,39,Services,Married,Not Graduate,869373,604,51097,Yes,No,No,5,41,No
4295,32,Self-Employed,Married,Graduate,708831,797,12453,No,No,Yes,2,57,No
4296,34,Self-Employed,Divorced,Not Graduate,355252,678,103050,Yes,No,No,3,94,No
4297,40,Student,Married,Graduate,398475,650,139309,No,No,No,4,32,Yes
4298,18,Admin,Single,Graduate,551698,651,52553,No,No,No,6,108,No
4299,30,Services,Single,Graduate,635141,661,72127,Yes,No,No,2,17,No
4300,49,Student,Single,Not Graduate,536815,609,166311,No,Yes,No,3,85,No
4301,39,Management,Married,Graduate,817229,666,168647,Yes,No,No,1,148,No
4302,50,Student,Divorced,Not Graduate,654565,666,19983,No,No,No,5,94,No
4303,34,Retired,Single,Not Graduate,676634,666,217704,Yes,No,No,1,20,No
4304,42,Entrepreneur,Divorced,Graduate,487486,693,0,Yes,No,Yes,3,49,No
4305,38,Admin,Single,Graduate,459363,641,0,Yes,No,Yes,3,130,Yes
4306,41,Admin,Married,Graduate,297616,650,90222,No,Yes,No,2,109,No
4307,59,Admin,Married,Graduate,569940,760,202307,No,No,No,1,1,Yes
4308,33,Retired,Single,Not Graduate,354719,688,71417,No,No,No,3,74,No
4309,22,Entrepreneur,Divorced,Graduate,669145,690,130865,Yes,Yes,Yes,4,36,No
4310,46,Student,Divorced,Not Graduate,458074,656,82490,Yes,No,Yes,1,1,No
4311,35,Management,Married,Not Graduate,1553469,641,66980,Yes,No,No,4,93,No
4312,29,Retired,Married,Graduate,832661,645,70929,No,No,No,3,184,No
4313,53,Admin,Single,Not Graduate,967212,747,14812,Yes,Yes,No,2,49,No
4314,46,Unemployed,Married,Graduate,715070,609,62716,No,No,No,4,99,Yes
4315,34,Student,Married,Graduate,940676,763,0,No,Yes,Yes,3,115,No
4316,31,Technician,Single,Not Graduate,433879,569,124804,Yes,No,No,4,48,No
4317,35,Management,Married,Not Graduate,1519883,708,151534,No,No,No,1,73,Yes
4318,48,Services,Married,Not Graduate,708134,631,165121,No,No,Yes,3,115,Yes
4319,18,Self-Employed,Married,Graduate,612125,713,83471,Yes,No,No,3,1,No
4320,49,Self-Employed,Married,Graduate,287095,747,90147,Yes,No,Yes,3,46,No
4321,70,Entrepreneur,Married,Graduate,200718,724,165831,No,Yes,No,6,1,Yes
4322,28,Technician,Married,Not Graduate,655360,620,103155,No,Yes,No,5,138,No
4323,42,Self-Employed,Married,Graduate,1111562,689,94300,No,No,No,1,13,No
4324,55,Management,Married,Graduate,486775,675,69532,Yes,No,No,2,17,No
4325,47,Unemployed,Single,Graduate,666757,787,58620,Yes,No,No,6,24,Yes
4326,46,Student,Married,Graduate,948367,726,60195,Yes,Yes,No,5,45,No
4327,40,Technician,Single,Graduate,722711,742,0,Yes,Yes,No,7,61,No
4328,24,Self-Employed,Divorced,Graduate,873677,701,33201,No,No,No,3,41,No
4329,32,Self-Employed,Married,Graduate,559207,647,277743,No,No,No,4,99,No
4330,36,Self-Employed,Single,Graduate,235579,795,232647,No,No,No,5,131,Yes
4331,45,Services,Single,Graduate,294075,672,74133,No,No,No,2,69,No
4332,39,Unemployed,Married,Graduate,260183,721,163573,No,No,No,2,84,Yes
4333,54,Self-Employed,Married,Graduate,313724,739,323413,Yes,No,No,6,21,No
4334,42,Retired,Married,Graduate,330825,680,30995,No,No,No,5,119,No
4335,54,Self-Employed,Married,Graduate,742800,623,0,Yes,Yes,No,4,68,No
4336,45,Entrepreneur,Single,Not Graduate,506901,673,0,Yes,No,No,5,111,No
4337,50,Management,Married,Graduate,553107,679,127824,No,No,No,3,138,Yes
4338,50,Unemployed,Single,Not Graduate,250570,655,151440,No,No,Yes,3,1,Yes
4339,32,Student,Divorced,Graduate,184731,834,31210,Yes,No,No,1,98,Yes
4340,18,Admin,Married,Not Graduate,338101,749,94063,Yes,No,Yes,2,110,Yes
4341,34,Technician,Married,Graduate,790636,777,287943,No,No,Yes,2,1,Yes
4342,50,Student,Married,Graduate,566757,703,132652,No,No,Yes,1,141,No
4343,44,Student,Married,Graduate,385285,638,0,No,Yes,No,1,158,No
4344,44,Self-Employed,Divorced,Not Graduate,760425,680,192556,Yes,No,No,3,130,Yes
4345,48,Admin,Married,Graduate,429780,627,211584,No,No,Yes,4,202,Yes
4346,61,Student,Single,Graduate,517288,680,4440,No,No,No,1,116,No
4347,45,Unemployed,Married,Not Graduate,391076,575,178116,Yes,No,No,4,81,No
4348,39,Entrepreneur,Single,Graduate,618292,753,0,No,No,No,2,13,No
4349,31,Entrepreneur,Single,Not Graduate,279295,669,54008,No,No,No,2,82,No
4350,55,Student,Single,Graduate,388520,649,105189,Yes,Yes,No,3,26,Yes
4351,28,Admin,Married,Graduate,1044140,684,189744,Yes,No,Yes,5,110,No
4352,46,Unemployed,Married,Not Graduate,1104059,850,173560,No,No,Yes,3,1,No
4353,34,Admin,Married,Graduate,339197,688,214446,No,No,No,2,96,Yes
4354,44,Self-Employed,Married,Graduate,299198,732,197658,No,No,No,3,111,No
4355,56,Entrepreneur,Single,Graduate,1046860,721,0,No,No,Yes,2,174,Yes
4356,31,Student,Married,Not Graduate,1201413,716,29996,No,No,No,4,75,No
4357,34,Admin,Married,Graduate,655827,751,70171,No,No,Yes,4,37,No
4358,31,Admin,Married,Graduate,193681,627,177304,Yes,No,No,4,98,No
4359,32,Unemployed,Divorced,Not Graduate,553107,749,167351,Yes,Yes,No,3,10,No
4360,51,Unemployed,Married,Graduate,368264,775,11616,No,Yes,No,4,48,Yes
4361,38,Entrepreneur,Married,Not Graduate,262606,587,20086,Yes,No,No,5,24,No
4362,38,Services,Married,Not Graduate,619773,709,297593,No,No,No,3,73,No
4363,39,Services,Married,Graduate,221785,577,47521,No,No,No,3,64,No
4364,29,Retired,Married,Graduate,170616,626,99206,Yes,No,No,2,118,No
4365,35,Admin,Married,Graduate,508083,748,69458,Yes,No,No,4,111,No
4366,37,Entrepreneur,Divorced,Graduate,602098,592,108992,Yes,No,Yes,3,91,Yes
4367,27,Self-Employed,Married,Not Graduate,1918756,627,98563,No,No,No,5,126,No
4368,48,Student,Single,Not Graduate,771416,690,7219,Yes,No,No,3,116,No
4369,39,Retired,Married,Not Graduate,748470,748,137650,Yes,No,No,6,40,Yes
4370,40,Retired,Divorced,Graduate,798436,557,195445,No,No,No,2,29,No
4371,32,Management,Married,Graduate,663638,732,98593,No,No,No,2,58,Yes
4372,51,Technician,Married,Graduate,342873,773,90060,No,No,No,1,62,No
4373,43,Technician,Single,Graduate,1691920,684,0,Yes,No,No,3,34,Yes
4374,23,Technician,Married,Graduate,837362,733,196261,No,Yes,No,1,109,Yes
4375,34,Services,Married,Graduate,368835,672,33142,No,No,No,2,99,No
4376,26,Admin,Married,Graduate,1027459,538,0,No,No,No,6,87,No
4377,49,Student,Married,Graduate,460496,817,0,Yes,No,No,5,38,Yes
4378,39,Technician,Married,Not Graduate,351990,772,34948,No,No,No,2,33,No
4379,38,Technician,Divorced,Graduate,1221454,593,62515,Yes,No,No,2,1,No
4380,48,Entrepreneur,Married,Graduate,207435,625,225408,Yes,No,No,1,113,No
4381,41,Entrepreneur,Single,Graduate,486115,651,75141,No,No,No,4,78,No
4382,51,Admin,Single,Graduate,337224,529,59073,Yes,No,No,1,67,No
4383,27,Admin,Single,Graduate,158875,624,169390,No,No,Yes,4,80,No
4384,25,Services,Married,Graduate,231554,694,40946,No,No,No,5,26,No
4385,27,Retired,Divorced,Not Graduate,715618,772,0,No,No,No,3,74,Yes
4386,38,Student,Married,Not Graduate,612929,595,83771,Yes,No,Yes,4,89,No
4387,40,Technician,Single,Graduate,618940,742,109771,No,No,No,7,68,Yes
4388,46,Student,Single,Graduate,762807,706,186041,No,No,Yes,5,32,No
4389,30,Unemployed,Married,Graduate,356661,841,103884,Yes,No,Yes,3,1,Yes
4390,34,Self-Employed,Married,Graduate,395213,800,0,Yes,No,No,3,55,No
4391,67,Management,Married,Not Graduate,1036678,802,267441,No,No,No,2,92,Yes
4392,33,Entrepreneur,Single,Not Graduate,793268,603,0,No,No,Yes,1,76,No
4393,69,Self-Employed,Married,Graduate,667197,722,105320,Yes,No,No,3,62,No
4394,48,Admin,Married,Graduate,439403,733,102969,No,No,No,1,200,Yes
4395,41,Services,Divorced,Graduate,1209830,659,0,Yes,No,Yes,1,62,No
4396,32,Student,Married,Graduate,892510,689,0,No,No,No,3,1,No
4397,22,Entrepreneur,Married,Graduate,631649,656,148381,No,No,No,2,1,No
4398,38,Technician,Married,Graduate,139280,646,119558,Yes,No,No,4,29,No
4399,41,Admin,Single,Graduate,555352,672,0,Yes,No,No,5,112,Yes
4400,35,Retired,Single,Graduate,828594,672,149607,No,No,No,3,135,No
4401,39,Admin,Divorced,Not Graduate,248978,604,108825,Yes,No,No,3,181,No
4402,22,Retired,Married,Graduate,503312,634,50206,Yes,Yes,No,4,52,No
4403,18,Self-Employed,Married,Not Graduate,951194,750,81338,Yes,No,No,3,24,Yes
4404,57,Entrepreneur,Married,Graduate,369709,600,55974,No,No,No,4,19,No
4405,44,Entrepreneur,Married,Not Graduate,426093,609,137844,No,No,No,3,112,No
4406,32,Retired,Married,Not Graduate,366577,627,111520,No,Yes,No,3,11,Yes
4407,52,Management,Single,Not Graduate,1071606,673,83471,No,No,Yes,3,1,No
4408,43,Retired,Married,Graduate,505197,722,135189,No,No,No,1,82,Yes
4409,40,Entrepreneur,Married,Graduate,619915,689,0,Yes,No,No,2,109,Yes
4410,32,Management,Divorced,Not Graduate,1024916,722,26068,Yes,No,No,4,123,No
4411,30,Technician,Married,Graduate,1127929,749,158722,No,No,No,7,136,No
4412,39,Technician,Single,Not Graduate,282561,680,62251,Yes,No,Yes,3,11,No
4413,51,Unemployed,Married,Graduate,615542,721,30313,No,No,No,3,110,Yes
4414,52,Student,Married,Graduate,478692,695,221826,No,Yes,Yes,3,9,No
4415,27,Retired,Married,Graduate,350021,660,153283,No,No,No,1,80,No
4416,30,Admin,Married,Graduate,1070410,706,0,Yes,No,Yes,4,18,No
4418,45,Self-Employed,Divorced,Not Graduate,601121,625,3992,No,No,Yes,1,31,No
4419,40,Self-Employed,Single,Graduate,1204876,640,69030,No,No,Yes,4,1,No
4420,48,Self-Employed,Single,Graduate,556406,748,40118,Yes,No,Yes,1,77,No
4421,19,Retired,Married,Not Graduate,250336,624,246227,No,No,No,5,55,Yes
4422,55,Self-Employed,Married,Graduate,418363,649,201221,Yes,No,No,3,112,Yes
4423,29,Entrepreneur,Single,Graduate,590513,672,99846,No,No,Yes,5,32,No
4424,56,Unemployed,Married,Graduate,1760128,661,105155,Yes,No,No,3,43,No
4425,42,Student,Single,Graduate,841051,667,0,Yes,No,No,4,1,Yes
4426,40,Services,Married,Graduate,291397,689,35770,No,No,No,3,86,No
4427,19,Technician,Married,Not Graduate,478982,635,50537,No,No,No,4,112,No
4428,21,Management,Divorced,Graduate,246009,656,80666,Yes,No,Yes,3,189,Yes
4429,50,Student,Married,Not Graduate,616983,633,0,No,No,Yes,2,124,No
4430,43,Self-Employed,Single,Not Graduate,1119316,658,155505,Yes,No,Yes,5,3,No
4431,49,Entrepreneur,Married,Not Graduate,715768,781,125674,No,No,No,1,113,Yes
4432,54,Management,Married,Graduate,1477621,629,141822,Yes,No,No,3,86,Yes
4433,37,Management,Married,Not Graduate,1766902,603,64687,No,No,No,3,101,No
4434,57,Services,Divorced,Graduate,1372832,672,108677,Yes,Yes,Yes,4,93,Yes
4435,44,Technician,Divorced,Graduate,349278,637,54882,No,Yes,Yes,6,74,No
4436,40,Entrepreneur,Single,Not Graduate,487203,740,117333,Yes,No,No,3,195,No
4437,33,Technician,Married,Not Graduate,1055551,690,35542,No,No,Yes,2,40,No
4438,18,Student,Single,Not Graduate,952387,706,0,Yes,No,No,4,51,Yes
4439,44,Unemployed,Married,Graduate,529440,734,148274,No,Yes,No,4,74,Yes
4441,39,Admin,Married,Graduate,532573,747,157900,Yes,No,No,3,122,No
4442,24,Retired,Married,Graduate,198808,717,106512,No,Yes,Yes,1,90,Yes
4443,36,Management,Married,Graduate,268505,656,39973,Yes,No,Yes,4,58,Yes
4444,30,Admin,Married,Graduate,542789,694,0,No,No,No,4,93,Yes
4445,41,Retired,Married,Not Graduate,344208,595,237034,Yes,No,No,3,83,No
4446,59,Unemployed,Married,Not Graduate,610298,692,130389,No,No,Yes,2,73,No
4447,44,Unemployed,Single,Graduate,1127599,660,0,No,No,Yes,3,51,No
4448,46,Technician,Married,Graduate,323644,696,186875,No,No,Yes,5,1,No
4449,51,Entrepreneur,Married,Not Graduate,485601,716,0,No,No,Yes,5,145,No
4450,42,Entrepreneur,Married,Not Graduate,517701,609,83471,No,No,Yes,4,19,No
4451,55,Student,Married,Graduate,832105,661,138703,Yes,No,Yes,3,71,No
4452,33,Self-Employed,Married,Not Graduate,168536,673,0,No,No,No,2,169,No
4453,20,Admin,Married,Graduate,794833,627,160163,No,No,Yes,5,89,No
4454,56,Entrepreneur,Divorced,Graduate,272299,712,0,Yes,Yes,No,5,43,No
4455,30,Services,Single,Graduate,506433,716,108513,Yes,No,No,4,1,Yes
4456,31,Management,Single,Graduate,887483,733,15219,Yes,No,Yes,4,45,No
4457,58,Self-Employed,Single,Graduate,601985,755,137121,Yes,No,Yes,6,51,Yes
4458,38,Admin,Married,Graduate,253365,758,21584,No,No,No,2,20,No
4459,45,Unemployed,Divorced,Not Graduate,903239,696,29300,Yes,No,No,3,52,No
4460,52,Self-Employed,Single,Graduate,736929,723,160693,Yes,No,No,4,56,No
4461,64,Entrepreneur,Married,Graduate,351850,735,241617,Yes,No,No,3,63,No
4462,41,Unemployed,Married,Graduate,231445,716,102879,Yes,No,No,5,69,No
4463,19,Management,Married,Graduate,360568,752,0,No,No,Yes,5,37,Yes
4464,29,Technician,Single,Graduate,239809,677,61634,No,No,No,3,103,Yes
4465,33,Services,Married,Graduate,1012026,663,88480,No,No,No,4,15,No
4466,26,Entrepreneur,Married,Graduate,337641,624,63115,No,No,Yes,4,85,No
4467,53,Services,Single,Graduate,221672,597,0,No,No,Yes,2,65,No
4468,43,Admin,Single,Graduate,304019,673,38880,No,No,Yes,4,105,No
4469,28,Self-Employed,Single,Graduate,333181,662,130636,Yes,No,No,5,72,No
4470,34,Admin,Married,Graduate,344867,835,5593,Yes,No,Yes,3,18,No
4471,29,Self-Employed,Married,Graduate,1546599,743,178276,Yes,No,No,3,117,Yes
4472,34,Student,Married,Graduate,613463,850,46425,Yes,No,No,3,73,Yes
4473,35,Self-Employed,Married,Graduate,521022,619,83471,No,No,No,4,123,No
4474,18,Admin,Married,Graduate,277760,584,212611,Yes,No,No,3,38,Yes
4475,25,Retired,Married,Graduate,265503,667,73094,No,Yes,No,2,134,No
4476,56,Management,Married,Graduate,582444,641,4795,Yes,No,No,4,22,No
4477,40,Services,Single,Graduate,469567,751,0,Yes,No,No,3,14,No
4478,28,Unemployed,Married,Not Graduate,954654,738,0,Yes,No,No,2,14,No
4479,40,Management,Married,Not Graduate,511025,616,116512,No,No,No,2,1,No
4480,58,Retired,Married,Graduate,1180747,801,123833,No,Yes,Yes,4,22,No
4481,33,Unemployed,Single,Graduate,1256848,796,17356,No,Yes,Yes,2,97,Yes
4482,52,Management,Single,Graduate,323735,682,182122,Yes,No,No,5,70,Yes
4483,37,Self-Employed,Married,Graduate,423732,629,187485,Yes,Yes,No,3,102,No
4484,23,Retired,Married,Graduate,201512,659,257336,No,No,No,4,82,No
4485,38,Student,Married,Graduate,707395,620,83471,Yes,No,No,4,13,No
4486,52,Entrepreneur,Married,Graduate,474471,713,34420,Yes,No,Yes,2,69,No
4487,28,Services,Married,Not Graduate,557348,636,197709,No,No,No,2,58,No
4488,36,Entrepreneur,Single,Graduate,362700,732,0,No,No,No,1,1,No
4489,29,Management,Single,Not Graduate,858011,656,20649,No,No,No,4,113,Yes
4490,33,Services,Married,Not Graduate,498041,795,0,No,No,Yes,2,74,No
4491,39,Services,Single,Graduate,226970,633,119360,Yes,No,No,8,39,Yes
4492,36,Services,Single,Not Graduate,1216930,584,11754,Yes,No,Yes,2,47,Yes
4493,18,Self-Employed,Single,Graduate,359062,704,100521,No,No,Yes,5,84,Yes
4494,29,Technician,Married,Not Graduate,740647,784,60481,Yes,No,Yes,4,60,No
4495,34,Management,Married,Graduate,1630175,718,172944,Yes,No,Yes,4,93,Yes
4496,50,Admin,Divorced,Not Graduate,334375,716,213405,No,No,No,6,63,No
4497,25,Self-Employed,Single,Not Graduate,1957699,675,192811,No,No,Yes,2,34,Yes
4498,42,Retired,Divorced,Graduate,453652,754,135998,No,No,Yes,3,47,No
4499,34,Services,Married,Graduate,457493,688,217374,No,No,No,5,31,Yes
4500,46,Retired,Single,Graduate,916956,635,125426,No,No,No,3,9,Yes
4501,31,Services,Married,Not Graduate,528309,691,107496,No,No,Yes,3,68,No
4502,57,Retired,Married,Not Graduate,632110,668,80603,No,Yes,Yes,3,8,No
4503,26,Management,Married,Graduate,1204485,736,143164,No,Yes,No,3,40,Yes
4504,34,Self-Employed,Single,Not Graduate,296015,656,144568,Yes,No,No,6,10,No
4505,39,Entrepreneur,Single,Graduate,1506506,651,160147,Yes,Yes,No,3,61,Yes
4506,45,Entrepreneur,Married,Graduate,724975,702,26417,Yes,No,No,1,107,No
4507,49,Unemployed,Single,Graduate,553107,619,217547,Yes,No,No,2,1,No
4508,31,Retired,Married,Graduate,381310,577,169683,No,No,Yes,3,111,Yes
4509,40,Management,Married,Graduate,396598,566,96578,Yes,No,No,1,32,Yes
4510,57,Retired,Single,Graduate,284651,709,147310,No,No,Yes,2,1,Yes
4511,24,Services,Married,Graduate,1373898,760,110335,No,No,No,4,62,No
4512,32,Retired,Single,Graduate,847558,759,0,No,No,No,5,1,No
4513,39,Technician,Divorced,Graduate,391333,658,57407,Yes,No,Yes,4,16,No
4514,35,Services,Divorced,Not Graduate,2342470,733,35047,No,No,No,3,121,Yes
4515,48,Unemployed,Married,Not Graduate,225088,663,86245,Yes,No,No,4,73,Yes
4516,48,Admin,Married,Graduate,771952,689,62801,No,No,Yes,2,16,No
4517,18,Admin,Single,Graduate,472056,651,73708,No,No,Yes,5,69,No
4518,26,Admin,Single,Not Graduate,1022699,689,207272,No,No,No,3,117,No
4519,48,Management,Married,Graduate,986701,708,0,Yes,Yes,No,3,2,No
4520,54,Management,Married,Not Graduate,1217799,724,158774,No,No,No,6,51,Yes
4521,46,Unemployed,Married,Not Graduate,1226567,613,101434,Yes,No,No,1,60,Yes
4522,43,Student,Single,Graduate,326241,670,83471,No,No,Yes,5,57,No
4523,69,Unemployed,Single,Graduate,392967,614,318769,Yes,No,No,2,132,No
4524,37,Entrepreneur,Single,Graduate,650012,647,131757,Yes,No,No,2,1,No
4525,48,Retired,Married,Graduate,1080992,656,102583,Yes,No,Yes,4,87,Yes
4526,41,Unemployed,Married,Graduate,302826,714,103240,Yes,No,No,4,72,No
4527,36,Unemployed,Married,Not Graduate,304815,612,0,Yes,No,No,3,1,No
4528,34,Management,Married,Not Graduate,706413,633,0,Yes,No,No,5,84,No
4529,32,Management,Married,Graduate,772078,633,145079,No,No,Yes,2,76,Yes
4530,42,Entrepreneur,Divorced,Not Graduate,992655,636,262870,No,No,No,4,60,No
4531,59,Self-Employed,Married,Graduate,253105,733,130470,Yes,No,Yes,5,73,Yes
4532,44,Student,Married,Graduate,553107,734,179380,Yes,No,No,1,101,Yes
4533,37,Unemployed,Married,Graduate,311460,764,76656,No,No,No,3,82,Yes
4534,32,Management,Married,Not Graduate,419142,733,278625,Yes,No,Yes,7,1,Yes
4535,43,Student,Married,Graduate,1631922,730,227711,Yes,No,No,3,16,No
4536,30,Technician,Married,Not Graduate,212393,637,83471,Yes,No,No,2,85,No
4537,25,Retired,Married,Not Graduate,471334,644,21789,Yes,No,No,1,1,No
4539,40,Self-Employed,Divorced,Graduate,576819,565,88640,Yes,No,No,2,25,No
4540,48,Management,Single,Graduate,741983,581,10106,No,No,No,3,104,No
4541,49,Admin,Married,Not Graduate,455037,717,121973,No,Yes,Yes,3,2,No
4542,34,Unemployed,Divorced,Graduate,507860,588,60042,Yes,No,No,5,4,No
4543,40,Management,Divorced,Graduate,617514,729,235500,Yes,No,No,4,124,No
4544,39,Unemployed,Married,Graduate,606689,684,132928,No,No,No,5,78,Yes
4545,18,Services,Divorced,Not Graduate,988403,736,21199,Yes,No,No,6,140,No
4546,27,Management,Single,Not Graduate,540333,666,90112,Yes,No,No,4,87,Yes
4547,35,Entrepreneur,Single,Graduate,1272753,679,83471,No,No,Yes,1,117,Yes
4548,33,Student,Married,Graduate,1086906,696,337352,No,No,No,7,82,Yes
4549,36,Technician,Single,Graduate,873269,786,0,Yes,No,Yes,3,112,Yes
4550,44,Services,Married,Graduate,531325,756,35713,Yes,No,Yes,4,66,No
4551,30,Admin,Married,Graduate,463486,716,0,Yes,No,No,2,9,No
4552,34,Management,Single,Not Graduate,864527,607,118632,Yes,No,No,2,80,No
4553,44,Self-Employed,Married,Not Graduate,637732,565,68924,No,No,Yes,4,39,No
4554,70,Technician,Married,Not Graduate,832812,623,19911,No,No,Yes,5,69,No
4555,39,Entrepreneur,Married,Not Graduate,675363,447,194078,No,No,No,3,109,No
4556,49,Admin,Divorced,Not Graduate,1194957,689,77993,Yes,No,No,6,135,Yes
4557,46,Services,Divorced,Graduate,892703,841,131625,No,No,No,5,86,No
4558,39,Retired,Married,Not Graduate,1532104,751,48244,Yes,No,Yes,2,20,Yes
4559,31,Student,Single,Not Graduate,367095,650,170764,No,No,Yes,1,71,No
4560,43,Technician,Single,Not Graduate,640609,769,12504,No,No,No,3,64,No
4561,49,Technician,Married,Graduate,526358,672,122804,No,No,No,2,99,Yes
4562,39,Self-Employed,Single,Graduate,1491069,628,148478,No,No,Yes,4,127,No
4563,18,Management,Married,Graduate,320552,639,0,Yes,No,No,2,186,No
4564,52,Retired,Married,Graduate,544401,719,169026,Yes,No,Yes,2,62,Yes
4565,23,Retired,Single,Graduate,904685,679,27692,Yes,Yes,Yes,5,89,No
4566,27,Retired,Single,Not Graduate,418115,759,43306,No,No,Yes,3,84,No
4568,34,Student,Married,Graduate,553107,627,0,No,No,No,5,172,No
4569,22,Services,Married,Graduate,553107,628,66785,Yes,No,No,1,49,No
4570,45,Technician,Single,Graduate,376241,650,204776,Yes,No,No,2,118,Yes
4571,33,Self-Employed,Married,Graduate,1532877,635,222459,Yes,Yes,No,2,77,No
4572,41,Services,Single,Graduate,678705,632,42416,No,No,No,4,47,Yes
4573,33,Technician,Married,Not Graduate,849461,688,265344,Yes,No,No,10,71,No
4574,44,Unemployed,Divorced,Graduate,647812,687,0,No,No,Yes,2,150,No
4575,27,Self-Employed,Married,Graduate,644218,664,10375,No,No,Yes,4,29,No
4576,31,Unemployed,Divorced,Not Graduate,553107,689,222233,No,No,No,3,107,No
4577,42,Entrepreneur,Single,Graduate,1034449,666,129696,No,Yes,No,3,7,No
4578,22,Technician,Single,Graduate,1066102,685,111665,Yes,No,No,2,55,No
4579,44,Admin,Single,Graduate,569698,636,192376,Yes,No,No,3,94,No
4580,40,Retired,Married,Graduate,1224600,690,0,No,No,Yes,5,74,Yes
4581,50,Self-Employed,Married,Not Graduate,602521,683,271953,Yes,No,No,5,115,Yes
4582,50,Technician,Single,Graduate,831269,788,52969,Yes,No,No,5,49,No
4583,38,Admin,Married,Graduate,248751,810,0,Yes,No,Yes,3,54,No
4584,32,Entrepreneur,Married,Not Graduate,277470,689,130103,No,No,No,3,42,No
4585,45,Entrepreneur,Single,Graduate,611370,699,143510,Yes,Yes,Yes,2,43,No
4586,39,Student,Married,Graduate,383152,655,130300,Yes,No,No,2,93,No
4587,46,Unemployed,Single,Graduate,328243,634,20204,Yes,No,No,3,71,Yes
4588,38,Self-Employed,Single,Not Graduate,305807,677,159852,Yes,No,No,2,60,No
4589,42,Services,Single,Graduate,323010,763,0,Yes,No,No,3,116,Yes
4590,42,Services,Single,Graduate,597833,697,0,Yes,No,No,2,105,No
4591,35,Services,Single,Graduate,365723,684,93975,Yes,No,No,4,55,Yes
4592,32,Retired,Married,Not Graduate,472308,649,0,No,No,No,5,55,No
4593,47,Services,Single,Not Graduate,1325527,666,66708,No,No,Yes,3,34,No
4594,43,Student,Single,Graduate,518442,697,83471,Yes,No,Yes,2,67,Yes
4595,42,Management,Single,Not Graduate,623642,563,145414,No,Yes,Yes,3,57,No
4596,43,Management,Divorced,Graduate,252439,697,0,No,No,No,7,180,No
4597,46,Technician,Single,Graduate,369973,533,35098,No,No,No,5,67,No
4598,35,Retired,Married,Graduate,1638452,595,178421,No,Yes,Yes,5,8,Yes
4599,29,Self-Employed,Single,Graduate,350417,804,23201,No,Yes,No,2,78,Yes
4600,56,Student,Married,Graduate,755498,709,215447,No,No,No,4,67,Yes
4601,18,Entrepreneur,Married,Graduate,1233598,674,83471,No,Yes,Yes,3,49,No
4602,23,Entrepreneur,Married,Not Graduate,698905,702,48021,No,No,No,2,1,Yes
4603,59,Entrepreneur,Divorced,Graduate,474930,764,57736,No,No,No,4,43,No
4604,50,Admin,Married,Graduate,374224,754,13559,No,No,No,2,95,Yes
4605,27,Retired,Married,Not Graduate,941398,673,0,No,No,No,4,148,No
4606,26,Admin,Married,Graduate,419547,725,106915,No,No,Yes,3,43,Yes
4607,28,Services,Single,Graduate,343306,774,0,Yes,Yes,Yes,7,87,No
4608,75,Retired,Married,Graduate,998397,711,71815,Yes,Yes,No,3,53,No
4609,47,Retired,Married,Graduate,365664,689,90991,Yes,No,No,3,26,Yes
4610,26,Retired,Single,Graduate,623404,586,214246,Yes,Yes,Yes,3,63,No
4611,43,Retired,Divorced,Graduate,1281668,692,73058,No,No,No,2,1,No
4612,31,Management,Married,Graduate,343478,811,180074,No,No,No,3,47,No
4613,45,Self-Employed,Married,Not Graduate,281099,689,43193,Yes,No,Yes,3,160,No
4614,32,Self-Employed,Married,Graduate,579039,631,67664,Yes,No,No,4,73,No
4615,42,Management,Single,Graduate,1295240,739,0,No,No,No,3,79,No
4616,39,Self-Employed,Single,Not Graduate,517870,694,103097,Yes,No,No,4,2,Yes
4617,31,Services,Married,Graduate,766175,734,0,Yes,No,Yes,4,148,No
4618,37,Services,Divorced,Graduate,2465840,721,0,Yes,No,No,8,1,No
4619,37,Management,Married,Graduate,881136,665,58300,No,No,Yes,4,1,No
4620,22,Retired,Single,Not Graduate,541555,596,0,Yes,No,No,3,36,No
4621,35,Admin,Married,Not Graduate,553107,681,4324,No,No,Yes,3,29,Yes
4622,60,Self-Employed,Married,Graduate,1928334,647,46580,No,No,No,3,73,Yes
4623,36,Entrepreneur,Single,Graduate,553107,655,100829,Yes,No,No,3,59,No
4624,58,Technician,Divorced,Not Graduate,424897,689,220577,No,Yes,Yes,2,79,No
4625,48,Retired,Single,Graduate,573730,692,4880,No,No,Yes,1,19,Yes
4626,32,Management,Single,Not Graduate,553322,790,0,Yes,No,No,5,82,No
4627,18,Admin,Married,Not Graduate,457029,743,57125,Yes,No,No,5,21,No
4628,32,Admin,Married,Graduate,407916,739,42708,Yes,No,Yes,2,25,No
4629,56,Unemployed,Divorced,Graduate,485386,674,25585,Yes,No,No,2,35,Yes
4630,21,Services,Divorced,Graduate,510261,738,113246,Yes,No,No,3,1,Yes
4631,38,Entrepreneur,Married,Graduate,354870,713,0,No,Yes,No,5,86,No
4632,52,Entrepreneur,Married,Not Graduate,919798,696,83471,No,No,No,2,1,Yes
4633,27,Entrepreneur,Single,Graduate,549163,774,36053,Yes,No,No,4,40,Yes
4634,32,Services,Married,Graduate,806088,689,147895,No,No,No,6,36,Yes
4635,31,Management,Single,Graduate,427125,555,136987,No,Yes,No,7,36,No
4636,41,Student,Married,Graduate,469003,661,130824,No,Yes,No,3,97,No
4637,44,Entrepreneur,Married,Graduate,253831,682,83823,No,No,Yes,4,56,No
4638,28,Self-Employed,Married,Graduate,553107,664,141346,Yes,No,No,3,44,No
4639,55,Admin,Married,Graduate,794820,571,166788,No,No,No,4,83,No
4640,43,Technician,Single,Not Graduate,812741,688,26423,Yes,No,No,6,81,No
4641,58,Unemployed,Married,Graduate,503891,850,62474,Yes,No,Yes,4,127,Yes
4642,38,Self-Employed,Single,Graduate,240212,575,248160,No,No,Yes,6,1,No
4643,61,Self-Employed,Married,Graduate,462448,711,34356,Yes,No,Yes,1,55,Yes
4644,27,Student,Married,Graduate,470084,698,67822,Yes,No,No,3,146,No
4645,56,Entrepreneur,Married,Graduate,539307,630,83471,Yes,No,Yes,3,71,No
4646,55,Unemployed,Single,Not Graduate,703815,656,106308,No,No,No,7,168,No
4647,18,Self-Employed,Single,Graduate,412022,648,0,No,No,No,1,1,No
4648,31,Admin,Single,Graduate,876344,842,87978,Yes,No,No,2,94,Yes
4649,50,Admin,Divorced,Graduate,635195,715,61452,Yes,No,No,3,60,No
4650,28,Retired,Married,Graduate,3688987,703,30385,Yes,No,No,2,1,Yes
4651,57,Admin,Single,Graduate,496969,648,204670,No,No,No,5,85,Yes
4652,36,Retired,Married,Graduate,197013,618,0,No,No,No,2,1,No
4653,27,Unemployed,Single,Not Graduate,419664,759,220633,Yes,No,No,3,1,Yes
4654,69,Admin,Married,Not Graduate,448748,635,239190,Yes,No,Yes,2,208,No
4655,61,Entrepreneur,Married,Graduate,422737,708,56517,No,No,No,5,129,No
4656,33,Self-Employed,Married,Not Graduate,307108,680,206077,No,No,No,1,156,No
4657,46,Student,Single,Not Graduate,635875,612,72421,Yes,No,Yes,1,80,No
4658,35,Management,Married,Graduate,341051,850,25815,No,No,No,5,88,Yes
4659,38,Unemployed,Married,Not Graduate,482158,703,72952,No,No,No,2,65,No
4660,19,Admin,Married,Graduate,734568,720,0,Yes,Yes,No,4,11,No
4661,30,Admin,Divorced,Graduate,1320143,624,149411,No,No,No,3,126,Yes
4662,24,Management,Married,Graduate,181808,710,97035,Yes,No,No,3,64,No
4663,29,Admin,Single,Graduate,674403,618,189976,Yes,Yes,No,1,85,No
4664,37,Admin,Married,Not Graduate,325637,783,137909,Yes,No,No,3,17,Yes
4665,40,Admin,Married,Graduate,539428,723,0,Yes,No,No,3,17,No
4666,21,Services,Married,Graduate,1113898,610,0,No,No,No,4,104,No
4667,43,Services,Single,Graduate,613940,761,117423,Yes,No,No,3,55,Yes
4668,47,Technician,Married,Graduate,999826,651,0,Yes,Yes,No,2,30,Yes
4669,35,Entrepreneur,Married,Graduate,351050,762,62218,Yes,No,No,3,112,Yes
4670,43,Admin,Divorced,Graduate,624114,747,166905,Yes,No,Yes,6,73,No
4671,37,Entrepreneur,Married,Graduate,506754,665,110037,Yes,Yes,No,3,1,No
4672,21,Services,Married,Graduate,274213,662,51255,No,No,No,2,83,Yes
4673,35,Retired,Divorced,Not Graduate,738053,729,320091,Yes,Yes,No,3,56,No
4674,43,Management,Married,Graduate,460019,580,138463,Yes,No,No,4,150,No
4675,47,Management,Married,Not Graduate,682929,673,86003,No,No,No,4,103,No
4676,32,Entrepreneur,Married,Graduate,560044,725,157962,Yes,No,Yes,4,46,No
4677,56,Management,Divorced,Not Graduate,462965,710,107048,Yes,No,No,9,114,No
4678,36,Services,Married,Graduate,655627,549,67004,Yes,No,No,2,62,Yes
4679,42,Management,Married,Graduate,358049,621,69908,No,No,No,3,46,No
4680,45,Admin,Married,Graduate,901480,776,0,Yes,Yes,No,6,152,No
4681,42,Technician,Single,Graduate,571403,740,299768,Yes,No,No,4,10,No
4682,50,Unemployed,Single,Not Graduate,405155,830,125884,No,No,Yes,5,8,Yes
4683,55,Services,Married,Not Graduate,687387,783,0,Yes,No,No,5,53,No
4684,51,Technician,Single,Graduate,236555,551,18576,No,No,No,4,129,No
4685,60,Student,Married,Graduate,794203,632,119278,No,Yes,No,2,48,No
4686,18,Unemployed,Married,Graduate,826335,631,45101,Yes,No,No,2,138,No
4687,50,Self-Employed,Married,Graduate,713237,719,0,Yes,No,No,6,98,No
4688,32,Services,Married,Not Graduate,721994,675,205390,No,No,No,7,89,No
4689,40,Services,Married,Graduate,347020,706,147918,Yes,No,No,2,51,No
4690,45,Retired,Single,Graduate,473295,709,113381,No,No,No,4,109,Yes
4691,39,Self-Employed,Single,Graduate,483688,606,68610,No,No,No,1,45,No
4692,32,Management,Married,Graduate,500281,631,95294,No,No,No,3,127,No
4693,49,Unemployed,Married,Not Graduate,734202,679,37851,Yes,No,No,5,76,No
4694,49,Unemployed,Married,Not Graduate,553107,850,119960,No,No,No,5,87,Yes
4695,67,Unemployed,Single,Graduate,260391,677,142156,No,No,No,4,73,No
4696,42,Services,Married,Not Graduate,587615,744,88394,No,No,Yes,1,1,Yes
4697,41,Retired,Married,Graduate,1307291,722,208738,Yes,Yes,No,4,37,Yes
4698,48,Unemployed,Married,Graduate,1010712,708,134802,No,No,Yes,4,37,No
4699,30,Unemployed,Married,Graduate,348430,600,83471,No,No,Yes,3,66,Yes
4700,43,Student,Married,Not Graduate,579978,592,127750,No,No,No,2,24,No
4701,47,Admin,Single,Graduate,431988,638,56237,Yes,No,No,3,19,Yes
4702,29,Entrepreneur,Married,Graduate,770410,686,0,No,No,No,3,126,Yes
4703,25,Admin,Divorced,Graduate,241462,676,0,Yes,No,No,1,180,Yes
4704,50,Retired,Single,Graduate,449045,850,0,No,No,No,2,88,Yes
4705,38,Entrepreneur,Married,Not Graduate,671700,759,31436,No,No,No,4,98,Yes
4706,57,Retired,Married,Graduate,658286,710,5395,No,No,No,3,87,Yes
4707,43,Technician,Divorced,Not Graduate,503677,632,151830,Yes,No,Yes,4,104,No
4708,55,Self-Employed,Single,Graduate,415461,682,106702,Yes,No,Yes,4,73,Yes
4709,49,Unemployed,Single,Graduate,670940,691,0,Yes,Yes,No,3,98,No
4710,53,Entrepreneur,Married,Graduate,413561,706,166837,No,No,No,6,103,No
4711,21,Self-Employed,Married,Not Graduate,590875,644,213181,No,No,No,1,55,Yes
4712,37,Student,Single,Graduate,1130385,653,116513,Yes,No,No,4,126,No
4713,42,Student,Divorced,Graduate,1094045,670,68343,Yes,No,No,1,65,No
4714,35,Technician,Divorced,Graduate,536672,678,0,Yes,No,No,3,21,No
4715,33,Entrepreneur,Single,Graduate,1066566,705,143964,Yes,No,No,4,85,Yes
4716,63,Unemployed,Married,Graduate,545118,745,81951,Yes,No,No,4,58,Yes
4717,47,Self-Employed,Married,Graduate,921713,598,0,Yes,No,No,3,38,No
4718,50,Unemployed,Single,Not Graduate,178459,689,204898,Yes,No,No,4,66,No
4719,43,Services,Married,Not Graduate,1573993,596,10000000,No,No,Yes,1,102,No
4720,40,Self-Employed,Divorced,Not Graduate,270624,636,54474,No,No,No,4,1,No
4721,60,Management,Married,Graduate,1409235,715,113875,Yes,No,Yes,3,24,No
4722,55,Self-Employed,Single,Graduate,842005,618,0,Yes,No,No,2,135,No
4723,27,Management,Single,Graduate,305169,745,76536,No,No,Yes,4,25,No
4724,46,Services,Married,Graduate,863465,668,68127,Yes,No,Yes,2,46,Yes
4725,20,Admin,Single,Not Graduate,368709,700,0,No,No,No,1,40,Yes
4726,46,Entrepreneur,Divorced,Not Graduate,306778,685,170708,No,No,No,4,91,Yes
4727,32,Entrepreneur,Married,Not Graduate,374084,663,98065,Yes,No,No,2,20,No
4728,18,Student,Married,Graduate,715784,657,0,No,No,No,2,28,No
4729,34,Retired,Single,Graduate,120000,699,0,Yes,No,No,1,52,Yes
4730,49,Student,Married,Graduate,674412,689,13969,No,No,Yes,4,50,No
4731,39,Technician,Married,Graduate,1135371,788,118047,Yes,No,No,5,83,No
4732,18,Self-Employed,Married,Graduate,338342,727,165306,Yes,No,No,4,79,No
4733,39,Entrepreneur,Single,Graduate,771641,663,0,No,No,No,7,73,No
4735,57,Services,Married,Not Graduate,354582,689,125685,Yes,No,No,1,30,No
4736,52,Self-Employed,Married,Graduate,634388,713,0,No,No,No,4,46,No
4737,26,Self-Employed,Married,Not Graduate,347893,613,144229,Yes,No,No,5,41,No
4738,20,Admin,Single,Graduate,732329,711,77140,No,No,Yes,5,119,Yes
4739,42,Retired,Married,Graduate,491412,671,83471,Yes,No,No,2,88,Yes
4740,41,Entrepreneur,Married,Graduate,422082,732,0,No,No,Yes,3,1,No
4741,47,Self-Employed,Single,Graduate,480958,788,82692,No,No,No,4,26,Yes
4742,27,Retired,Single,Graduate,332386,527,0,No,No,No,4,72,No
4743,39,Unemployed,Married,Not Graduate,2784732,720,83471,Yes,No,No,3,29,No
4744,40,Services,Single,Graduate,1795818,677,0,Yes,No,No,3,75,No
4745,42,Services,Single,Not Graduate,146881,706,15820,No,No,No,3,86,No
4746,33,Management,Divorced,Not Graduate,1136934,706,226810,Yes,No,No,2,63,Yes
4748,66,Entrepreneur,Divorced,Graduate,632348,772,117356,No,No,Yes,3,116,No
4750,30,Technician,Married,Not Graduate,334199,556,32008,Yes,Yes,No,3,80,No
4751,46,Student,Married,Graduate,553107,744,188615,No,No,Yes,4,8,No
4752,38,Student,Divorced,Graduate,565695,662,96529,No,No,Yes,2,70,No
4753,35,Services,Married,Graduate,726710,731,229057,No,No,No,3,27,No
4754,46,Unemployed,Divorced,Graduate,428862,761,0,Yes,No,No,2,15,No
4755,34,Entrepreneur,Married,Graduate,1332793,632,13034,No,No,No,2,4,No
4756,18,Services,Divorced,Graduate,399593,743,0,Yes,No,Yes,6,114,Yes
4757,39,Services,Divorced,Graduate,214535,779,23444,No,No,No,4,2,No
4758,36,Student,Married,Graduate,375627,706,22215,No,No,Yes,4,119,Yes
4759,36,Unemployed,Married,Not Graduate,533989,659,0,No,No,No,4,64,No
4760,48,Student,Divorced,Not Graduate,344572,591,22351,Yes,No,No,3,25,No
4761,43,Unemployed,Divorced,Graduate,553107,588,283609,No,Yes,Yes,8,27,No
4762,26,Admin,Divorced,Graduate,450578,708,240531,Yes,No,No,4,105,Yes
4763,43,Student,Single,Graduate,289516,695,0,Yes,No,No,1,5,No
4764,48,Entrepreneur,Single,Graduate,324130,595,38225,No,No,No,2,79,Yes
4765,40,Entrepreneur,Single,Graduate,368058,572,131510,No,No,No,7,143,Yes
4766,39,Technician,Married,Graduate,466639,671,164723,Yes,No,No,2,57,Yes
4767,34,Management,Married,Graduate,745831,543,0,No,No,Yes,5,57,No
4768,38,Retired,Single,Graduate,791774,609,106288,Yes,No,No,1,103,No
4769,44,Admin,Married,Graduate,695794,637,195924,No,No,No,2,84,Yes
4770,21,Student,Married,Graduate,376773,689,114616,No,No,Yes,50,109,Yes
4771,56,Admin,Married,Graduate,603207,643,156,No,No,Yes,6,104,No
4772,32,Technician,Single,Graduate,496450,729,66909,Yes,No,Yes,3,1,No
4773,41,Technician,Married,Graduate,429280,639,107772,No,No,Yes,2,26,Yes
4774,44,Student,Single,Graduate,494540,691,0,No,No,Yes,4,39,No
4775,59,Unemployed,Married,Graduate,546684,652,155863,No,No,Yes,5,128,No
4776,38,Self-Employed,Married,Graduate,561016,782,59712,No,Yes,No,1,67,Yes
4777,39,Management,Married,Graduate,1334581,729,96388,No,No,No,1,85,No
4778,47,Retired,Married,Not Graduate,647517,619,67174,No,No,No,4,47,No
4779,59,Services,Divorced,Graduate,305394,731,18823,No,No,No,6,12,No
4780,32,Services,Married,Graduate,693638,640,121397,No,No,No,2,105,No
4781,51,Technician,Married,Not Graduate,560531,693,146192,No,No,No,2,82,No
4782,38,Management,Single,Graduate,983528,815,155736,Yes,No,No,2,102,Yes
4783,31,Self-Employed,Married,Graduate,909465,693,178363,No,No,No,3,117,No
4784,31,Self-Employed,Married,Graduate,635979,564,0,Yes,No,No,2,1,No
4785,25,Student,Single,Graduate,909200,742,120126,No,Yes,Yes,3,195,Yes
4786,32,Admin,Married,Not Graduate,1069298,755,360677,Yes,No,Yes,3,115,No
4787,40,Services,Single,Graduate,574247,731,185670,Yes,No,Yes,1,127,Yes
4788,30,Self-Employed,Single,Graduate,1016605,701,22240,Yes,No,No,3,24,Yes
4789,32,Student,Married,Graduate,943134,637,0,No,No,Yes,2,54,No
4790,44,Management,Divorced,Graduate,395445,683,324072,No,No,No,2,148,Yes
4791,59,Retired,Married,Graduate,474417,812,70292,No,No,Yes,5,109,Yes
4792,31,Retired,Married,Not Graduate,670276,573,222283,Yes,No,No,5,80,No
4793,18,Unemployed,Single,Not Graduate,346649,694,199244,Yes,No,Yes,3,34,No
4794,35,Entrepreneur,Divorced,Graduate,377813,689,60463,No,No,Yes,2,141,Yes
4795,52,Technician,Single,Not Graduate,269522,638,83471,No,No,No,2,83,No
4796,18,Management,Married,Graduate,388648,736,183637,No,No,Yes,4,23,No
4797,33,Admin,Single,Graduate,919408,743,0,Yes,No,Yes,2,29,Yes
4798,43,Management,Single,Graduate,655968,702,7719,No,No,Yes,2,19,No
4799,59,Unemployed,Married,Graduate,323343,638,49128,Yes,No,No,3,48,No
4800,40,Unemployed,Married,Graduate,491660,595,152922,No,Yes,Yes,3,90,No
4801,35,Unemployed,Single,Graduate,396295,783,287947,No,No,Yes,4,98,Yes
4802,49,Unemployed,Married,Not Graduate,1086240,731,11171,Yes,Yes,No,2,117,Yes
4803,23,Self-Employed,Married,Graduate,335968,732,236463,No,No,No,3,40,No
4804,52,Services,Married,Not Graduate,1391873,616,162730,Yes,No,Yes,1,82,Yes
4805,28,Admin,Married,Graduate,599112,696,111308,Yes,No,Yes,2,75,Yes
4806,33,Retired,Single,Graduate,480486,712,90334,Yes,No,No,4,145,No
4807,55,Admin,Married,Graduate,746403,510,27103,No,No,No,5,80,No
4808,39,Technician,Married,Not Graduate,451507,628,0,No,No,No,2,31,No
4809,54,Unemployed,Single,Not Graduate,585609,830,63798,Yes,Yes,No,5,53,Yes
4810,41,Entrepreneur,Married,Graduate,1045670,705,0,No,No,No,4,75,No
4811,25,Technician,Married,Graduate,214422,643,163020,Yes,No,No,3,18,No
4812,47,Services,Single,Not Graduate,486483,655,61206,No,No,No,3,190,No
4813,41,Services,Married,Graduate,325460,696,201908,Yes,No,Yes,2,1,No
4814,38,Student,Single,Not Graduate,965866,643,54992,Yes,No,No,3,111,Yes
4815,52,Services,Married,Not Graduate,553107,706,154149,No,Yes,No,4,1,No
4816,45,Management,Married,Graduate,522397,605,240651,Yes,No,No,2,164,Yes
4817,43,Self-Employed,Married,Not Graduate,292951,530,207586,No,No,No,3,59,No
4818,47,Management,Married,Graduate,304080,712,246810,No,No,No,3,31,Yes
4819,37,Student,Single,Graduate,1000221,650,140959,Yes,No,No,6,1,No
4820,31,Admin,Single,Graduate,391010,646,123181,Yes,Yes,No,2,107,No
4821,36,Retired,Single,Not Graduate,577411,627,22181,Yes,No,No,2,118,No
4822,40,Student,Married,Not Graduate,521369,654,131255,No,No,No,4,154,No
4823,53,Self-Employed,Married,Not Graduate,947484,533,156493,Yes,No,No,3,79,Yes
4824,35,Management,Single,Graduate,554101,839,125732,Yes,No,Yes,3,47,Yes
4825,36,Entrepreneur,Married,Graduate,2478463,739,200878,No,No,Yes,3,89,Yes
4826,40,Management,Married,Not Graduate,782502,593,141205,No,No,No,5,87,No
4827,25,Admin,Married,Graduate,897423,606,104751,No,Yes,Yes,3,90,No
4828,36,Student,Divorced,Graduate,284533,698,63339,Yes,No,No,4,104,No
4829,32,Self-Employed,Single,Graduate,1092736,705,89533,No,No,No,3,140,Yes
4830,37,Retired,Married,Not Graduate,761110,750,32621,Yes,No,Yes,3,51,No
4831,53,Services,Married,Graduate,171731,758,0,No,Yes,No,3,120,No
4832,47,Self-Employed,Married,Graduate,421678,648,131748,No,No,Yes,6,15,No
4833,39,Admin,Married,Graduate,904071,818,130874,Yes,Yes,Yes,6,20,Yes
4834,37,Admin,Married,Graduate,565869,669,114570,No,Yes,No,2,72,No
4835,43,Services,Single,Not Graduate,229909,621,115702,Yes,No,Yes,6,40,Yes
4836,46,Admin,Married,Not Graduate,352610,725,22512,Yes,Yes,Yes,3,10,No
4837,40,Admin,Single,Not Graduate,402504,669,0,Yes,Yes,No,4,42,No
4838,29,Technician,Married,Not Graduate,202160,652,61140,No,No,No,3,21,No
4839,37,Services,Divorced,Graduate,370384,656,56427,Yes,No,Yes,2,30,No
4840,36,Self-Employed,Single,Not Graduate,485708,574,141901,No,No,Yes,3,24,No
4841,45,Unemployed,Married,Not Graduate,634941,701,99865,Yes,Yes,No,3,1,No
4842,56,Technician,Married,Graduate,505221,716,139643,No,No,No,2,15,Yes
4843,37,Services,Divorced,Graduate,191968,643,0,No,No,No,6,46,Yes
4844,46,Retired,Married,Graduate,205789,665,47544,No,No,No,5,25,No
4845,31,Admin,Single,Not Graduate,562342,704,166982,No,No,No,3,96,No
4846,27,Management,Married,Not Graduate,392081,720,65107,No,No,No,2,107,Yes
4847,48,Retired,Married,Graduate,255757,618,0,Yes,No,No,5,121,Yes
4848,39,Management,Married,Graduate,906207,545,7581,Yes,No,No,4,73,No
4849,34,Entrepreneur,Married,Graduate,265849,637,82592,No,No,No,2,37,No
4850,32,Self-Employed,Single,Graduate,120000,834,50274,No,No,No,5,148,Yes
4851,33,Entrepreneur,Married,Not Graduate,622247,598,38969,No,No,No,3,117,No
4852,46,Entrepreneur,Married,Graduate,945778,806,0,Yes,No,No,1,123,Yes
4854,40,Student,Married,Graduate,322557,750,0,No,No,No,3,135,No
4855,52,Retired,Married,Graduate,890568,748,46045,No,No,No,4,49,Yes
4856,36,Unemployed,Divorced,Graduate,223829,683,3038,No,No,Yes,2,122,No
4857,39,Student,Single,Graduate,285608,787,20000000,No,Yes,No,3,128,No
4858,43,Admin,Single,Not Graduate,166944,729,51089,Yes,No,No,6,78,No
4859,47,Student,Married,Graduate,683501,670,230519,No,Yes,No,3,58,Yes
4860,29,Management,Married,Not Graduate,190742,716,87811,No,No,Yes,3,86,No
4861,38,Unemployed,Married,Graduate,928506,750,199354,No,Yes,No,2,145,Yes
4862,40,Services,Married,Not Graduate,545243,561,153055,No,Yes,No,3,79,No
4863,28,Management,Married,Graduate,398548,637,253539,Yes,No,Yes,5,34,No
4864,38,Entrepreneur,Married,Graduate,697936,728,194367,No,No,No,3,63,No
4865,34,Unemployed,Divorced,Graduate,1054604,628,97594,Yes,No,No,2,1,No
4866,51,Retired,Married,Graduate,928521,672,0,No,No,Yes,3,74,No
4867,49,Unemployed,Married,Graduate,798472,619,37776,No,No,No,3,125,No
4868,48,Student,Single,Graduate,547782,644,25426,Yes,No,No,3,62,No
4869,39,Management,Single,Graduate,948858,645,0,No,Yes,No,4,1,No
4870,35,Technician,Single,Graduate,218019,680,54959,Yes,Yes,Yes,3,167,Yes
4871,35,Retired,Divorced,Not Graduate,650988,575,98036,Yes,No,No,3,76,No
4872,39,Student,Single,Graduate,298860,719,0,No,No,Yes,2,9,Yes
4873,53,Self-Employed,Married,Not Graduate,699358,742,119937,No,No,No,3,5,No
4874,45,Management,Single,Graduate,642401,711,192898,No,Yes,No,5,1,Yes
4875,46,Admin,Single,Graduate,1060526,593,0,Yes,Yes,Yes,3,74,No
4876,19,Entrepreneur,Married,Graduate,457825,608,106243,No,No,No,4,160,No
4877,47,Technician,Married,Graduate,643463,696,115557,No,No,No,4,131,Yes
4878,44,Student,Single,Graduate,301425,718,151547,Yes,No,Yes,2,104,Yes
4879,43,Services,Single,Not Graduate,314451,676,320038,Yes,No,No,1,69,Yes
4880,29,Management,Single,Not Graduate,1173053,641,83471,No,Yes,Yes,3,83,Yes
4881,32,Self-Employed,Married,Graduate,435747,734,192188,No,No,Yes,3,151,Yes
4882,45,Student,Married,Graduate,287214,693,0,Yes,No,No,5,82,Yes
4883,35,Admin,Married,Not Graduate,448207,738,73783,Yes,No,No,5,112,No
4884,36,Services,Divorced,Graduate,178064,716,161621,Yes,No,No,3,43,No
4885,31,Self-Employed,Married,Graduate,380186,700,12254,No,No,No,2,108,No
4886,43,Unemployed,Married,Graduate,862597,704,0,No,No,Yes,1,51,No
4887,35,Technician,Married,Graduate,784778,695,3120,Yes,No,No,4,61,No
4888,45,Entrepreneur,Married,Not Graduate,1206969,634,270958,No,No,No,5,87,No
4889,49,Management,Single,Not Graduate,1125386,638,109586,Yes,No,No,4,55,Yes
4890,37,Unemployed,Single,Graduate,723205,840,62086,Yes,No,No,4,105,Yes
4891,55,Services,Married,Graduate,287128,618,226289,No,Yes,No,3,80,Yes
4892,24,Entrepreneur,Married,Graduate,405608,639,0,No,No,No,1,102,Yes
4893,31,Student,Single,Not Graduate,397778,820,122029,Yes,Yes,No,3,122,Yes
4894,49,Technician,Married,Not Graduate,491582,606,178201,No,No,Yes,2,93,No
4895,43,Unemployed,Single,Not Graduate,743960,644,0,No,No,No,3,80,Yes
4896,69,Management,Married,Graduate,646872,758,74123,No,No,Yes,4,1,No
4897,51,Retired,Single,Graduate,663936,702,87784,No,No,Yes,5,58,No
4898,44,Management,Married,Not Graduate,2461649,760,80895,No,No,No,4,127,Yes
4899,27,Student,Single,Graduate,425156,707,18259,Yes,Yes,No,5,93,Yes
4900,22,Entrepreneur,Married,Graduate,1167318,635,182688,Yes,Yes,Yes,4,93,No
4901,39,Unemployed,Single,Not Graduate,561161,798,44333,Yes,No,No,4,86,No
4902,52,Entrepreneur,Single,Graduate,422733,679,72600,No,No,No,3,116,Yes
4903,45,Self-Employed,Married,Graduate,493322,731,78425,No,Yes,No,2,75,No
4904,42,Technician,Single,Graduate,310853,646,0,No,No,No,5,103,No
4905,48,Entrepreneur,Single,Graduate,379969,793,0,No,No,No,3,91,No
4906,59,Management,Single,Graduate,553107,734,263546,Yes,Yes,No,3,114,Yes
4907,39,Technician,Married,Graduate,377495,710,21174,Yes,No,No,2,1,No
4908,46,Self-Employed,Married,Graduate,610487,661,77109,Yes,Yes,No,4,94,No
4909,38,Retired,Single,Graduate,305874,687,0,No,No,No,6,46,No
4910,40,Student,Married,Graduate,1723604,689,125147,No,No,Yes,7,107,No
4911,45,Unemployed,Single,Graduate,549212,705,86227,No,Yes,No,3,81,Yes
4912,27,Student,Married,Not Graduate,299099,689,0,No,No,Yes,1,1,No
4913,38,Unemployed,Divorced,Graduate,926031,733,45408,Yes,No,Yes,1,32,Yes
4914,32,Unemployed,Married,Graduate,1258728,647,147973,No,No,No,4,59,No
4915,24,Student,Married,Not Graduate,1084050,627,56691,No,No,Yes,6,1,No
4916,38,Retired,Married,Graduate,520428,699,69818,No,Yes,Yes,4,103,No
4917,50,Services,Single,Graduate,470688,529,41695,Yes,No,No,7,87,No
4918,42,Services,Single,Graduate,868979,807,140013,No,No,No,3,11,Yes
4919,50,Retired,Married,Graduate,267808,680,88878,No,No,No,7,57,No
4920,62,Services,Single,Not Graduate,272071,706,33800,Yes,Yes,Yes,3,64,No
4921,52,Entrepreneur,Married,Graduate,269596,674,0,Yes,No,Yes,3,9,No
4922,32,Management,Married,Graduate,1341566,778,15834,No,No,No,1,147,No
4923,18,Student,Married,Graduate,672373,701,10015,No,No,Yes,4,118,No
4924,37,Services,Single,Graduate,440317,701,71492,No,No,No,4,40,Yes
4925,40,Management,Single,Graduate,450673,675,106567,No,No,No,3,28,Yes
4926,35,Student,Married,Not Graduate,318491,781,175454,Yes,No,No,4,126,No
4927,39,Retired,Single,Graduate,495755,674,99702,No,No,No,3,1,No
4928,36,Retired,Married,Graduate,1297933,670,232243,No,No,No,3,139,Yes
4929,22,Unemployed,Single,Not Graduate,1133202,721,152690,Yes,Yes,Yes,4,159,Yes
4930,46,Services,Married,Graduate,1259300,699,182005,No,No,No,4,19,No
4931,51,Self-Employed,Married,Graduate,251523,515,114004,Yes,Yes,Yes,3,89,No
4932,36,Services,Married,Not Graduate,611907,705,0,No,No,Yes,1,51,No
4933,45,Unemployed,Married,Graduate,483513,777,0,No,No,No,1,1,No
4934,42,Entrepreneur,Married,Graduate,553107,782,87909,No,No,Yes,4,149,Yes
4935,53,Admin,Married,Not Graduate,1050170,764,94384,Yes,No,Yes,3,118,Yes
4936,44,Admin,Married,Not Graduate,621591,689,119311,Yes,No,No,5,45,Yes
4937,40,Retired,Married,Not Graduate,1579756,571,34160,Yes,No,No,2,109,No
4938,43,Services,Single,Graduate,505428,821,0,No,No,No,3,49,Yes
4939,44,Services,Divorced,Graduate,247841,811,113450,No,No,Yes,6,115,No
4940,49,Unemployed,Divorced,Graduate,275260,670,79790,Yes,No,No,2,45,No
4941,31,Self-Employed,Married,Not Graduate,756227,716,57165,Yes,No,No,1,14,No
4942,35,Retired,Single,Not Graduate,176965,688,0,No,No,No,4,63,No
4943,22,Admin,Single,Not Graduate,864341,642,0,No,No,No,6,1,No
4944,32,Entrepreneur,Married,Graduate,934468,689,0,Yes,No,No,4,1,No
4945,56,Management,Married,Not Graduate,428119,744,159929,No,Yes,Yes,4,11,No
4946,30,Retired,Married,Not Graduate,438527,735,0,Yes,No,No,2,102,No
4947,37,Admin,Married,Not Graduate,338489,758,153118,Yes,No,No,4,96,No
4948,33,Technician,Married,Not Graduate,774259,636,87398,Yes,Yes,No,5,93,No
4949,54,Student,Divorced,Graduate,215937,595,87059,Yes,Yes,Yes,5,116,No
4950,32,Student,Single,Graduate,1074349,632,174275,Yes,No,No,2,5,No
4951,25,Unemployed,Married,Graduate,235582,762,120413,No,No,Yes,1,117,Yes
4952,30,Services,Married,Graduate,235187,691,174758,No,No,No,4,76,No
4953,56,Self-Employed,Married,Graduate,539316,657,144195,Yes,No,No,3,107,No
4954,33,Admin,Single,Graduate,490975,619,170840,Yes,No,No,3,82,No
4955,40,Unemployed,Single,Graduate,120000,786,122268,No,No,No,3,142,Yes
4956,46,Unemployed,Single,Graduate,735523,678,4880,No,No,Yes,1,122,Yes
4957,44,Management,Single,Graduate,905987,630,147973,No,No,No,1,140,No
4958,32,Student,Married,Not Graduate,675222,708,83471,No,Yes,Yes,2,114,No
4959,52,Admin,Single,Graduate,326626,705,98798,Yes,No,No,3,102,No
4960,43,Entrepreneur,Married,Graduate,562397,682,205377,No,No,No,1,75,No
4961,69,Retired,Single,Graduate,253763,666,104166,No,Yes,No,2,111,No
4962,45,Management,Single,Not Graduate,629510,677,173629,No,No,No,8,1,No
4963,49,Technician,Married,Graduate,554637,631,245986,No,Yes,No,5,90,No
4964,48,Retired,Single,Not Graduate,519877,682,207534,Yes,No,No,3,91,Yes
4965,34,Entrepreneur,Married,Graduate,644738,850,95405,Yes,No,No,5,96,Yes
4966,30,Unemployed,Married,Not Graduate,407285,685,0,No,No,No,3,84,No
4967,32,Self-Employed,Married,Graduate,225866,655,0,Yes,No,No,4,95,No
4968,49,Admin,Married,Graduate,1662261,637,252280,Yes,No,No,4,79,Yes
4969,55,Services,Married,Not Graduate,553107,660,120138,Yes,No,Yes,4,106,No
4970,43,Unemployed,Married,Graduate,620288,716,194015,Yes,Yes,No,3,98,Yes
4971,32,Management,Married,Not Graduate,530587,560,0,Yes,Yes,No,2,50,No
4972,46,Student,Married,Not Graduate,230067,738,124969,Yes,No,Yes,2,159,No
4973,44,Unemployed,Married,Graduate,568399,711,0,Yes,No,No,4,50,Yes
4974,27,Student,Married,Not Graduate,649602,692,0,No,No,No,3,127,No
4975,26,Retired,Single,Not Graduate,712179,646,119241,No,No,No,2,31,No
4976,46,Retired,Single,Not Graduate,663846,786,36529,Yes,No,No,4,1,Yes
4977,43,Retired,Single,Graduate,347319,604,208770,No,No,Yes,5,53,No
4978,52,Admin,Single,Graduate,212326,692,5269,No,No,No,4,42,Yes
4979,45,Self-Employed,Married,Graduate,845479,662,110765,No,No,Yes,4,73,Yes
4980,47,Student,Married,Graduate,660486,687,98663,Yes,No,Yes,3,98,Yes
4981,39,Unemployed,Married,Not Graduate,217935,635,38898,No,Yes,No,3,116,Yes
4982,41,Entrepreneur,Married,Not Graduate,333513,683,52616,No,No,Yes,5,86,No
4983,18,Management,Married,Not Graduate,448405,750,148858,Yes,No,No,4,42,No
4984,64,Management,Single,Graduate,314599,721,0,No,No,No,3,144,No
4985,42,Student,Married,Graduate,571383,594,0,Yes,No,No,1,1,No
4986,39,Technician,Single,Graduate,856028,712,181278,No,No,Yes,4,22,Yes
4987,52,Management,Single,Graduate,574271,790,0,No,Yes,No,1,70,No
4988,29,Technician,Married,Graduate,520196,557,203052,No,No,No,5,89,No
4989,47,Admin,Single,Graduate,428254,760,63626,No,No,No,5,96,No
4990,28,Admin,Married,Not Graduate,585401,699,187310,No,No,No,3,56,No
4991,52,Unemployed,Single,Graduate,603198,671,176107,Yes,No,Yes,1,22,No
4992,47,Admin,Married,Graduate,829555,734,72525,No,No,Yes,4,117,Yes
4993,36,Management,Divorced,Graduate,624741,695,192680,No,No,No,3,1,No
4994,45,Self-Employed,Divorced,Graduate,292130,643,229696,No,No,No,3,97,No
4996,45,Management,Married,Not Graduate,523478,677,1090,Yes,No,No,1,124,No
4997,37,Services,Married,Not Graduate,439958,850,95104,No,No,Yes,4,103,No
4998,49,Self-Employed,Married,Graduate,362696,752,199083,No,Yes,No,3,87,Yes
4999,39,Technician,Single,Graduate,1425522,638,132077,No,No,No,6,73,No
5000,18,Entrepreneur,Married,Graduate,225392,588,83471,No,No,No,4,60,No
5001,18,Unemployed,Single,Not Graduate,472765,723,194834,Yes,No,No,3,62,Yes
5002,58,Entrepreneur,Married,Graduate,344699,790,152632,No,No,No,1,81,No
5003,54,Retired,Single,Not Graduate,714758,622,159306,No,Yes,Yes,4,146,No
5004,31,Management,Married,Graduate,190945,773,94361,Yes,No,No,7,90,Yes
5005,37,Retired,Single,Graduate,426862,845,4402,No,No,No,2,32,Yes
5006,45,Services,Single,Not Graduate,466817,638,102255,No,No,No,4,95,No
5007,45,Management,Married,Not Graduate,376609,691,2916,Yes,No,Yes,3,78,No
5008,42,Admin,Single,Graduate,494823,721,83466,No,No,No,4,104,No
5009,36,Technician,Married,Graduate,330489,686,116318,Yes,No,Yes,2,4,No
5010,40,Management,Single,Graduate,732786,721,295198,Yes,Yes,No,4,54,Yes
5011,44,Technician,Married,Graduate,1010685,666,90542,No,Yes,No,3,20,No
5012,49,Unemployed,Married,Not Graduate,330778,689,254276,No,No,Yes,4,31,No
5013,39,Technician,Married,Graduate,731144,675,0,Yes,No,No,4,36,Yes
5014,43,Admin,Married,Graduate,220042,683,90548,Yes,No,No,4,40,No
5015,47,Entrepreneur,Single,Graduate,375482,607,93655,No,No,No,5,72,No
5016,40,Entrepreneur,Married,Not Graduate,591952,689,0,Yes,No,Yes,2,1,No
5017,71,Self-Employed,Married,Not Graduate,394977,850,0,Yes,No,No,2,87,Yes
5018,36,Technician,Single,Graduate,474927,646,238424,Yes,No,No,2,1,No
5019,54,Admin,Married,Graduate,259504,628,255717,No,No,No,4,112,No
5020,73,Student,Married,Graduate,918286,740,46243,No,Yes,No,2,111,Yes
5021,39,Entrepreneur,Married,Graduate,705482,712,18729,Yes,No,No,4,65,No
5022,40,Self-Employed,Married,Graduate,563833,678,0,Yes,No,No,3,167,No
5023,45,Technician,Divorced,Graduate,629183,487,0,No,No,Yes,2,10,No
5024,33,Management,Married,Graduate,512713,625,197615,No,Yes,No,2,81,Yes
5025,50,Management,Married,Graduate,385288,824,0,Yes,Yes,No,3,30,Yes
5026,49,Admin,Married,Graduate,308905,644,0,Yes,No,No,4,87,No
5027,35,Unemployed,Single,Graduate,328980,724,0,Yes,No,No,4,78,Yes
5028,35,Student,Married,Not Graduate,1137556,613,83474,No,No,No,5,48,No
5029,42,Admin,Single,Not Graduate,331897,723,62972,Yes,Yes,Yes,2,53,No
